{
    "correlations": {
        "importance": {
            "weight_composite_ranking": {
                "degree_centrality_importance": 0.12634810660320425,
                "degree_centrality_doctypebranch": 0.2148629216643503,
                "in_degree_centrality_importance": 0.263059114172059,
                "in_degree_centrality_doctypebranch": 0.27739636808305496,
                "out_degree_centrality_importance": -0.14593209584289543,
                "out_degree_centrality_doctypebranch": -0.029716960213445,
                "betweenness_centrality_importance": NaN,
                "betweenness_centrality_doctypebranch": NaN,
                "closeness_centrality_importance": 0.263059114172059,
                "closeness_centrality_doctypebranch": 0.27739636808305496,
                "core_number_importance": 0.13693180706414443,
                "core_number_doctypebranch": 0.21329001714473925,
                "relative_in_degree_centrality_importance": 0.263059114172059,
                "relative_in_degree_centrality_doctypebranch": 0.27739636808305496,
                "eigenvector_centrality_importance": 0.263059114172059,
                "eigenvector_centrality_doctypebranch": 0.27739636808305496,
                "pagerank_importance": 0.2622423229294642,
                "pagerank_doctypebranch": 0.27241571965553235,
                "hits_hub_importance": -0.14481483427279235,
                "hits_hub_doctypebranch": -0.02311261691505287,
                "hits_authority_importance": 0.09166276145566726,
                "hits_authority_doctypebranch": 0.15817592975869996,
                "harmonic_centrality_importance": 0.263059114172059,
                "harmonic_centrality_doctypebranch": 0.27739636808305496,
                "disruption_importance": 0.25752260201532523,
                "disruption_doctypebranch": 0.2664784174991821,
                "composite_importance": 0.263059114172059,
                "composite_doctypebranch": 0.27739636808305496
            }
        },
        "doctypebranch": {
            "weight_composite_ranking": {
                "degree_centrality_importance": 0.12634810660320425,
                "degree_centrality_doctypebranch": 0.2148629216643503,
                "in_degree_centrality_importance": 0.263059114172059,
                "in_degree_centrality_doctypebranch": 0.27739636808305496,
                "out_degree_centrality_importance": -0.14593209584289543,
                "out_degree_centrality_doctypebranch": -0.029716960213445,
                "betweenness_centrality_importance": NaN,
                "betweenness_centrality_doctypebranch": NaN,
                "closeness_centrality_importance": 0.263059114172059,
                "closeness_centrality_doctypebranch": 0.27739636808305496,
                "core_number_importance": 0.13693180706414443,
                "core_number_doctypebranch": 0.21329001714473925,
                "relative_in_degree_centrality_importance": 0.263059114172059,
                "relative_in_degree_centrality_doctypebranch": 0.27739636808305496,
                "eigenvector_centrality_importance": 0.263059114172059,
                "eigenvector_centrality_doctypebranch": 0.27739636808305496,
                "pagerank_importance": 0.2622423229294642,
                "pagerank_doctypebranch": 0.27241571965553235,
                "hits_hub_importance": -0.14481483427279235,
                "hits_hub_doctypebranch": -0.02311261691505287,
                "hits_authority_importance": 0.09166276145566726,
                "hits_authority_doctypebranch": 0.15817592975869996,
                "harmonic_centrality_importance": 0.263059114172059,
                "harmonic_centrality_doctypebranch": 0.27739636808305496,
                "disruption_importance": 0.25752260201532523,
                "disruption_doctypebranch": 0.2664784174991821,
                "composite_importance": 0.263059114172059,
                "composite_doctypebranch": 0.27739636808305496
            }
        }
    },
    "composite_rankings": {
        "importance": {
            "weight_composite_ranking_param": 0.01,
            "weight_composite_ranking": {
                "0": 88.0,
                "1": 88.0,
                "2": 13.5,
                "3": 88.0,
                "4": 88.0,
                "5": 88.0,
                "6": 88.0,
                "7": 88.0,
                "8": 88.0,
                "9": 88.0,
                "10": 88.0,
                "11": 88.0,
                "12": 13.5,
                "13": 88.0,
                "14": 88.0,
                "15": 88.0,
                "16": 88.0,
                "17": 88.0,
                "18": 88.0,
                "19": 88.0,
                "20": 88.0,
                "21": 88.0,
                "22": 88.0,
                "23": 88.0,
                "24": 88.0,
                "25": 88.0,
                "26": 88.0,
                "27": 88.0,
                "28": 88.0,
                "29": 88.0,
                "30": 88.0,
                "31": 88.0,
                "32": 88.0,
                "33": 88.0,
                "34": 88.0,
                "35": 88.0,
                "36": 88.0,
                "37": 88.0,
                "38": 88.0,
                "39": 88.0,
                "40": 88.0,
                "41": 88.0,
                "42": 88.0,
                "43": 88.0,
                "44": 88.0,
                "45": 88.0,
                "46": 88.0,
                "47": 88.0,
                "48": 88.0,
                "49": 88.0,
                "50": 88.0,
                "51": 88.0,
                "52": 88.0,
                "53": 88.0,
                "54": 88.0,
                "55": 88.0,
                "56": 88.0,
                "57": 88.0,
                "58": 88.0,
                "59": 88.0,
                "60": 88.0,
                "61": 88.0,
                "62": 88.0,
                "63": 88.0,
                "64": 88.0,
                "65": 88.0,
                "66": 88.0,
                "67": 13.5,
                "68": 88.0,
                "69": 13.5,
                "70": 88.0,
                "71": 88.0,
                "72": 88.0,
                "73": 88.0,
                "74": 88.0,
                "75": 88.0,
                "76": 88.0,
                "77": 88.0,
                "78": 88.0,
                "79": 88.0,
                "80": 88.0,
                "81": 88.0,
                "82": 88.0,
                "83": 88.0,
                "84": 88.0,
                "85": 88.0,
                "86": 88.0,
                "87": 88.0,
                "88": 88.0,
                "89": 13.5,
                "90": 88.0,
                "91": 88.0,
                "92": 88.0,
                "93": 13.5,
                "94": 88.0,
                "95": 88.0,
                "96": 88.0,
                "97": 13.5,
                "98": 88.0,
                "99": 1.0,
                "100": 88.0,
                "101": 88.0,
                "102": 88.0,
                "103": 88.0,
                "104": 3.5,
                "105": 3.5,
                "106": 88.0,
                "107": 88.0,
                "108": 88.0,
                "109": 13.5,
                "110": 88.0,
                "111": 88.0,
                "112": 88.0,
                "113": 88.0,
                "114": 88.0,
                "115": 88.0,
                "116": 13.5,
                "117": 13.5,
                "118": 13.5,
                "119": 88.0,
                "120": 88.0,
                "121": 88.0,
                "122": 88.0,
                "123": 88.0,
                "124": 3.5,
                "125": 88.0,
                "126": 88.0,
                "127": 13.5,
                "128": 88.0,
                "129": 88.0,
                "130": 13.5,
                "131": 88.0,
                "132": 88.0,
                "133": 88.0,
                "134": 88.0,