{
    "correlations": {
        "importance": {
            "weight_composite_ranking": {
                "degree_centrality_importance": 0.17938931802204272,
                "degree_centrality_doctypebranch": 0.16855065393086888,
                "in_degree_centrality_importance": 0.1827670173102451,
                "in_degree_centrality_doctypebranch": 0.1277114448815677,
                "out_degree_centrality_importance": 0.05228600128460085,
                "out_degree_centrality_doctypebranch": 0.10440711626208875,
                "betweenness_centrality_importance": NaN,
                "betweenness_centrality_doctypebranch": NaN,
                "closeness_centrality_importance": 0.1827670173102451,
                "closeness_centrality_doctypebranch": 0.1277114448815677,
                "core_number_importance": 0.17713856248307655,
                "core_number_doctypebranch": 0.1662434251942652,
                "relative_in_degree_centrality_importance": 0.1827670173102451,
                "relative_in_degree_centrality_doctypebranch": 0.1277114448815677,
                "eigenvector_centrality_importance": 0.1827670173102451,
                "eigenvector_centrality_doctypebranch": 0.1277114448815677,
                "pagerank_importance": 0.18409095968270564,
                "pagerank_doctypebranch": 0.12912871838641612,
                "hits_hub_importance": 0.10059831637259442,
                "hits_hub_doctypebranch": 0.027802127904647443,
                "hits_authority_importance": -0.05519156768449894,
                "hits_authority_doctypebranch": -0.027657629298077264,
                "harmonic_centrality_importance": 0.1827670173102451,
                "harmonic_centrality_doctypebranch": 0.1277114448815677,
                "disruption_importance": 0.18553775782017898,
                "disruption_doctypebranch": 0.1303958460172533,
                "composite_importance": 0.18409095968270564,
                "composite_doctypebranch": 0.12912871838641612
            }
        },
        "doctypebranch": {
            "weight_composite_ranking": {
                "degree_centrality_importance": 0.17938931802204272,
                "degree_centrality_doctypebranch": 0.16855065393086888,
                "in_degree_centrality_importance": 0.1827670173102451,
                "in_degree_centrality_doctypebranch": 0.1277114448815677,
                "out_degree_centrality_importance": 0.05228600128460085,
                "out_degree_centrality_doctypebranch": 0.10440711626208875,
                "betweenness_centrality_importance": NaN,
                "betweenness_centrality_doctypebranch": NaN,
                "closeness_centrality_importance": 0.1827670173102451,
                "closeness_centrality_doctypebranch": 0.1277114448815677,
                "core_number_importance": 0.17713856248307655,
                "core_number_doctypebranch": 0.1662434251942652,
                "relative_in_degree_centrality_importance": 0.1827670173102451,
                "relative_in_degree_centrality_doctypebranch": 0.1277114448815677,
                "eigenvector_centrality_importance": 0.1827670173102451,
                "eigenvector_centrality_doctypebranch": 0.1277114448815677,
                "pagerank_importance": 0.18409095968270564,
                "pagerank_doctypebranch": 0.12912871838641612,
                "hits_hub_importance": 0.10059831637259442,
                "hits_hub_doctypebranch": 0.027802127904647443,
                "hits_authority_importance": -0.05519156768449894,
                "hits_authority_doctypebranch": -0.027657629298077264,
                "harmonic_centrality_importance": 0.1827670173102451,
                "harmonic_centrality_doctypebranch": 0.1277114448815677,
                "disruption_importance": 0.18553775782017898,
                "disruption_doctypebranch": 0.1303958460172533,
                "composite_importance": 0.179546021839525,
                "composite_doctypebranch": 0.16834289404951466
            }
        }
    },
    "composite_rankings": {
        "importance": {
            "weight_composite_ranking_param": 0.01,
            "weight_composite_ranking": {
                "0": 120.5,
                "1": 120.5,
                "2": 120.5,
                "3": 120.5,
                "4": 120.5,
                "5": 120.5,
                "6": 120.5,
                "7": 120.5,
                "8": 120.5,
                "9": 120.5,
                "10": 120.5,
                "11": 120.5,
                "12": 120.5,
                "13": 120.5,
                "14": 120.5,
                "15": 120.5,
                "16": 120.5,
                "17": 120.5,
                "18": 120.5,
                "19": 120.5,
                "20": 120.5,
                "21": 120.5,
                "22": 120.5,
                "23": 120.5,
                "24": 120.5,
                "25": 120.5,
                "26": 120.5,
                "27": 120.5,
                "28": 120.5,
                "29": 120.5,
                "30": 120.5,
                "31": 120.5,
                "32": 120.5,
                "33": 9.465,
                "34": 120.5,
                "35": 120.5,
                "36": 120.5,
                "37": 120.5,
                "38": 120.5,
                "39": 120.5,
                "40": 120.5,
                "41": 120.5,
                "42": 120.5,
                "43": 120.5,
                "44": 120.5,
                "45": 120.5,
                "46": 120.5,
                "47": 120.5,
                "48": 120.5,
                "49": 120.5,
                "50": 120.5,
                "51": 120.5,
                "52": 120.5,
                "53": 120.5,
                "54": 120.5,
                "55": 120.5,
                "56": 120.5,
                "57": 120.5,
                "58": 120.5,
                "59": 120.5,
                "60": 120.5,
                "61": 120.5,
                "62": 120.5,
                "63": 120.5,
                "64": 120.5,
                "65": 120.5,
                "66": 120.5,
                "67": 120.5,
                "68": 120.5,
                "69": 120.5,
                "70": 120.5,
                "71": 120.5,
                "72": 120.5,
                "73": 120.5,
                "74": 120.5,
                "75": 120.5,
                "76": 120.5,
                "77": 120.5,
                "78": 120.5,
                "79": 120.5,
                "80": 120.5,
                "81": 120.5,
                "82": 120.5,
                "83": 4.515,
                "84": 120.5,
                "85": 120.5,
                "86": 120.5,
                "87": 120.5,
                "88": 120.5,
                "89": 120.5,
                "90": 120.5,
                "91": 120.5,
                "92": 120.5,
                "93": 120.5,
                "94": 120.5,
                "95": 120.5,
                "96": 120.5,
                "97": 120.5,
                "98": 120.5,
                "99": 120.5,
                "100": 120.5,
                "101": 120.5,
                "102": 120.5,
                "103": 120.5,
                "104": 120.5,
                "105": 120.5,
                "106": 120.5,
                "107": 120.5,
                "108": 120.5,
                "109": 120.5,
                "110": 120.5,
                "111": 120.5,
                "112": 120.5,
                "113": 120.5,
                "114": 120.5,
                "115": 120.5,
                "116": 120.5,
                "117": 120.5,
                "118": 120.5,
                "119": 120.5,
                "120": 120.5,
                "121": 120.5,
                "122": 120.5,
                "123": 120.5,
                "124": 120.5,
                "125": 120.5,
                "126": 120.5,
                "127": 120.5,
                "128": 120.5,
                "129": 120.5,