{
    "correlations": {
        "importance": {
            "weight_composite_ranking": {
                "degree_centrality_importance": 0.23607598936874294,
                "degree_centrality_doctypebranch": 0.15386404445651225,
                "in_degree_centrality_importance": 0.37732528240208535,
                "in_degree_centrality_doctypebranch": 0.18433139690350236,
                "out_degree_centrality_importance": -0.14131528793415307,
                "out_degree_centrality_doctypebranch": -0.0068781042986245065,
                "betweenness_centrality_importance": NaN,
                "betweenness_centrality_doctypebranch": NaN,
                "closeness_centrality_importance": 0.37732528240208535,
                "closeness_centrality_doctypebranch": 0.18433139690350236,
                "core_number_importance": 0.24571398475342537,
                "core_number_doctypebranch": 0.148773744244113,
                "relative_in_degree_centrality_importance": 0.37732528240208535,
                "relative_in_degree_centrality_doctypebranch": 0.18433139690350236,
                "eigenvector_centrality_importance": 0.37732528240208535,
                "eigenvector_centrality_doctypebranch": 0.18433139690350236,
                "pagerank_importance": 0.37866456226651873,
                "pagerank_doctypebranch": 0.18195690041538476,
                "hits_hub_importance": -0.07065531045285119,
                "hits_hub_doctypebranch": -0.003438938572398822,
                "hits_authority_importance": 0.19150670608466472,
                "hits_authority_doctypebranch": 0.1692103395055672,
                "harmonic_centrality_importance": 0.37732528240208535,
                "harmonic_centrality_doctypebranch": 0.18433139690350236,
                "disruption_importance": 0.37601189101754623,
                "disruption_doctypebranch": 0.17603069656056147,
                "composite_importance": 0.37866456226651873,
                "composite_doctypebranch": 0.18615726830148602
            }
        },
        "doctypebranch": {
            "weight_composite_ranking": {
                "degree_centrality_importance": 0.23607598936874294,
                "degree_centrality_doctypebranch": 0.15386404445651225,
                "in_degree_centrality_importance": 0.37732528240208535,
                "in_degree_centrality_doctypebranch": 0.18433139690350236,
                "out_degree_centrality_importance": -0.14131528793415307,
                "out_degree_centrality_doctypebranch": -0.0068781042986245065,
                "betweenness_centrality_importance": NaN,
                "betweenness_centrality_doctypebranch": NaN,
                "closeness_centrality_importance": 0.37732528240208535,
                "closeness_centrality_doctypebranch": 0.18433139690350236,
                "core_number_importance": 0.24571398475342537,
                "core_number_doctypebranch": 0.148773744244113,
                "relative_in_degree_centrality_importance": 0.37732528240208535,
                "relative_in_degree_centrality_doctypebranch": 0.18433139690350236,
                "eigenvector_centrality_importance": 0.37732528240208535,
                "eigenvector_centrality_doctypebranch": 0.18433139690350236,
                "pagerank_importance": 0.37866456226651873,
                "pagerank_doctypebranch": 0.18195690041538476,
                "hits_hub_importance": -0.07065531045285119,
                "hits_hub_doctypebranch": -0.003438938572398822,
                "hits_authority_importance": 0.19150670608466472,
                "hits_authority_doctypebranch": 0.1692103395055672,
                "harmonic_centrality_importance": 0.37732528240208535,
                "harmonic_centrality_doctypebranch": 0.18433139690350236,
                "disruption_importance": 0.37601189101754623,
                "disruption_doctypebranch": 0.17603069656056147,
                "composite_importance": 0.37732528240208535,
                "composite_doctypebranch": 0.18433139690350236
            }
        }
    },
    "composite_rankings": {
        "importance": {
            "weight_composite_ranking_param": 0.01,
            "weight_composite_ranking": {
                "0": 50.0,
                "1": 50.0,
                "2": 50.0,
                "3": 50.0,
                "4": 50.0,
                "5": 50.0,
                "6": 50.0,
                "7": 50.0,
                "8": 50.0,
                "9": 50.0,
                "10": 50.0,
                "11": 50.0,
                "12": 50.0,
                "13": 50.0,
                "14": 50.0,
                "15": 50.0,
                "16": 50.0,
                "17": 50.0,
                "18": 5.989999999999999,
                "19": 50.0,
                "20": 50.0,
                "21": 50.0,
                "22": 50.0,
                "23": 50.0,
                "24": 50.0,
                "25": 50.0,
                "26": 50.0,
                "27": 50.0,
                "28": 50.0,
                "29": 50.0,
                "30": 50.0,
                "31": 50.0,
                "32": 50.0,
                "33": 50.0,
                "34": 50.0,
                "35": 50.0,
                "36": 50.0,
                "37": 50.0,
                "38": 50.0,
                "39": 50.0,
                "40": 50.0,
                "41": 50.0,
                "42": 50.0,
                "43": 50.0,
                "44": 50.0,
                "45": 50.0,
                "46": 50.0,
                "47": 50.0,
                "48": 50.0,
                "49": 50.0,
                "50": 50.0,
                "51": 50.0,
                "52": 50.0,
                "53": 50.0,
                "54": 50.0,
                "55": 50.0,
                "56": 50.0,
                "57": 50.0,
                "58": 50.0,
                "59": 6.0249999999999995,
                "60": 50.0,
                "61": 50.0,
                "62": 50.0,
                "63": 50.0,
                "64": 50.0,
                "65": 50.0,
                "66": 50.0,
                "67": 50.0,
                "68": 50.0,
                "69": 50.0,
                "70": 6.0249999999999995,
                "71": 6.0249999999999995,
                "72": 50.0,
                "73": 50.0,
                "74": 50.0,
                "75": 50.0,
                "76": 50.0,
                "77": 5.989999999999999,
                "78": 5.989999999999999,
                "79": 50.0,
                "80": 50.0,
                "81": 50.0,
                "82": 5.954999999999999,
                "83": 50.0,
                "84": 50.0,
                "85": 1.02,
                "86": 5.954999999999999,
                "87": 50.0,
                "88": 6.0249999999999995
            }
        },
        "doctypebranch": {
            "weight_composite_ranking_param": 0.01,
            "weight_composite_ranking": {
                "0": 50.0,
                "1": 50.0,
                "2": 50.0,
                "3": 50.0,
                "4": 50.0,
                "5": 50.0,
                "6": 50.0,
                "7": 50.0,
                "8": 50.0,
                "9": 50.0,
                "10": 50.0,
                "11": 50.0,
                "12": 50.0,
                "13": 50.0,
                "14": 50.0,
                "15": 50.0,
                "16": 50.0,
                "17": 50.0,
                "18": 5.999999999999999,
                "19": 50.0,
                "20": 50.0,
                "21": 50.0,
                "22": 50.0,
                "23": 50.0,
                "24": 50.0,
                "25": 50.0,
                "26": 50.0,
                "27": 50.0,
                "28": 50.0,
                "29": 50.0,
                "30": 50.0,
                "31": 50.0,
                "32": 50.0,
                "33": 50.0,
                "34": 50.0,
                "35": 50.0,