{
    "correlations": {
        "importance": {
            "weight_composite_ranking": {
                "degree_centrality_importance": 0.16091670316431606,
                "degree_centrality_doctypebranch": 0.1826593600856559,
                "in_degree_centrality_importance": 0.21748621096264384,
                "in_degree_centrality_doctypebranch": 0.28500118601067315,
                "out_degree_centrality_importance": 0.01883336116345297,
                "out_degree_centrality_doctypebranch": -0.009043880372013766,
                "betweenness_centrality_importance": 0.08360171835451684,
                "betweenness_centrality_doctypebranch": 0.15215092876265876,
                "closeness_centrality_importance": 0.21776588237215275,
                "closeness_centrality_doctypebranch": 0.28532633110524114,
                "core_number_importance": 0.16350835777846354,
                "core_number_doctypebranch": 0.1750695438900736,
                "relative_in_degree_centrality_importance": 0.21748621096264384,
                "relative_in_degree_centrality_doctypebranch": 0.28500118601067315,
                "eigenvector_centrality_importance": 0.21776588237215275,
                "eigenvector_centrality_doctypebranch": 0.28532633110524114,
                "pagerank_importance": 0.21956577747496578,
                "pagerank_doctypebranch": 0.284959720116654,
                "hits_hub_importance": 0.10624047582799967,
                "hits_hub_doctypebranch": 0.05668030547427688,
                "hits_authority_importance": 0.056448108050330896,
                "hits_authority_doctypebranch": 0.14613705702817156,
                "harmonic_centrality_importance": 0.21776588237215275,
                "harmonic_centrality_doctypebranch": 0.28532633110524114,
                "disruption_importance": 0.2189950869076336,
                "disruption_doctypebranch": 0.2797412812972088,
                "composite_importance": 0.21912103433368427,
                "composite_doctypebranch": 0.28362043586055075
            }
        },
        "doctypebranch": {
            "weight_composite_ranking": {
                "degree_centrality_importance": 0.16091670316431606,
                "degree_centrality_doctypebranch": 0.1826593600856559,
                "in_degree_centrality_importance": 0.21748621096264384,
                "in_degree_centrality_doctypebranch": 0.28500118601067315,
                "out_degree_centrality_importance": 0.01883336116345297,
                "out_degree_centrality_doctypebranch": -0.009043880372013766,
                "betweenness_centrality_importance": 0.08360171835451684,
                "betweenness_centrality_doctypebranch": 0.15215092876265876,
                "closeness_centrality_importance": 0.21776588237215275,
                "closeness_centrality_doctypebranch": 0.28532633110524114,
                "core_number_importance": 0.16350835777846354,
                "core_number_doctypebranch": 0.1750695438900736,
                "relative_in_degree_centrality_importance": 0.21748621096264384,
                "relative_in_degree_centrality_doctypebranch": 0.28500118601067315,
                "eigenvector_centrality_importance": 0.21776588237215275,
                "eigenvector_centrality_doctypebranch": 0.28532633110524114,
                "pagerank_importance": 0.21956577747496578,
                "pagerank_doctypebranch": 0.284959720116654,
                "hits_hub_importance": 0.10624047582799967,
                "hits_hub_doctypebranch": 0.05668030547427688,
                "hits_authority_importance": 0.056448108050330896,
                "hits_authority_doctypebranch": 0.14613705702817156,
                "harmonic_centrality_importance": 0.21776588237215275,
                "harmonic_centrality_doctypebranch": 0.28532633110524114,
                "disruption_importance": 0.2189950869076336,
                "disruption_doctypebranch": 0.2797412812972088,
                "composite_importance": 0.21776588237215275,
                "composite_doctypebranch": 0.28532633110524114
            }
        }
    },
    "composite_rankings": {
        "importance": {
            "weight_composite_ranking_param": 0.01,
            "weight_composite_ranking": {
                "0": 86.5,
                "1": 86.5,
                "2": 86.5,
                "3": 86.5,
                "4": 86.5,
                "5": 86.5,
                "6": 86.5,
                "7": 86.5,
                "8": 86.5,
                "9": 86.5,
                "10": 86.5,
                "11": 86.5,
                "12": 86.5,
                "13": 86.5,
                "14": 86.5,
                "15": 86.5,
                "16": 86.5,
                "17": 86.5,
                "18": 8.04,
                "19": 86.5,
                "20": 86.5,
                "21": 86.5,
                "22": 86.5,
                "23": 86.5,
                "24": 86.5,
                "25": 86.5,
                "26": 86.5,
                "27": 86.5,
                "28": 86.5,
                "29": 86.5,
                "30": 86.5,
                "31": 86.5,
                "32": 86.5,
                "33": 86.5,
                "34": 86.5,
                "35": 86.5,
                "36": 86.5,
                "37": 86.5,
                "38": 86.5,
                "39": 86.5,
                "40": 7.96,
                "41": 86.5,
                "42": 86.5,
                "43": 86.5,
                "44": 86.5,
                "45": 86.5,
                "46": 86.5,
                "47": 86.5,
                "48": 86.5,
                "49": 86.5,
                "50": 86.5,
                "51": 86.5,
                "52": 86.5,
                "53": 86.5,
                "54": 86.5,
                "55": 86.5,
                "56": 86.5,
                "57": 86.5,
                "58": 86.5,
                "59": 86.5,
                "60": 86.5,
                "61": 86.5,
                "62": 86.5,
                "63": 86.5,
                "64": 86.5,
                "65": 86.5,
                "66": 86.5,
                "67": 86.5,
                "68": 86.5,
                "69": 86.5,
                "70": 86.5,
                "71": 86.5,
                "72": 86.5,
                "73": 86.5,
                "74": 86.5,
                "75": 86.5,
                "76": 86.5,
                "77": 86.5,
                "78": 86.5,
                "79": 7.99,
                "80": 86.5,
                "81": 86.5,
                "82": 8.04,
                "83": 86.5,
                "84": 86.5,
                "85": 86.5,
                "86": 86.5,
                "87": 86.5,
                "88": 86.5,
                "89": 7.975,
                "90": 15.959999999999999,
                "91": 86.5,
                "92": 86.5,
                "93": 86.5,
                "94": 86.5,
                "95": 86.5,
                "96": 86.5,
                "97": 86.5,
                "98": 86.5,
                "99": 86.5,
                "100": 86.5,
                "101": 86.5,
                "102": 8.04,
                "103": 86.5,
                "104": 86.5,
                "105": 86.5,
                "106": 86.5,
                "107": 86.5,
                "108": 86.5,
                "109": 86.5,
                "110": 86.5,
                "111": 86.5,
                "112": 86.5,
                "113": 8.04,
                "114": 8.04,
                "115": 86.5,
                "116": 86.5,
                "117": 86.5,
                "118": 86.5,
                "119": 8.04,
                "120": 86.5,
                "121": 86.5,
                "122": 86.5,
                "123": 86.5,
                "124": 8.04,
                "125": 86.5,
                "126": 7.975,
                "127": 86.5,
                "128": 86.5,
                "129": 86.5,
                "130": 86.5,