{
    "correlations": {
        "importance": {
            "weight_composite_ranking": {
                "degree_centrality_importance": 0.14363671286138954,
                "degree_centrality_doctypebranch": 0.09619105835745959,
                "in_degree_centrality_importance": 0.1903600443347622,
                "in_degree_centrality_doctypebranch": 0.17887641088885364,
                "out_degree_centrality_importance": -0.024780599177237995,
                "out_degree_centrality_doctypebranch": -0.08818257082181055,
                "betweenness_centrality_importance": NaN,
                "betweenness_centrality_doctypebranch": NaN,
                "closeness_centrality_importance": 0.1903600443347622,
                "closeness_centrality_doctypebranch": 0.17887641088885364,
                "core_number_importance": 0.1459848102671197,
                "core_number_doctypebranch": 0.10058542281574556,
                "relative_in_degree_centrality_importance": 0.1903600443347622,
                "relative_in_degree_centrality_doctypebranch": 0.17887641088885364,
                "eigenvector_centrality_importance": 0.1903600443347622,
                "eigenvector_centrality_doctypebranch": 0.17887641088885364,
                "pagerank_importance": 0.18981068499762502,
                "pagerank_doctypebranch": 0.17870582226517093,
                "hits_hub_importance": -0.024780498162841644,
                "hits_hub_doctypebranch": -0.08818221135878479,
                "hits_authority_importance": -0.0039017907709495256,
                "hits_authority_doctypebranch": 0.028432360677738473,
                "harmonic_centrality_importance": 0.1903600443347622,
                "harmonic_centrality_doctypebranch": 0.17887641088885364,
                "disruption_importance": 0.19150200592636055,
                "disruption_doctypebranch": 0.18016694310287681,
                "composite_importance": 0.1903600443347622,
                "composite_doctypebranch": 0.17887641088885364
            }
        },
        "doctypebranch": {
            "weight_composite_ranking": {
                "degree_centrality_importance": 0.14363671286138954,
                "degree_centrality_doctypebranch": 0.09619105835745959,
                "in_degree_centrality_importance": 0.1903600443347622,
                "in_degree_centrality_doctypebranch": 0.17887641088885364,
                "out_degree_centrality_importance": -0.024780599177237995,
                "out_degree_centrality_doctypebranch": -0.08818257082181055,
                "betweenness_centrality_importance": NaN,
                "betweenness_centrality_doctypebranch": NaN,
                "closeness_centrality_importance": 0.1903600443347622,
                "closeness_centrality_doctypebranch": 0.17887641088885364,
                "core_number_importance": 0.1459848102671197,
                "core_number_doctypebranch": 0.10058542281574556,
                "relative_in_degree_centrality_importance": 0.1903600443347622,
                "relative_in_degree_centrality_doctypebranch": 0.17887641088885364,
                "eigenvector_centrality_importance": 0.1903600443347622,
                "eigenvector_centrality_doctypebranch": 0.17887641088885364,
                "pagerank_importance": 0.18981068499762502,
                "pagerank_doctypebranch": 0.17870582226517093,
                "hits_hub_importance": -0.024780498162841644,
                "hits_hub_doctypebranch": -0.08818221135878479,
                "hits_authority_importance": -0.0039017907709495256,
                "hits_authority_doctypebranch": 0.028432360677738473,
                "harmonic_centrality_importance": 0.1903600443347622,
                "harmonic_centrality_doctypebranch": 0.17887641088885364,
                "disruption_importance": 0.19150200592636055,
                "disruption_doctypebranch": 0.18016694310287681,
                "composite_importance": 0.1903600443347622,
                "composite_doctypebranch": 0.17887641088885364
            }
        }
    },
    "composite_rankings": {
        "importance": {
            "weight_composite_ranking_param": 0.01,
            "weight_composite_ranking": {
                "0": 118.0,
                "1": 118.0,
                "2": 118.0,
                "3": 118.0,
                "4": 118.0,
                "5": 1.545,
                "6": 118.0,
                "7": 118.0,
                "8": 118.0,
                "9": 118.0,
                "10": 118.0,
                "11": 118.0,
                "12": 118.0,
                "13": 118.0,
                "14": 118.0,
                "15": 118.0,
                "16": 118.0,
                "17": 118.0,
                "18": 118.0,
                "19": 118.0,
                "20": 118.0,
                "21": 118.0,
                "22": 118.0,
                "23": 118.0,
                "24": 118.0,
                "25": 118.0,
                "26": 118.0,
                "27": 118.0,
                "28": 118.0,
                "29": 118.0,
                "30": 118.0,
                "31": 118.0,
                "32": 118.0,
                "33": 118.0,
                "34": 118.0,
                "35": 118.0,
                "36": 118.0,
                "37": 118.0,
                "38": 118.0,
                "39": 118.0,
                "40": 118.0,
                "41": 118.0,
                "42": 118.0,
                "43": 118.0,
                "44": 118.0,
                "45": 118.0,
                "46": 118.0,
                "47": 118.0,
                "48": 118.0,
                "49": 118.0,
                "50": 118.0,
                "51": 118.0,
                "52": 118.0,
                "53": 118.0,
                "54": 118.0,
                "55": 118.0,
                "56": 118.0,
                "57": 118.0,
                "58": 118.0,
                "59": 118.0,
                "60": 118.0,
                "61": 118.0,
                "62": 118.0,
                "63": 118.0,
                "64": 118.0,
                "65": 118.0,
                "66": 118.0,
                "67": 118.0,
                "68": 118.0,
                "69": 118.0,
                "70": 118.0,
                "71": 118.0,
                "72": 118.0,
                "73": 118.0,
                "74": 118.0,
                "75": 118.0,
                "76": 118.0,
                "77": 118.0,
                "78": 118.0,
                "79": 118.0,
                "80": 118.0,
                "81": 118.0,
                "82": 118.0,
                "83": 118.0,
                "84": 118.0,
                "85": 118.0,
                "86": 118.0,
                "87": 118.0,
                "88": 118.0,
                "89": 118.0,
                "90": 118.0,
                "91": 118.0,
                "92": 118.0,
                "93": 118.0,
                "94": 118.0,
                "95": 118.0,
                "96": 118.0,
                "97": 118.0,
                "98": 118.0,
                "99": 118.0,
                "100": 118.0,
                "101": 118.0,
                "102": 118.0,
                "103": 118.0,
                "104": 118.0,
                "105": 118.0,
                "106": 118.0,
                "107": 118.0,
                "108": 118.0,
                "109": 118.0,
                "110": 118.0,
                "111": 118.0,
                "112": 118.0,
                "113": 118.0,
                "114": 6.989999999999999,
                "115": 118.0,
                "116": 118.0,
                "117": 118.0,
                "118": 118.0,
                "119": 118.0,
                "120": 118.0,
                "121": 118.0,
                "122": 118.0,
                "123": 118.0,
                "124": 118.0,
                "125": 118.0,
                "126": 118.0,
                "127": 118.0,
                "128": 118.0,