{
    "correlations": {
        "importance": {
            "weight_composite_ranking": {
                "degree_centrality_importance": 0.10654222265201098,
                "degree_centrality_doctypebranch": 0.1360454853262509,
                "in_degree_centrality_importance": 0.286904889128032,
                "in_degree_centrality_doctypebranch": 0.30010744135767636,
                "out_degree_centrality_importance": -0.21506989524829662,
                "out_degree_centrality_doctypebranch": -0.186829738380102,
                "betweenness_centrality_importance": NaN,
                "betweenness_centrality_doctypebranch": NaN,
                "closeness_centrality_importance": 0.286904889128032,
                "closeness_centrality_doctypebranch": 0.30010744135767636,
                "core_number_importance": 0.11298630195274471,
                "core_number_doctypebranch": 0.14382910613456254,
                "relative_in_degree_centrality_importance": 0.286904889128032,
                "relative_in_degree_centrality_doctypebranch": 0.30010744135767636,
                "eigenvector_centrality_importance": 0.286904889128032,
                "eigenvector_centrality_doctypebranch": 0.30010744135767636,
                "pagerank_importance": 0.28928624927652297,
                "pagerank_doctypebranch": 0.2980825750127031,
                "hits_hub_importance": -0.17884742223668765,
                "hits_hub_doctypebranch": -0.1401177062798736,
                "hits_authority_importance": 0.16009708142683773,
                "hits_authority_doctypebranch": 0.18460000750597122,
                "harmonic_centrality_importance": 0.286904889128032,
                "harmonic_centrality_doctypebranch": 0.30010744135767636,
                "disruption_importance": 0.28810639628124235,
                "disruption_doctypebranch": 0.2995485096715997,
                "composite_importance": 0.28928624927652297,
                "composite_doctypebranch": 0.2980825750127031
            }
        },
        "doctypebranch": {
            "weight_composite_ranking": {
                "degree_centrality_importance": 0.10654222265201098,
                "degree_centrality_doctypebranch": 0.1360454853262509,
                "in_degree_centrality_importance": 0.286904889128032,
                "in_degree_centrality_doctypebranch": 0.30010744135767636,
                "out_degree_centrality_importance": -0.21506989524829662,
                "out_degree_centrality_doctypebranch": -0.186829738380102,
                "betweenness_centrality_importance": NaN,
                "betweenness_centrality_doctypebranch": NaN,
                "closeness_centrality_importance": 0.286904889128032,
                "closeness_centrality_doctypebranch": 0.30010744135767636,
                "core_number_importance": 0.11298630195274471,
                "core_number_doctypebranch": 0.14382910613456254,
                "relative_in_degree_centrality_importance": 0.286904889128032,
                "relative_in_degree_centrality_doctypebranch": 0.30010744135767636,
                "eigenvector_centrality_importance": 0.286904889128032,
                "eigenvector_centrality_doctypebranch": 0.30010744135767636,
                "pagerank_importance": 0.28928624927652297,
                "pagerank_doctypebranch": 0.2980825750127031,
                "hits_hub_importance": -0.17884742223668765,
                "hits_hub_doctypebranch": -0.1401177062798736,
                "hits_authority_importance": 0.16009708142683773,
                "hits_authority_doctypebranch": 0.18460000750597122,
                "harmonic_centrality_importance": 0.286904889128032,
                "harmonic_centrality_doctypebranch": 0.30010744135767636,
                "disruption_importance": 0.28810639628124235,
                "disruption_doctypebranch": 0.2995485096715997,
                "composite_importance": 0.286904889128032,
                "composite_doctypebranch": 0.30010744135767636
            }
        }
    },
    "composite_rankings": {
        "importance": {
            "weight_composite_ranking_param": 0.01,
            "weight_composite_ranking": {
                "0": 81.0,
                "1": 81.0,
                "2": 81.0,
                "3": 81.0,
                "4": 81.0,
                "5": 81.0,
                "6": 81.0,
                "7": 81.0,
                "8": 81.0,
                "9": 81.0,
                "10": 81.0,
                "11": 81.0,
                "12": 81.0,
                "13": 81.0,
                "14": 81.0,
                "15": 81.0,
                "16": 81.0,
                "17": 81.0,
                "18": 81.0,
                "19": 81.0,
                "20": 81.0,
                "21": 81.0,
                "22": 9.99,
                "23": 81.0,
                "24": 81.0,
                "25": 81.0,
                "26": 81.0,
                "27": 81.0,
                "28": 81.0,
                "29": 81.0,
                "30": 81.0,
                "31": 81.0,
                "32": 81.0,
                "33": 81.0,
                "34": 81.0,
                "35": 81.0,
                "36": 81.0,
                "37": 81.0,
                "38": 81.0,
                "39": 81.0,
                "40": 81.0,
                "41": 81.0,
                "42": 81.0,
                "43": 81.0,
                "44": 81.0,
                "45": 81.0,
                "46": 81.0,
                "47": 81.0,
                "48": 81.0,
                "49": 81.0,
                "50": 81.0,
                "51": 81.0,
                "52": 81.0,
                "53": 81.0,
                "54": 81.0,
                "55": 81.0,
                "56": 81.0,
                "57": 81.0,
                "58": 81.0,
                "59": 81.0,
                "60": 81.0,
                "61": 81.0,
                "62": 81.0,
                "63": 9.91,
                "64": 81.0,
                "65": 9.950000000000001,
                "66": 81.0,
                "67": 81.0,
                "68": 81.0,
                "69": 81.0,
                "70": 10.02,
                "71": 81.0,
                "72": 81.0,
                "73": 81.0,
                "74": 81.0,
                "75": 81.0,
                "76": 81.0,
                "77": 81.0,
                "78": 81.0,
                "79": 10.07,
                "80": 81.0,
                "81": 81.0,
                "82": 81.0,
                "83": 81.0,
                "84": 81.0,
                "85": 81.0,
                "86": 81.0,
                "87": 81.0,
                "88": 81.0,
                "89": 10.02,
                "90": 81.0,
                "91": 81.0,
                "92": 81.0,
                "93": 81.0,
                "94": 81.0,
                "95": 81.0,
                "96": 81.0,
                "97": 81.0,
                "98": 81.0,
                "99": 81.0,
                "100": 81.0,
                "101": 10.07,
                "102": 81.0,
                "103": 10.02,
                "104": 81.0,
                "105": 10.07,
                "106": 81.0,
                "107": 81.0,
                "108": 81.0,
                "109": 81.0,
                "110": 81.0,
                "111": 81.0,
                "112": 9.99,
                "113": 81.0,
                "114": 81.0,
                "115": 81.0,
                "116": 81.0,
                "117": 81.0,
                "118": 81.0,
                "119": 9.94,
                "120": 81.0,
                "121": 81.0,
                "122": 81.0,
                "123": 10.07,
                "124": 10.040000000000001,
                "125": 81.0,
                "126": 81.0,
                "127": 81.0,
                "128": 81.0,
                "129": 81.0,
                "130": 81.0,
                "131": 81.0,
                "132": 9.96,
                "133": 9.925,