{
    "correlations": {
        "importance": {
            "weight_composite_ranking": {
                "degree_centrality_importance": 0.22089382619564074,
                "degree_centrality_doctypebranch": 0.2206788114682846,
                "in_degree_centrality_importance": 0.24579685433043955,
                "in_degree_centrality_doctypebranch": 0.2191131161973057,
                "out_degree_centrality_importance": 0.0013999230494961858,
                "out_degree_centrality_doctypebranch": 0.04746098513829389,
                "betweenness_centrality_importance": -0.01393414826350148,
                "betweenness_centrality_doctypebranch": 0.028402569681697364,
                "closeness_centrality_importance": 0.24885469232852006,
                "closeness_centrality_doctypebranch": 0.2182202308186677,
                "core_number_importance": 0.21201108683634368,
                "core_number_doctypebranch": 0.21580840084360137,
                "relative_in_degree_centrality_importance": 0.24579685433043955,
                "relative_in_degree_centrality_doctypebranch": 0.2191131161973057,
                "eigenvector_centrality_importance": 0.24450812390831184,
                "eigenvector_centrality_doctypebranch": 0.21186160297976098,
                "pagerank_importance": 0.24075305405931738,
                "pagerank_doctypebranch": 0.2166793210410507,
                "hits_hub_importance": -0.00323784320672233,
                "hits_hub_doctypebranch": 0.03889625851531,
                "hits_authority_importance": 0.20989482897730902,
                "hits_authority_doctypebranch": 0.2797054085454873,
                "harmonic_centrality_importance": 0.24813232183198677,
                "harmonic_centrality_doctypebranch": 0.21822113820256106,
                "disruption_importance": 0.2065443342172355,
                "disruption_doctypebranch": 0.1370980996820121,
                "composite_importance": 0.24909947920949435,
                "composite_doctypebranch": 0.21854882485711302
            }
        },
        "doctypebranch": {
            "weight_composite_ranking": {
                "degree_centrality_importance": 0.22089382619564074,
                "degree_centrality_doctypebranch": 0.2206788114682846,
                "in_degree_centrality_importance": 0.24579685433043955,
                "in_degree_centrality_doctypebranch": 0.2191131161973057,
                "out_degree_centrality_importance": 0.0013999230494961858,
                "out_degree_centrality_doctypebranch": 0.04746098513829389,
                "betweenness_centrality_importance": -0.01393414826350148,
                "betweenness_centrality_doctypebranch": 0.028402569681697364,
                "closeness_centrality_importance": 0.24885469232852006,
                "closeness_centrality_doctypebranch": 0.2182202308186677,
                "core_number_importance": 0.21201108683634368,
                "core_number_doctypebranch": 0.21580840084360137,
                "relative_in_degree_centrality_importance": 0.24579685433043955,
                "relative_in_degree_centrality_doctypebranch": 0.2191131161973057,
                "eigenvector_centrality_importance": 0.24450812390831184,
                "eigenvector_centrality_doctypebranch": 0.21186160297976098,
                "pagerank_importance": 0.24075305405931738,
                "pagerank_doctypebranch": 0.2166793210410507,
                "hits_hub_importance": -0.00323784320672233,
                "hits_hub_doctypebranch": 0.03889625851531,
                "hits_authority_importance": 0.20989482897730902,
                "hits_authority_doctypebranch": 0.2797054085454873,
                "harmonic_centrality_importance": 0.24813232183198677,
                "harmonic_centrality_doctypebranch": 0.21822113820256106,
                "disruption_importance": 0.2065443342172355,
                "disruption_doctypebranch": 0.1370980996820121,
                "composite_importance": 0.2517666937857803,
                "composite_doctypebranch": 0.30126817446190124
            }
        }
    },
    "composite_rankings": {
        "importance": {
            "weight_composite_ranking_param": 0.67,
            "weight_composite_ranking": {
                "0": 122.5,
                "1": 122.5,
                "2": 122.5,
                "3": 122.5,
                "4": 122.5,
                "5": 2.0,
                "6": 9.0,
                "7": 16.68,
                "8": 5.67,
                "9": 1.0,
                "10": 5.33,
                "11": 38.0,
                "12": 122.5,
                "13": 48.5,
                "14": 122.5,
                "15": 48.5,
                "16": 122.5,
                "17": 16.165,
                "18": 10.67,
                "19": 32.33,
                "20": 24.66,
                "21": 122.5,
                "22": 4.0,
                "23": 3.0,
                "24": 122.5,
                "25": 48.5,
                "26": 122.5,
                "27": 48.5,
                "28": 122.5,
                "29": 7.67,
                "30": 16.165,
                "31": 35.68,
                "32": 32.33,
                "33": 122.5,
                "34": 32.33,
                "35": 122.5,
                "36": 48.5,
                "37": 21.669999999999998,
                "38": 122.5,
                "39": 122.5,
                "40": 48.5,
                "41": 122.5,
                "42": 12.0,
                "43": 122.5,
                "44": 48.5,
                "45": 16.165,
                "46": 48.5,
                "47": 7.33,
                "48": 122.5,
                "49": 32.33,
                "50": 122.5,
                "51": 24.669999999999998,
                "52": 25.67,
                "53": 122.5,
                "54": 122.5,
                "55": 122.5,
                "56": 10.33,
                "57": 122.5,
                "58": 19.5,
                "59": 122.5,
                "60": 122.5,
                "61": 32.33,
                "62": 48.5,
                "63": 122.5,
                "64": 122.5,
                "65": 122.5,
                "66": 122.5,
                "67": 48.5,
                "68": 122.5,
                "69": 122.5,
                "70": 48.5,
                "71": 122.5,
                "72": 19.5,
                "73": 23.0,
                "74": 30.68,
                "75": 48.5,
                "76": 122.5,
                "77": 122.5,
                "78": 122.5,
                "79": 122.5,
                "80": 122.5,
                "81": 122.5,
                "82": 27.0,
                "83": 13.67,
                "84": 21.33,
                "85": 122.5,
                "86": 122.5,
                "87": 122.5,
                "88": 122.5,
                "89": 122.5,
                "90": 122.5,
                "91": 122.5,
                "92": 122.5,
                "93": 122.5,
                "94": 122.5,
                "95": 122.5,
                "96": 122.5,
                "97": 122.5,
                "98": 122.5,
                "99": 14.155000000000001,
                "100": 122.5,
                "101": 48.5,
                "102": 122.5,
                "103": 122.5,
                "104": 122.5,
                "105": 122.5,
                "106": 122.5,
                "107": 122.5,
                "108": 122.5,
                "109": 48.5,
                "110": 48.5,
                "111": 48.5,
                "112": 122.5,
                "113": 122.5,
                "114": 122.5,
                "115": 122.5,
                "116": 122.5,
                "117": 122.5,
                "118": 48.5,
                "119": 122.5,
                "120": 122.5,
                "121": 122.5,
                "122": 122.5,
                "123": 122.5,
                "124": 122.5,
                "125": 48.5,
                "126": 122.5,
                "127": 122.5,