{
    "correlations": {
        "importance": {
            "weight_composite_ranking": {
                "degree_centrality_importance": 0.26186236438051047,
                "degree_centrality_doctypebranch": 0.11458259556504738,
                "in_degree_centrality_importance": 0.3923740270653372,
                "in_degree_centrality_doctypebranch": 0.17607452765646545,
                "out_degree_centrality_importance": -0.061724879636913164,
                "out_degree_centrality_doctypebranch": -0.06561057414205998,
                "betweenness_centrality_importance": 0.05598880081949727,
                "betweenness_centrality_doctypebranch": -0.04697264165750919,
                "closeness_centrality_importance": 0.39525575600454604,
                "closeness_centrality_doctypebranch": 0.1756877863111812,
                "core_number_importance": 0.2638494982887696,
                "core_number_doctypebranch": 0.13017159584294996,
                "relative_in_degree_centrality_importance": 0.3923740270653372,
                "relative_in_degree_centrality_doctypebranch": 0.17607452765646545,
                "eigenvector_centrality_importance": 0.40274288466148683,
                "eigenvector_centrality_doctypebranch": 0.16506843567192755,
                "pagerank_importance": 0.38916440690200954,
                "pagerank_doctypebranch": 0.16505502365194427,
                "hits_hub_importance": -0.0617188171824825,
                "hits_hub_doctypebranch": -0.06560413004499173,
                "hits_authority_importance": 0.3069239751514497,
                "hits_authority_doctypebranch": 0.13329656149891445,
                "harmonic_centrality_importance": 0.3976365481843891,
                "harmonic_centrality_doctypebranch": 0.17306107722972988,
                "disruption_importance": 0.3316301162109426,
                "disruption_doctypebranch": 0.19356445045940446,
                "composite_importance": 0.4027865282338583,
                "composite_doctypebranch": 0.1703965741592496
            }
        },
        "doctypebranch": {
            "weight_composite_ranking": {
                "degree_centrality_importance": 0.26186236438051047,
                "degree_centrality_doctypebranch": 0.11458259556504738,
                "in_degree_centrality_importance": 0.3923740270653372,
                "in_degree_centrality_doctypebranch": 0.17607452765646545,
                "out_degree_centrality_importance": -0.061724879636913164,
                "out_degree_centrality_doctypebranch": -0.06561057414205998,
                "betweenness_centrality_importance": 0.05598880081949727,
                "betweenness_centrality_doctypebranch": -0.04697264165750919,
                "closeness_centrality_importance": 0.39525575600454604,
                "closeness_centrality_doctypebranch": 0.1756877863111812,
                "core_number_importance": 0.2638494982887696,
                "core_number_doctypebranch": 0.13017159584294996,
                "relative_in_degree_centrality_importance": 0.3923740270653372,
                "relative_in_degree_centrality_doctypebranch": 0.17607452765646545,
                "eigenvector_centrality_importance": 0.40274288466148683,
                "eigenvector_centrality_doctypebranch": 0.16506843567192755,
                "pagerank_importance": 0.38916440690200954,
                "pagerank_doctypebranch": 0.16505502365194427,
                "hits_hub_importance": -0.0617188171824825,
                "hits_hub_doctypebranch": -0.06560413004499173,
                "hits_authority_importance": 0.3069239751514497,
                "hits_authority_doctypebranch": 0.13329656149891445,
                "harmonic_centrality_importance": 0.3976365481843891,
                "harmonic_centrality_doctypebranch": 0.17306107722972988,
                "disruption_importance": 0.3316301162109426,
                "disruption_doctypebranch": 0.19356445045940446,
                "composite_importance": 0.3166793672846344,
                "composite_doctypebranch": 0.2008347110743482
            }
        }
    },
    "composite_rankings": {
        "importance": {
            "weight_composite_ranking_param": 0.5,
            "weight_composite_ranking": {
                "0": 37.0,
                "1": 17.5,
                "2": 4.25,
                "3": 37.0,
                "4": 6.75,
                "5": 37.0,
                "6": 8.5,
                "7": 37.0,
                "8": 37.0,
                "9": 37.0,
                "10": 37.0,
                "11": 37.0,
                "12": 37.0,
                "13": 1.5,
                "14": 20.0,
                "15": 7.25,
                "16": 37.0,
                "17": 17.5,
                "18": 37.0,
                "19": 20.0,
                "20": 10.5,
                "21": 1.75,
                "22": 11.25,
                "23": 37.0,
                "24": 37.0,
                "25": 37.0,
                "26": 37.0,
                "27": 14.0,
                "28": 4.5,
                "29": 11.25,
                "30": 37.0,
                "31": 14.0,
                "32": 37.0,
                "33": 37.0,
                "34": 3.25,
                "35": 37.0,
                "36": 37.0,
                "37": 7.25,
                "38": 37.0,
                "39": 37.0,
                "40": 37.0,
                "41": 37.0,
                "42": 37.0,
                "43": 14.0,
                "44": 16.0,
                "45": 37.0,
                "46": 37.0,
                "47": 37.0,
                "48": 37.0,
                "49": 20.0,
                "50": 37.0,
                "51": 37.0
            }
        },
        "doctypebranch": {
            "weight_composite_ranking_param": 0.75,
            "weight_composite_ranking": {
                "0": 33.25,
                "1": 10.875,
                "2": 9.375,
                "3": 33.25,
                "4": 8.25,
                "5": 33.25,
                "6": 9.375,
                "7": 33.25,
                "8": 33.25,
                "9": 33.25,
                "10": 33.25,
                "11": 33.25,
                "12": 33.25,
                "13": 6.75,
                "14": 10.875,
                "15": 8.25,
                "16": 33.25,
                "17": 10.875,
                "18": 33.25,
                "19": 10.875,
                "20": 8.25,
                "21": 7.125,
                "22": 40.5,
                "23": 33.25,
                "24": 33.25,
                "25": 33.25,
                "26": 33.25,
                "27": 10.875,
                "28": 7.5,
                "29": 9.375,
                "30": 33.25,
                "31": 10.875,
                "32": 33.25,
                "33": 33.25,
                "34": 6.75,
                "35": 33.25,
                "36": 33.25,
                "37": 40.125,
                "38": 33.25,
                "39": 33.25,
                "40": 33.25,
                "41": 33.25,
                "42": 33.25,
                "43": 40.125,
                "44": 39.75,
                "45": 33.25,
                "46": 33.25,
                "47": 33.25,
                "48": 33.25,
                "49": 40.5,
                "50": 33.25,
                "51": 33.25
            }
        }
    },
    "best_centralities": {
        "importance": {
            "high": "eigenvector_centrality",
            "low": "harmonic_centrality"
        },
        "doctypebranch": {
            "high": "disruption",
            "low": "in_degree_centrality"
        }
    },
    "class_distribution": {
        "total_cases": 52,
        "class_counts": {
            "importance": {
                "3": 29,
                "1": 16,
                "2": 4,
                "4": 3
            },
            "doctypebranch": {
                "2": 48,
                "1": 3,
                "3": 1
            }
        },