{
    "correlations": {
        "importance": {
            "weight_composite_ranking": {
                "degree_centrality_importance": -0.028934383693673727,
                "degree_centrality_doctypebranch": -0.060993754559283325,
                "in_degree_centrality_importance": -0.10320891446343086,
                "in_degree_centrality_doctypebranch": -0.0711445600794282,
                "out_degree_centrality_importance": 0.0627092138511985,
                "out_degree_centrality_doctypebranch": -0.01422891201588564,
                "betweenness_centrality_importance": NaN,
                "betweenness_centrality_doctypebranch": NaN,
                "closeness_centrality_importance": -0.10320891446343086,
                "closeness_centrality_doctypebranch": -0.0711445600794282,
                "core_number_importance": -0.028934383693673727,
                "core_number_doctypebranch": -0.060993754559283325,
                "relative_in_degree_centrality_importance": -0.10320891446343086,
                "relative_in_degree_centrality_doctypebranch": -0.0711445600794282,
                "eigenvector_centrality_importance": -0.10320891446343086,
                "eigenvector_centrality_doctypebranch": -0.0711445600794282,
                "pagerank_importance": -0.10320891446343086,
                "pagerank_doctypebranch": -0.0711445600794282,
                "hits_hub_importance": -0.10346492416647293,
                "hits_hub_doctypebranch": -0.1267731382092775,
                "hits_authority_importance": 0.10453178302158295,
                "hits_authority_doctypebranch": 0.1984515455335862,
                "harmonic_centrality_importance": -0.10320891446343086,
                "harmonic_centrality_doctypebranch": -0.0711445600794282,
                "disruption_importance": -0.10320891446343086,
                "disruption_doctypebranch": -0.0711445600794282,
                "composite_importance": 0.09082298329250933,
                "composite_doctypebranch": 0.1618887991900859
            }
        },
        "doctypebranch": {
            "weight_composite_ranking": {
                "degree_centrality_importance": -0.028934383693673727,
                "degree_centrality_doctypebranch": -0.060993754559283325,
                "in_degree_centrality_importance": -0.10320891446343086,
                "in_degree_centrality_doctypebranch": -0.0711445600794282,
                "out_degree_centrality_importance": 0.0627092138511985,
                "out_degree_centrality_doctypebranch": -0.01422891201588564,
                "betweenness_centrality_importance": NaN,
                "betweenness_centrality_doctypebranch": NaN,
                "closeness_centrality_importance": -0.10320891446343086,
                "closeness_centrality_doctypebranch": -0.0711445600794282,
                "core_number_importance": -0.028934383693673727,
                "core_number_doctypebranch": -0.060993754559283325,
                "relative_in_degree_centrality_importance": -0.10320891446343086,
                "relative_in_degree_centrality_doctypebranch": -0.0711445600794282,
                "eigenvector_centrality_importance": -0.10320891446343086,
                "eigenvector_centrality_doctypebranch": -0.0711445600794282,
                "pagerank_importance": -0.10320891446343086,
                "pagerank_doctypebranch": -0.0711445600794282,
                "hits_hub_importance": -0.10346492416647293,
                "hits_hub_doctypebranch": -0.1267731382092775,
                "hits_authority_importance": 0.10453178302158295,
                "hits_authority_doctypebranch": 0.1984515455335862,
                "harmonic_centrality_importance": -0.10320891446343086,
                "harmonic_centrality_doctypebranch": -0.0711445600794282,
                "disruption_importance": -0.10320891446343086,
                "disruption_doctypebranch": -0.0711445600794282,
                "composite_importance": 0.09082298329250933,
                "composite_doctypebranch": 0.1618887991900859
            }
        }
    },
    "composite_rankings": {
        "importance": {
            "weight_composite_ranking_param": 0.98,
            "weight_composite_ranking": {
                "0": 48.04,
                "1": 49.029999999999994,
                "2": 49.029999999999994,
                "3": 49.029999999999994,
                "4": 49.029999999999994,
                "5": 98.03,
                "6": 49.029999999999994,
                "7": 49.029999999999994,
                "8": 49.029999999999994,
                "9": 49.029999999999994,
                "10": 49.029999999999994,
                "11": 49.029999999999994,
                "12": 49.029999999999994,
                "13": 49.029999999999994,
                "14": 49.029999999999994,
                "15": 3.950000000000001,
                "16": 49.029999999999994,
                "17": 93.62,
                "18": 49.029999999999994,
                "19": 49.029999999999994,
                "20": 49.029999999999994,
                "21": 49.029999999999994,
                "22": 49.029999999999994,
                "23": 49.029999999999994,
                "24": 49.029999999999994,
                "25": 49.029999999999994,
                "26": 49.029999999999994,
                "27": 49.029999999999994,
                "28": 49.029999999999994,
                "29": 95.09,
                "30": 49.029999999999994,
                "31": 49.029999999999994,
                "32": 49.029999999999994,
                "33": 96.56,
                "34": 49.029999999999994,
                "35": 49.029999999999994,
                "36": 99.01,
                "37": 49.029999999999994,
                "38": 49.029999999999994,
                "39": 49.029999999999994,
                "40": 4.930000000000001,
                "41": 49.029999999999994,
                "42": 49.029999999999994,
                "43": 49.029999999999994,
                "44": 49.029999999999994,
                "45": 49.029999999999994,
                "46": 49.029999999999994,
                "47": 49.029999999999994,
                "48": 49.029999999999994,
                "49": 49.029999999999994,
                "50": 49.029999999999994,
                "51": 49.029999999999994,
                "52": 49.029999999999994,
                "53": 49.029999999999994,
                "54": 49.029999999999994,
                "55": 49.029999999999994,
                "56": 49.029999999999994,
                "57": 49.029999999999994,
                "58": 49.029999999999994,
                "59": 93.62,
                "60": 49.029999999999994,
                "61": 49.029999999999994,
                "62": 49.029999999999994,
                "63": 49.029999999999994,
                "64": 49.029999999999994,
                "65": 49.029999999999994,
                "66": 49.029999999999994,
                "67": 49.029999999999994,
                "68": 49.029999999999994,
                "69": 49.029999999999994,
                "70": 49.029999999999994,
                "71": 49.029999999999994,
                "72": 49.029999999999994,
                "73": 49.029999999999994,
                "74": 49.029999999999994,
                "75": 49.029999999999994,
                "76": 49.029999999999994,
                "77": 49.029999999999994,
                "78": 49.029999999999994,
                "79": 49.029999999999994,
                "80": 49.029999999999994,
                "81": 1.9900000000000009,
                "82": 49.029999999999994,
                "83": 49.029999999999994,
                "84": 49.029999999999994,
                "85": 49.029999999999994,
                "86": 2.9700000000000006,
                "87": 49.029999999999994,
                "88": 49.029999999999994,
                "89": 49.029999999999994,
                "90": 49.029999999999994,
                "91": 49.029999999999994,