{
    "correlations": {
        "importance": {
            "weight_composite_ranking": {
                "degree_centrality_importance": 0.17146711707105236,
                "degree_centrality_doctypebranch": 0.42786567688011506,
                "in_degree_centrality_importance": 0.4684627846784927,
                "in_degree_centrality_doctypebranch": 0.32641320127296475,
                "out_degree_centrality_importance": -0.14416603037798228,
                "out_degree_centrality_doctypebranch": 0.24695426236465734,
                "betweenness_centrality_importance": 0.2249537756745972,
                "betweenness_centrality_doctypebranch": 0.10644055714758309,
                "closeness_centrality_importance": 0.47131595412803773,
                "closeness_centrality_doctypebranch": 0.329802534680203,
                "core_number_importance": 0.14479349510766099,
                "core_number_doctypebranch": 0.4386999721097781,
                "relative_in_degree_centrality_importance": 0.4684627846784927,
                "relative_in_degree_centrality_doctypebranch": 0.32641320127296475,
                "eigenvector_centrality_importance": 0.4673147243461204,
                "eigenvector_centrality_doctypebranch": 0.3290239174982441,
                "pagerank_importance": 0.471325579735741,
                "pagerank_doctypebranch": 0.3313142425456102,
                "hits_hub_importance": -0.3610531354201418,
                "hits_hub_doctypebranch": 0.09484634430547044,
                "hits_authority_importance": -0.13095867779080095,
                "hits_authority_doctypebranch": -0.22671098391346123,
                "harmonic_centrality_importance": 0.4713468194108213,
                "harmonic_centrality_doctypebranch": 0.3298241326091644,
                "disruption_importance": 0.2856778631755653,
                "disruption_doctypebranch": 0.24814662740699275,
                "composite_importance": 0.47187160328743233,
                "composite_doctypebranch": 0.3320906086675683
            }
        },
        "doctypebranch": {
            "weight_composite_ranking": {
                "degree_centrality_importance": 0.17146711707105236,
                "degree_centrality_doctypebranch": 0.42786567688011506,
                "in_degree_centrality_importance": 0.4684627846784927,
                "in_degree_centrality_doctypebranch": 0.32641320127296475,
                "out_degree_centrality_importance": -0.14416603037798228,
                "out_degree_centrality_doctypebranch": 0.24695426236465734,
                "betweenness_centrality_importance": 0.2249537756745972,
                "betweenness_centrality_doctypebranch": 0.10644055714758309,
                "closeness_centrality_importance": 0.47131595412803773,
                "closeness_centrality_doctypebranch": 0.329802534680203,
                "core_number_importance": 0.14479349510766099,
                "core_number_doctypebranch": 0.4386999721097781,
                "relative_in_degree_centrality_importance": 0.4684627846784927,
                "relative_in_degree_centrality_doctypebranch": 0.32641320127296475,
                "eigenvector_centrality_importance": 0.4673147243461204,
                "eigenvector_centrality_doctypebranch": 0.3290239174982441,
                "pagerank_importance": 0.471325579735741,
                "pagerank_doctypebranch": 0.3313142425456102,
                "hits_hub_importance": -0.3610531354201418,
                "hits_hub_doctypebranch": 0.09484634430547044,
                "hits_authority_importance": -0.13095867779080095,
                "hits_authority_doctypebranch": -0.22671098391346123,
                "harmonic_centrality_importance": 0.4713468194108213,
                "harmonic_centrality_doctypebranch": 0.3298241326091644,
                "disruption_importance": 0.2856778631755653,
                "disruption_doctypebranch": 0.24814662740699275,
                "composite_importance": 0.17196222267238231,
                "composite_doctypebranch": 0.43254628753854063
            }
        }
    },
    "composite_rankings": {
        "importance": {
            "weight_composite_ranking_param": 0.12,
            "weight_composite_ranking": {
                "0": 59.5,
                "1": 59.5,
                "2": 59.5,
                "3": 59.5,
                "4": 59.5,
                "5": 1.3599999999999999,
                "6": 9.18,
                "7": 59.5,
                "8": 14.02,
                "9": 59.5,
                "10": 3.0,
                "11": 1.88,
                "12": 59.5,
                "13": 59.5,
                "14": 59.5,
                "15": 6.9,
                "16": 59.5,
                "17": 59.5,
                "18": 13.04,
                "19": 59.5,
                "20": 13.04,
                "21": 59.5,
                "22": 59.5,
                "23": 3.76,
                "24": 59.5,
                "25": 59.5,
                "26": 59.5,
                "27": 59.5,
                "28": 59.5,
                "29": 59.5,
                "30": 59.5,
                "31": 59.5,
                "32": 59.5,
                "33": 59.5,
                "34": 59.5,
                "35": 59.5,
                "36": 59.5,
                "37": 59.5,
                "38": 59.5,
                "39": 17.44,
                "40": 59.5,
                "41": 59.5,
                "42": 59.5,
                "43": 17.44,
                "44": 7.9399999999999995,
                "45": 59.5,
                "46": 14.02,
                "47": 10.58,
                "48": 59.5,
                "49": 59.5,
                "50": 59.5,
                "51": 59.5,
                "52": 59.5,
                "53": 59.5,
                "54": 59.5,
                "55": 59.5,
                "56": 59.5,
                "57": 59.5,
                "58": 5.0,
                "59": 59.5,
                "60": 59.5,
                "61": 59.5,
                "62": 59.5,
                "63": 6.88,
                "64": 59.5,
                "65": 59.5,
                "66": 59.5,
                "67": 59.5,
                "68": 59.5,
                "69": 59.5,
                "70": 59.5,
                "71": 59.5,
                "72": 59.5,
                "73": 59.5,
                "74": 59.5,
                "75": 59.5,
                "76": 59.5,
                "77": 59.5,
                "78": 59.5,
                "79": 59.5,
                "80": 59.5,
                "81": 59.5,
                "82": 59.5,
                "83": 59.5,
                "84": 59.5,
                "85": 59.5,
                "86": 59.5,
                "87": 59.5,
                "88": 10.06,
                "89": 59.5,
                "90": 15.7,
                "91": 59.5,
                "92": 59.5,
                "93": 59.5,
                "94": 18.759999999999998,
                "95": 59.5,
                "96": 59.5,
                "97": 59.5,
                "98": 59.5
            }
        },
        "doctypebranch": {
            "weight_composite_ranking_param": 0.4,
            "weight_composite_ranking": {
                "0": 69.5,
                "1": 69.5,
                "2": 69.5,
                "3": 69.5,
                "4": 69.5,
                "5": 20.7,
                "6": 34.3,
                "7": 69.5,
                "8": 20.7,
                "9": 69.5,
                "10": 10.2,
                "11": 7.8,
                "12": 34.3,
                "13": 34.3,
                "14": 34.3,
                "15": 13.5,
                "16": 69.5,
                "17": 34.3,
                "18": 34.3,
                "19": 15.600000000000001,
                "20": 34.3,
                "21": 69.5,
                "22": 69.5,
                "23": 8.4,
                "24": 69.5,
                "25": 20.7,
                "26": 20.7,
                "27": 20.7,