{
    "correlations": {
        "importance": {
            "weight_composite_ranking": {
                "degree_centrality_importance": 0.20739113216241714,
                "degree_centrality_doctypebranch": 0.30858883017483585,
                "in_degree_centrality_importance": 0.278253573614426,
                "in_degree_centrality_doctypebranch": 0.4489114671221035,
                "out_degree_centrality_importance": -0.06802739687525916,
                "out_degree_centrality_doctypebranch": -0.06882488006002935,
                "betweenness_centrality_importance": -0.0018643428834889486,
                "betweenness_centrality_doctypebranch": 0.13239549525579736,
                "closeness_centrality_importance": 0.27109284878055523,
                "closeness_centrality_doctypebranch": 0.44420864327271703,
                "core_number_importance": 0.21148582818266418,
                "core_number_doctypebranch": 0.3169396816114288,
                "relative_in_degree_centrality_importance": 0.278253573614426,
                "relative_in_degree_centrality_doctypebranch": 0.4489114671221035,
                "eigenvector_centrality_importance": 0.2582081240220189,
                "eigenvector_centrality_doctypebranch": 0.4245613863370129,
                "pagerank_importance": 0.26549582987752696,
                "pagerank_doctypebranch": 0.43605033717370584,
                "hits_hub_importance": -0.1364178925575223,
                "hits_hub_doctypebranch": -0.1982279473509526,
                "hits_authority_importance": 0.1852606087466917,
                "hits_authority_doctypebranch": 0.3425895332752315,
                "harmonic_centrality_importance": 0.27109284878055523,
                "harmonic_centrality_doctypebranch": 0.44420864327271703,
                "disruption_importance": 0.342654489514859,
                "disruption_doctypebranch": 0.4302002244947214,
                "composite_importance": 0.3641088385128992,
                "composite_doctypebranch": 0.47101530875105474
            }
        },
        "doctypebranch": {
            "weight_composite_ranking": {
                "degree_centrality_importance": 0.20739113216241714,
                "degree_centrality_doctypebranch": 0.30858883017483585,
                "in_degree_centrality_importance": 0.278253573614426,
                "in_degree_centrality_doctypebranch": 0.4489114671221035,
                "out_degree_centrality_importance": -0.06802739687525916,
                "out_degree_centrality_doctypebranch": -0.06882488006002935,
                "betweenness_centrality_importance": -0.0018643428834889486,
                "betweenness_centrality_doctypebranch": 0.13239549525579736,
                "closeness_centrality_importance": 0.27109284878055523,
                "closeness_centrality_doctypebranch": 0.44420864327271703,
                "core_number_importance": 0.21148582818266418,
                "core_number_doctypebranch": 0.3169396816114288,
                "relative_in_degree_centrality_importance": 0.278253573614426,
                "relative_in_degree_centrality_doctypebranch": 0.4489114671221035,
                "eigenvector_centrality_importance": 0.2582081240220189,
                "eigenvector_centrality_doctypebranch": 0.4245613863370129,
                "pagerank_importance": 0.26549582987752696,
                "pagerank_doctypebranch": 0.43605033717370584,
                "hits_hub_importance": -0.1364178925575223,
                "hits_hub_doctypebranch": -0.1982279473509526,
                "hits_authority_importance": 0.1852606087466917,
                "hits_authority_doctypebranch": 0.3425895332752315,
                "harmonic_centrality_importance": 0.27109284878055523,
                "harmonic_centrality_doctypebranch": 0.44420864327271703,
                "disruption_importance": 0.342654489514859,
                "disruption_doctypebranch": 0.4302002244947214,
                "composite_importance": 0.278253573614426,
                "composite_doctypebranch": 0.4489114671221035
            }
        }
    },
    "composite_rankings": {
        "importance": {
            "weight_composite_ranking_param": 0.53,
            "weight_composite_ranking": {
                "0": 55.41,
                "1": 55.41,
                "2": 55.41,
                "3": 55.41,
                "4": 12.79,
                "5": 55.41,
                "6": 55.41,
                "7": 55.41,
                "8": 55.41,
                "9": 55.41,
                "10": 55.41,
                "11": 12.79,
                "12": 56.51500000000001,
                "13": 55.41,
                "14": 55.41,
                "15": 55.41,
                "16": 55.41,
                "17": 55.455000000000005,
                "18": 55.41,
                "19": 55.41,
                "20": 55.41,
                "21": 55.41,
                "22": 55.41,
                "23": 55.41,
                "24": 55.41,
                "25": 55.41,
                "26": 55.41,
                "27": 55.41,
                "28": 55.41,
                "29": 55.41,
                "30": 55.41,
                "31": 55.41,
                "32": 12.79,
                "33": 55.41,
                "34": 55.41,
                "35": 55.41,
                "36": 55.41,
                "37": 55.41,
                "38": 55.41,
                "39": 55.41,
                "40": 55.41,
                "41": 55.41,
                "42": 55.41,
                "43": 55.41,
                "44": 55.41,
                "45": 9.5,
                "46": 55.41,
                "47": 55.98500000000001,
                "48": 55.41,
                "49": 55.41,
                "50": 55.41,
                "51": 55.41,
                "52": 55.41,
                "53": 55.41,
                "54": 12.79,
                "55": 55.41,
                "56": 55.41,
                "57": 55.41,
                "58": 6.445,
                "59": 55.41,
                "60": 55.41,
                "61": 55.41,
                "62": 12.79,
                "63": 7.62,
                "64": 55.41,
                "65": 55.41,
                "66": 55.41,
                "67": 55.41,
                "68": 55.41,
                "69": 5.975,
                "70": 55.41,
                "71": 9.5,
                "72": 55.41,
                "73": 12.79,
                "74": 12.79,
                "75": 55.41,
                "76": 5.505,
                "77": 9.5,
                "78": 9.5,
                "79": 55.41,
                "80": 55.41,
                "81": 55.41,
                "82": 55.41,
                "83": 7.62,
                "84": 55.41,
                "85": 55.41,
                "86": 55.41,
                "87": 55.41,
                "88": 55.41,
                "89": 55.41,
                "90": 7.62,
                "91": 7.62
            }
        },
        "doctypebranch": {
            "weight_composite_ranking_param": 0.01,
            "weight_composite_ranking": {
                "0": 57.0,
                "1": 57.0,
                "2": 57.0,
                "3": 57.0,
                "4": 16.5,
                "5": 57.0,
                "6": 57.0,
                "7": 57.0,
                "8": 57.0,
                "9": 57.0,
                "10": 57.0,
                "11": 16.5,
                "12": 16.5,
                "13": 57.0,
                "14": 57.0,
                "15": 57.0,
                "16": 57.0,
                "17": 16.5,
                "18": 57.0,
                "19": 57.0,
                "20": 57.0,
                "21": 57.0,
                "22": 57.0,
                "23": 57.0,
                "24": 57.0,
                "25": 57.0,
                "26": 57.0,
                "27": 57.0,
                "28": 57.0,
                "29": 57.0,
                "30": 57.0,
                "31": 57.0,
                "32": 16.5,