{
    "correlations": {
        "importance": {
            "weight_composite_ranking": {
                "degree_centrality_importance": 0.20419028302832226,
                "degree_centrality_doctypebranch": 0.2684552660814584,
                "in_degree_centrality_importance": 0.376361325632289,
                "in_degree_centrality_doctypebranch": 0.328526232698483,
                "out_degree_centrality_importance": -0.20066035919867084,
                "out_degree_centrality_doctypebranch": -0.023027640339752662,
                "betweenness_centrality_importance": NaN,
                "betweenness_centrality_doctypebranch": NaN,
                "closeness_centrality_importance": 0.376361325632289,
                "closeness_centrality_doctypebranch": 0.328526232698483,
                "core_number_importance": 0.2159965275295287,
                "core_number_doctypebranch": 0.2829931810410701,
                "relative_in_degree_centrality_importance": 0.376361325632289,
                "relative_in_degree_centrality_doctypebranch": 0.328526232698483,
                "eigenvector_centrality_importance": 0.376361325632289,
                "eigenvector_centrality_doctypebranch": 0.328526232698483,
                "pagerank_importance": 0.3817726006833763,
                "pagerank_doctypebranch": 0.31757190418331893,
                "hits_hub_importance": -0.20066035919867084,
                "hits_hub_doctypebranch": -0.023027640339752662,
                "hits_authority_importance": 0.13168988421268815,
                "hits_authority_doctypebranch": 0.2122724261610742,
                "harmonic_centrality_importance": 0.376361325632289,
                "harmonic_centrality_doctypebranch": 0.328526232698483,
                "disruption_importance": 0.374405944168505,
                "disruption_doctypebranch": 0.331830946919707,
                "composite_importance": 0.38177682698731674,
                "composite_doctypebranch": 0.3175754197718856
            }
        },
        "doctypebranch": {
            "weight_composite_ranking": {
                "degree_centrality_importance": 0.20419028302832226,
                "degree_centrality_doctypebranch": 0.2684552660814584,
                "in_degree_centrality_importance": 0.376361325632289,
                "in_degree_centrality_doctypebranch": 0.328526232698483,
                "out_degree_centrality_importance": -0.20066035919867084,
                "out_degree_centrality_doctypebranch": -0.023027640339752662,
                "betweenness_centrality_importance": NaN,
                "betweenness_centrality_doctypebranch": NaN,
                "closeness_centrality_importance": 0.376361325632289,
                "closeness_centrality_doctypebranch": 0.328526232698483,
                "core_number_importance": 0.2159965275295287,
                "core_number_doctypebranch": 0.2829931810410701,
                "relative_in_degree_centrality_importance": 0.376361325632289,
                "relative_in_degree_centrality_doctypebranch": 0.328526232698483,
                "eigenvector_centrality_importance": 0.376361325632289,
                "eigenvector_centrality_doctypebranch": 0.328526232698483,
                "pagerank_importance": 0.3817726006833763,
                "pagerank_doctypebranch": 0.31757190418331893,
                "hits_hub_importance": -0.20066035919867084,
                "hits_hub_doctypebranch": -0.023027640339752662,
                "hits_authority_importance": 0.13168988421268815,
                "hits_authority_doctypebranch": 0.2122724261610742,
                "harmonic_centrality_importance": 0.376361325632289,
                "harmonic_centrality_doctypebranch": 0.328526232698483,
                "disruption_importance": 0.374405944168505,
                "disruption_doctypebranch": 0.331830946919707,
                "composite_importance": 0.376361325632289,
                "composite_doctypebranch": 0.328526232698483
            }
        }
    },
    "composite_rankings": {
        "importance": {
            "weight_composite_ranking_param": 0.75,
            "weight_composite_ranking": {
                "0": 50.5,
                "1": 50.5,
                "2": 50.5,
                "3": 50.5,
                "4": 50.5,
                "5": 50.5,
                "6": 50.5,
                "7": 50.5,
                "8": 50.5,
                "9": 50.5,
                "10": 50.5,
                "11": 50.5,
                "12": 50.5,
                "13": 50.5,
                "14": 50.5,
                "15": 50.5,
                "16": 50.5,
                "17": 50.5,
                "18": 50.5,
                "19": 50.5,
                "20": 50.5,
                "21": 50.5,
                "22": 5.5,
                "23": 50.5,
                "24": 50.5,
                "25": 50.5,
                "26": 50.5,
                "27": 50.5,
                "28": 50.5,
                "29": 50.5,
                "30": 50.5,
                "31": 50.5,
                "32": 50.5,
                "33": 50.5,
                "34": 50.5,
                "35": 50.5,
                "36": 50.5,
                "37": 50.5,
                "38": 50.5,
                "39": 50.5,
                "40": 50.5,
                "41": 50.5,
                "42": 50.5,
                "43": 50.5,
                "44": 50.5,
                "45": 50.5,
                "46": 50.5,
                "47": 50.5,
                "48": 10.25,
                "49": 50.5,
                "50": 10.25,
                "51": 50.5,
                "52": 50.5,
                "53": 50.5,
                "54": 50.5,
                "55": 12.875,
                "56": 50.5,
                "57": 50.5,
                "58": 50.5,
                "59": 12.875,
                "60": 50.5,
                "61": 5.5,
                "62": 50.5,
                "63": 5.5,
                "64": 10.25,
                "65": 50.5,
                "66": 12.875,
                "67": 1.75,
                "68": 50.5,
                "69": 50.5,
                "70": 50.5,
                "71": 4.0,
                "72": 50.5,
                "73": 50.5,
                "74": 50.5,
                "75": 1.75,
                "76": 5.0,
                "77": 50.5,
                "78": 8.75,
                "79": 50.5,
                "80": 12.875,
                "81": 50.5,
                "82": 50.5,
                "83": 50.5,
                "84": 50.5
            }
        },
        "doctypebranch": {
            "weight_composite_ranking_param": 0.01,
            "weight_composite_ranking": {
                "0": 50.5,
                "1": 50.5,
                "2": 50.5,
                "3": 50.5,
                "4": 50.5,
                "5": 50.5,
                "6": 50.5,
                "7": 50.5,
                "8": 50.5,
                "9": 50.5,
                "10": 50.5,
                "11": 50.5,
                "12": 50.5,
                "13": 50.5,
                "14": 50.5,
                "15": 50.5,
                "16": 50.5,
                "17": 50.5,
                "18": 50.5,
                "19": 50.5,
                "20": 50.5,
                "21": 50.5,
                "22": 4.04,
                "23": 50.5,
                "24": 50.5,
                "25": 50.5,
                "26": 50.5,
                "27": 50.5,
                "28": 50.5,
                "29": 50.5,
                "30": 50.5,
                "31": 50.5,
                "32": 50.5,
                "33": 50.5,
                "34": 50.5,
                "35": 50.5,
                "36": 50.5,
                "37": 50.5,
                "38": 50.5,
                "39": 50.5,
                "40": 50.5,
                "41": 50.5,
                "42": 50.5,
                "43": 50.5,
                "44": 50.5,
                "45": 50.5,
                "46": 50.5,