{
    "correlations": {
        "importance": {
            "weight_composite_ranking": {
                "degree_centrality_importance": 0.10649868358504715,
                "degree_centrality_doctypebranch": 0.04104892603192896,
                "in_degree_centrality_importance": 0.09310146560858804,
                "in_degree_centrality_doctypebranch": 0.0984960069785991,
                "out_degree_centrality_importance": 0.05004445525465425,
                "out_degree_centrality_doctypebranch": -0.054097177373413796,
                "betweenness_centrality_importance": NaN,
                "betweenness_centrality_doctypebranch": NaN,
                "closeness_centrality_importance": 0.09310146560858804,
                "closeness_centrality_doctypebranch": 0.0984960069785991,
                "core_number_importance": 0.10487087506084052,
                "core_number_doctypebranch": 0.04278111865661292,
                "relative_in_degree_centrality_importance": 0.09310146560858804,
                "relative_in_degree_centrality_doctypebranch": 0.0984960069785991,
                "eigenvector_centrality_importance": 0.09310146560858804,
                "eigenvector_centrality_doctypebranch": 0.0984960069785991,
                "pagerank_importance": 0.08957586371382295,
                "pagerank_doctypebranch": 0.09660051122437993,
                "hits_hub_importance": 0.05402647689677349,
                "hits_hub_doctypebranch": -0.0066589460331348055,
                "hits_authority_importance": 0.1273657235678953,
                "hits_authority_doctypebranch": 0.07139917193403572,
                "harmonic_centrality_importance": 0.09310146560858804,
                "harmonic_centrality_doctypebranch": 0.0984960069785991,
                "disruption_importance": 0.09310146560858804,
                "disruption_doctypebranch": 0.0984960069785991,
                "composite_importance": 0.1373863132071194,
                "composite_doctypebranch": 0.0534318740943283
            }
        },
        "doctypebranch": {
            "weight_composite_ranking": {
                "degree_centrality_importance": 0.10649868358504715,
                "degree_centrality_doctypebranch": 0.04104892603192896,
                "in_degree_centrality_importance": 0.09310146560858804,
                "in_degree_centrality_doctypebranch": 0.0984960069785991,
                "out_degree_centrality_importance": 0.05004445525465425,
                "out_degree_centrality_doctypebranch": -0.054097177373413796,
                "betweenness_centrality_importance": NaN,
                "betweenness_centrality_doctypebranch": NaN,
                "closeness_centrality_importance": 0.09310146560858804,
                "closeness_centrality_doctypebranch": 0.0984960069785991,
                "core_number_importance": 0.10487087506084052,
                "core_number_doctypebranch": 0.04278111865661292,
                "relative_in_degree_centrality_importance": 0.09310146560858804,
                "relative_in_degree_centrality_doctypebranch": 0.0984960069785991,
                "eigenvector_centrality_importance": 0.09310146560858804,
                "eigenvector_centrality_doctypebranch": 0.0984960069785991,
                "pagerank_importance": 0.08957586371382295,
                "pagerank_doctypebranch": 0.09660051122437993,
                "hits_hub_importance": 0.05402647689677349,
                "hits_hub_doctypebranch": -0.0066589460331348055,
                "hits_authority_importance": 0.1273657235678953,
                "hits_authority_doctypebranch": 0.07139917193403572,
                "harmonic_centrality_importance": 0.09310146560858804,
                "harmonic_centrality_doctypebranch": 0.0984960069785991,
                "disruption_importance": 0.09310146560858804,
                "disruption_doctypebranch": 0.0984960069785991,
                "composite_importance": 0.09310146560858804,
                "composite_doctypebranch": 0.0984960069785991
            }
        }
    },
    "composite_rankings": {
        "importance": {
            "weight_composite_ranking_param": 0.52,
            "weight_composite_ranking": {
                "0": 39.02,
                "1": 100.74000000000001,
                "2": 72.14,
                "3": 43.28,
                "4": 72.14,
                "5": 72.14,
                "6": 72.14,
                "7": 43.28,
                "8": 46.66,
                "9": 72.14,
                "10": 72.14,
                "11": 72.14,
                "12": 97.62,
                "13": 72.14,
                "14": 38.6,
                "15": 72.14,
                "16": 72.14,
                "17": 99.18,
                "18": 72.14,
                "19": 72.14,
                "20": 72.14,
                "21": 72.14,
                "22": 72.14,
                "23": 72.14,
                "24": 72.14,
                "25": 103.60000000000001,
                "26": 72.14,
                "27": 98.4,
                "28": 72.14,
                "29": 36.62,
                "30": 72.14,
                "31": 72.14,
                "32": 103.60000000000001,
                "33": 72.14,
                "34": 72.14,
                "35": 38.6,
                "36": 39.02,
                "37": 72.14,
                "38": 72.14,
                "39": 72.14,
                "40": 99.18,
                "41": 72.14,
                "42": 72.14,
                "43": 72.14,
                "44": 72.14,
                "45": 38.6,
                "46": 72.14,
                "47": 72.14,
                "48": 72.14,
                "49": 72.14,
                "50": 72.14,
                "51": 74.64,
                "52": 100.74000000000001,
                "53": 43.28,
                "54": 72.14,
                "55": 103.60000000000001,
                "56": 106.72,
                "57": 72.14,
                "58": 103.60000000000001,
                "59": 72.14,
                "60": 40.42,
                "61": 72.14,
                "62": 46.66,
                "63": 45.620000000000005,
                "64": 72.14,
                "65": 72.14,
                "66": 72.14,
                "67": 72.14,
                "68": 97.62,
                "69": 72.14,
                "70": 72.14,
                "71": 72.14,
                "72": 72.14,
                "73": 72.14,
                "74": 72.14,
                "75": 72.14,
                "76": 43.28,
                "77": 72.14,
                "78": 72.14,
                "79": 72.14,
                "80": 72.14,
                "81": 72.14,
                "82": 72.14,
                "83": 100.74000000000001,
                "84": 103.60000000000001,
                "85": 72.14,
                "86": 40.42,
                "87": 43.28,
                "88": 3.66,
                "89": 43.28,
                "90": 72.14,
                "91": 72.14,
                "92": 4.4399999999999995,
                "93": 103.60000000000001,
                "94": 72.14,
                "95": 72.14,
                "96": 72.14,
                "97": 72.14,
                "98": 72.14,
                "99": 72.14,
                "100": 75.16,
                "101": 72.14,
                "102": 72.14,
                "103": 72.14,
                "104": 72.14,
                "105": 72.14,
                "106": 106.72,
                "107": 72.14,
                "108": 72.14,
                "109": 72.14,
                "110": 72.14,
                "111": 72.14,
                "112": 72.14,
                "113": 103.60000000000001,
                "114": 72.14,
                "115": 72.56,
                "116": 40.42,
                "117": 72.14,
                "118": 72.14,
                "119": 106.72,
                "120": 100.74000000000001,
                "121": 72.14,
                "122": 72.14,
                "123": 72.14,