{
    "correlations": {
        "importance": {
            "weight_composite_ranking": {
                "degree_centrality_importance": 0.1797406987150058,
                "degree_centrality_doctypebranch": 0.3294553652992868,
                "in_degree_centrality_importance": 0.3455541725171393,
                "in_degree_centrality_doctypebranch": 0.45829436704362486,
                "out_degree_centrality_importance": -0.1856773806787746,
                "out_degree_centrality_doctypebranch": -0.14917988237690258,
                "betweenness_centrality_importance": -0.0854993303898575,
                "betweenness_centrality_doctypebranch": -0.06502082827175278,
                "closeness_centrality_importance": 0.3394385256409171,
                "closeness_centrality_doctypebranch": 0.45453927592565113,
                "core_number_importance": 0.18151303596778168,
                "core_number_doctypebranch": 0.3298393745631398,
                "relative_in_degree_centrality_importance": 0.3455541725171393,
                "relative_in_degree_centrality_doctypebranch": 0.45829436704362486,
                "eigenvector_centrality_importance": 0.3200408177152003,
                "eigenvector_centrality_doctypebranch": 0.41016725944861654,
                "pagerank_importance": 0.3718018764457801,
                "pagerank_doctypebranch": 0.461959663748115,
                "hits_hub_importance": -0.1755330612103275,
                "hits_hub_doctypebranch": -0.1441233589412256,
                "hits_authority_importance": 0.20107492319605458,
                "hits_authority_doctypebranch": 0.4216517759197757,
                "harmonic_centrality_importance": 0.3378084766484182,
                "harmonic_centrality_doctypebranch": 0.45453927592565113,
                "disruption_importance": 0.3321322365902815,
                "disruption_doctypebranch": 0.37459056946264435,
                "composite_importance": 0.372567383262464,
                "composite_doctypebranch": 0.4653011441368899
            }
        },
        "doctypebranch": {
            "weight_composite_ranking": {
                "degree_centrality_importance": 0.1797406987150058,
                "degree_centrality_doctypebranch": 0.3294553652992868,
                "in_degree_centrality_importance": 0.3455541725171393,
                "in_degree_centrality_doctypebranch": 0.45829436704362486,
                "out_degree_centrality_importance": -0.1856773806787746,
                "out_degree_centrality_doctypebranch": -0.14917988237690258,
                "betweenness_centrality_importance": -0.0854993303898575,
                "betweenness_centrality_doctypebranch": -0.06502082827175278,
                "closeness_centrality_importance": 0.3394385256409171,
                "closeness_centrality_doctypebranch": 0.45453927592565113,
                "core_number_importance": 0.18151303596778168,
                "core_number_doctypebranch": 0.3298393745631398,
                "relative_in_degree_centrality_importance": 0.3455541725171393,
                "relative_in_degree_centrality_doctypebranch": 0.45829436704362486,
                "eigenvector_centrality_importance": 0.3200408177152003,
                "eigenvector_centrality_doctypebranch": 0.41016725944861654,
                "pagerank_importance": 0.3718018764457801,
                "pagerank_doctypebranch": 0.461959663748115,
                "hits_hub_importance": -0.1755330612103275,
                "hits_hub_doctypebranch": -0.1441233589412256,
                "hits_authority_importance": 0.20107492319605458,
                "hits_authority_doctypebranch": 0.4216517759197757,
                "harmonic_centrality_importance": 0.3378084766484182,
                "harmonic_centrality_doctypebranch": 0.45453927592565113,
                "disruption_importance": 0.3321322365902815,
                "disruption_doctypebranch": 0.37459056946264435,
                "composite_importance": 0.36830925159465966,
                "composite_doctypebranch": 0.4653011441368899
            }
        }
    },
    "composite_rankings": {
        "importance": {
            "weight_composite_ranking_param": 0.8200000000000001,
            "weight_composite_ranking": {
                "0": 63.5,
                "1": 63.5,
                "2": 63.5,
                "3": 63.5,
                "4": 63.5,
                "5": 63.5,
                "6": 23.68,
                "7": 4.0,
                "8": 4.82,
                "9": 63.5,
                "10": 1.0,
                "11": 2.82,
                "12": 63.5,
                "13": 12.2,
                "14": 12.2,
                "15": 16.37,
                "16": 63.5,
                "17": 2.36,
                "18": 63.5,
                "19": 63.5,
                "20": 63.5,
                "21": 11.549999999999999,
                "22": 63.5,
                "23": 63.5,
                "24": 21.630000000000003,
                "25": 63.5,
                "26": 63.5,
                "27": 12.37,
                "28": 63.5,
                "29": 14.01,
                "30": 13.91,
                "31": 8.27,
                "32": 29.009999999999998,
                "33": 63.5,
                "34": 63.5,
                "35": 23.68,
                "36": 29.009999999999998,
                "37": 63.5,
                "38": 19.990000000000002,
                "39": 63.5,
                "40": 63.5,
                "41": 19.990000000000002,
                "42": 63.5,
                "43": 63.5,
                "44": 15.55,
                "45": 19.990000000000002,
                "46": 63.5,
                "47": 63.5,
                "48": 63.5,
                "49": 22.450000000000003,
                "50": 6.91,
                "51": 63.5,
                "52": 63.5,
                "53": 63.5,
                "54": 63.5,
                "55": 63.5,
                "56": 63.5,
                "57": 63.5,
                "58": 63.5,
                "59": 63.5,
                "60": 25.32,
                "61": 63.5,
                "62": 7.35,
                "63": 63.5,
                "64": 63.5,
                "65": 63.5,
                "66": 63.5,
                "67": 63.5,
                "68": 10.190000000000001,
                "69": 29.009999999999998,
                "70": 29.009999999999998,
                "71": 63.5,
                "72": 63.5,
                "73": 29.009999999999998,
                "74": 29.009999999999998,
                "75": 63.5,
                "76": 63.5,
                "77": 63.5,
                "78": 63.5,
                "79": 63.5,
                "80": 63.5,
                "81": 63.5,
                "82": 63.5,
                "83": 63.5,
                "84": 25.32,
                "85": 63.5,
                "86": 63.5,
                "87": 63.5,
                "88": 63.5,
                "89": 29.009999999999998,
                "90": 63.5,
                "91": 63.5,
                "92": 63.5
            }
        },
        "doctypebranch": {
            "weight_composite_ranking_param": 0.67,
            "weight_composite_ranking": {
                "0": 63.5,
                "1": 63.5,
                "2": 63.5,
                "3": 63.5,
                "4": 63.5,
                "5": 63.5,
                "6": 23.83,
                "7": 4.0,
                "8": 4.67,
                "9": 63.5,
                "10": 1.0,
                "11": 2.67,
                "12": 63.5,
                "13": 14.45,
                "14": 14.45,
                "15": 15.844999999999999,
                "16": 63.5,
                "17": 2.66,
                "18": 63.5,
                "19": 63.5,
                "20": 63.5,
                "21": 11.175,
                "22": 63.5,
                "23": 63.5,
                "24": 22.155,
                "25": 63.5,
                "26": 63.5,
                "27": 11.845,