{
    "correlations": {
        "importance": {
            "weight_composite_ranking": {
                "degree_centrality_importance": 0.36251385433792427,
                "degree_centrality_doctypebranch": 0.3021634375724265,
                "in_degree_centrality_importance": 0.37140066045728376,
                "in_degree_centrality_doctypebranch": 0.32464269203639184,
                "out_degree_centrality_importance": 0.09619872195874114,
                "out_degree_centrality_doctypebranch": 0.0475331028349605,
                "betweenness_centrality_importance": 0.07366306863916962,
                "betweenness_centrality_doctypebranch": 0.05845921505244563,
                "closeness_centrality_importance": 0.3593625708062509,
                "closeness_centrality_doctypebranch": 0.3199705726278436,
                "core_number_importance": 0.36041433241575666,
                "core_number_doctypebranch": 0.30132145381431286,
                "relative_in_degree_centrality_importance": 0.37140066045728376,
                "relative_in_degree_centrality_doctypebranch": 0.32464269203639184,
                "eigenvector_centrality_importance": 0.3566098361463154,
                "eigenvector_centrality_doctypebranch": 0.313594304791384,
                "pagerank_importance": 0.3779336689627507,
                "pagerank_doctypebranch": 0.3305131991448446,
                "hits_hub_importance": 0.09789766116908998,
                "hits_hub_doctypebranch": 0.045074154150976695,
                "hits_authority_importance": 0.2258399590266362,
                "hits_authority_doctypebranch": 0.26196565133899263,
                "harmonic_centrality_importance": 0.3608967197994142,
                "harmonic_centrality_doctypebranch": 0.3199692190932382,
                "disruption_importance": 0.2632747432930352,
                "disruption_doctypebranch": 0.2549465109046353,
                "composite_importance": 0.37951809742728154,
                "composite_doctypebranch": 0.3313478391131087
            }
        },
        "doctypebranch": {
            "weight_composite_ranking": {
                "degree_centrality_importance": 0.36251385433792427,
                "degree_centrality_doctypebranch": 0.3021634375724265,
                "in_degree_centrality_importance": 0.37140066045728376,
                "in_degree_centrality_doctypebranch": 0.32464269203639184,
                "out_degree_centrality_importance": 0.09619872195874114,
                "out_degree_centrality_doctypebranch": 0.0475331028349605,
                "betweenness_centrality_importance": 0.07366306863916962,
                "betweenness_centrality_doctypebranch": 0.05845921505244563,
                "closeness_centrality_importance": 0.3593625708062509,
                "closeness_centrality_doctypebranch": 0.3199705726278436,
                "core_number_importance": 0.36041433241575666,
                "core_number_doctypebranch": 0.30132145381431286,
                "relative_in_degree_centrality_importance": 0.37140066045728376,
                "relative_in_degree_centrality_doctypebranch": 0.32464269203639184,
                "eigenvector_centrality_importance": 0.3566098361463154,
                "eigenvector_centrality_doctypebranch": 0.313594304791384,
                "pagerank_importance": 0.3779336689627507,
                "pagerank_doctypebranch": 0.3305131991448446,
                "hits_hub_importance": 0.09789766116908998,
                "hits_hub_doctypebranch": 0.045074154150976695,
                "hits_authority_importance": 0.2258399590266362,
                "hits_authority_doctypebranch": 0.26196565133899263,
                "harmonic_centrality_importance": 0.3608967197994142,
                "harmonic_centrality_doctypebranch": 0.3199692190932382,
                "disruption_importance": 0.2632747432930352,
                "disruption_doctypebranch": 0.2549465109046353,
                "composite_importance": 0.37934540846058,
                "composite_doctypebranch": 0.3315565339910817
            }
        }
    },
    "composite_rankings": {
        "importance": {
            "weight_composite_ranking_param": 0.85,
            "weight_composite_ranking": {
                "0": 144.5,
                "1": 144.5,
                "2": 144.5,
                "3": 144.5,
                "4": 144.5,
                "5": 144.5,
                "6": 144.5,
                "7": 144.5,
                "8": 144.5,
                "9": 144.5,
                "10": 144.5,
                "11": 144.5,
                "12": 144.5,
                "13": 144.5,
                "14": 144.5,
                "15": 144.5,
                "16": 53.725,
                "17": 4.075,
                "18": 13.975,
                "19": 4.925,
                "20": 1.0,
                "21": 144.5,
                "22": 46.074999999999996,
                "23": 144.5,
                "24": 59.25,
                "25": 2.925,
                "26": 44.8,
                "27": 144.5,
                "28": 26.1,
                "29": 26.1,
                "30": 144.5,
                "31": 144.5,
                "32": 37.175,
                "33": 144.5,
                "34": 144.5,
                "35": 144.5,
                "36": 144.5,
                "37": 144.5,
                "38": 144.5,
                "39": 144.5,
                "40": 144.5,
                "41": 144.5,
                "42": 144.5,
                "43": 2.075,
                "44": 144.5,
                "45": 144.5,
                "46": 144.5,
                "47": 144.5,
                "48": 15.675,
                "49": 144.5,
                "50": 144.5,
                "51": 144.5,
                "52": 24.175,
                "53": 144.5,
                "54": 144.5,
                "55": 144.5,
                "56": 46.074999999999996,
                "57": 144.5,
                "58": 26.725,
                "59": 144.5,
                "60": 14.825000000000001,
                "61": 36.925,
                "62": 32.5,
                "63": 43.525,
                "64": 35.475,
                "65": 144.5,
                "66": 13.125,
                "67": 15.25,
                "68": 66.05,
                "69": 144.5,
                "70": 144.5,
                "71": 53.725,
                "72": 66.05,
                "73": 144.5,
                "74": 144.5,
                "75": 144.5,
                "76": 144.5,
                "77": 47.775,
                "78": 144.5,
                "79": 144.5,
                "80": 144.5,
                "81": 144.5,
                "82": 23.325,
                "83": 50.324999999999996,
                "84": 144.5,
                "85": 32.5,
                "86": 144.5,
                "87": 144.5,
                "88": 33.775,
                "89": 47.775,
                "90": 144.5,
                "91": 144.5,
                "92": 144.5,
                "93": 144.5,
                "94": 22.475,
                "95": 6.0,
                "96": 144.5,
                "97": 16.95,
                "98": 61.8,
                "99": 61.8,
                "100": 19.075,
                "101": 144.5,
                "102": 28.0,
                "103": 144.5,
                "104": 48.65,
                "105": 31.224999999999998,
                "106": 144.5,
                "107": 144.5,
                "108": 144.5,
                "109": 144.5,
                "110": 17.175,
                "111": 144.5,
                "112": 17.175,
                "113": 144.5,
                "114": 144.5,
                "115": 15.799999999999999,
                "116": 50.324999999999996,
                "117": 144.5,
                "118": 56.275,
                "119": 28.0,
                "120": 144.5,
                "121": 45.675,
                "122": 7.075,
                "123": 144.5,
                "124": 144.5,