{
    "correlations": {
        "importance": {
            "weight_composite_ranking": {
                "degree_centrality_importance": 0.18531476532610017,
                "degree_centrality_doctypebranch": 0.08234380869465344,
                "in_degree_centrality_importance": 0.283973471004259,
                "in_degree_centrality_doctypebranch": 0.12679345505250877,
                "out_degree_centrality_importance": -0.08953267893665662,
                "out_degree_centrality_doctypebranch": -0.042132893751147614,
                "betweenness_centrality_importance": -0.035597947357126916,
                "betweenness_centrality_doctypebranch": -0.016751922890835175,
                "closeness_centrality_importance": 0.27645056403729307,
                "closeness_centrality_doctypebranch": 0.12577776893062803,
                "core_number_importance": 0.1927192155696493,
                "core_number_doctypebranch": 0.08659805816345398,
                "relative_in_degree_centrality_importance": 0.283973471004259,
                "relative_in_degree_centrality_doctypebranch": 0.12679345505250877,
                "eigenvector_centrality_importance": 0.2740211714808778,
                "eigenvector_centrality_doctypebranch": 0.12289168985871429,
                "pagerank_importance": 0.2739367138038791,
                "pagerank_doctypebranch": 0.12374435139809742,
                "hits_hub_importance": 0.0,
                "hits_hub_doctypebranch": 0.0,
                "hits_authority_importance": 0.05661431201175276,
                "hits_authority_doctypebranch": 0.07347343190284272,
                "harmonic_centrality_importance": 0.27645056403729307,
                "harmonic_centrality_doctypebranch": 0.12577776893062803,
                "disruption_importance": 0.29677562553265663,
                "disruption_doctypebranch": 0.1282091531594774,
                "composite_importance": 0.29925780014351844,
                "composite_doctypebranch": 0.1337744826773264
            }
        },
        "doctypebranch": {
            "weight_composite_ranking": {
                "degree_centrality_importance": 0.18531476532610017,
                "degree_centrality_doctypebranch": 0.08234380869465344,
                "in_degree_centrality_importance": 0.283973471004259,
                "in_degree_centrality_doctypebranch": 0.12679345505250877,
                "out_degree_centrality_importance": -0.08953267893665662,
                "out_degree_centrality_doctypebranch": -0.042132893751147614,
                "betweenness_centrality_importance": -0.035597947357126916,
                "betweenness_centrality_doctypebranch": -0.016751922890835175,
                "closeness_centrality_importance": 0.27645056403729307,
                "closeness_centrality_doctypebranch": 0.12577776893062803,
                "core_number_importance": 0.1927192155696493,
                "core_number_doctypebranch": 0.08659805816345398,
                "relative_in_degree_centrality_importance": 0.283973471004259,
                "relative_in_degree_centrality_doctypebranch": 0.12679345505250877,
                "eigenvector_centrality_importance": 0.2740211714808778,
                "eigenvector_centrality_doctypebranch": 0.12289168985871429,
                "pagerank_importance": 0.2739367138038791,
                "pagerank_doctypebranch": 0.12374435139809742,
                "hits_hub_importance": 0.0,
                "hits_hub_doctypebranch": 0.0,
                "hits_authority_importance": 0.05661431201175276,
                "hits_authority_doctypebranch": 0.07347343190284272,
                "harmonic_centrality_importance": 0.27645056403729307,
                "harmonic_centrality_doctypebranch": 0.12577776893062803,
                "disruption_importance": 0.29677562553265663,
                "disruption_doctypebranch": 0.1282091531594774,
                "composite_importance": 0.29925780014351844,
                "composite_doctypebranch": 0.1337744826773264
            }
        }
    },
    "composite_rankings": {
        "importance": {
            "weight_composite_ranking_param": 0.53,
            "weight_composite_ranking": {
                "0": 54.47,
                "1": 54.47,
                "2": 54.47,
                "3": 54.47,
                "4": 54.47,
                "5": 54.47,
                "6": 54.47,
                "7": 54.47,
                "8": 54.47,
                "9": 54.47,
                "10": 54.47,
                "11": 54.47,
                "12": 54.47,
                "13": 54.47,
                "14": 54.47,
                "15": 54.47,
                "16": 54.47,
                "17": 7.4399999999999995,
                "18": 7.4399999999999995,
                "19": 54.47,
                "20": 7.4399999999999995,
                "21": 7.4399999999999995,
                "22": 54.47,
                "23": 54.47,
                "24": 7.4399999999999995,
                "25": 54.47,
                "26": 54.47,
                "27": 4.385,
                "28": 54.47,
                "29": 7.4399999999999995,
                "30": 54.47,
                "31": 54.47,
                "32": 54.47,
                "33": 54.47,
                "34": 54.47,
                "35": 54.47,
                "36": 54.47,
                "37": 54.47,
                "38": 7.4399999999999995,
                "39": 54.47,
                "40": 54.47,
                "41": 54.47,
                "42": 54.47,
                "43": 54.47,
                "44": 54.47,
                "45": 54.875,
                "46": 54.47,
                "47": 54.47,
                "48": 54.47,
                "49": 54.47,
                "50": 54.47,
                "51": 54.47,
                "52": 54.47,
                "53": 54.47,
                "54": 54.47,
                "55": 54.47,
                "56": 54.47,
                "57": 54.47,
                "58": 54.47,
                "59": 54.47,
                "60": 54.47,
                "61": 54.47,
                "62": 54.47,
                "63": 54.47,
                "64": 54.47,
                "65": 54.47,
                "66": 7.4399999999999995,
                "67": 54.47,
                "68": 54.47,
                "69": 54.47,
                "70": 54.47,
                "71": 54.47,
                "72": 54.47,
                "73": 54.47,
                "74": 7.4399999999999995,
                "75": 54.47,
                "76": 54.47,
                "77": 4.385,
                "78": 54.47,
                "79": 54.47,
                "80": 54.47,
                "81": 54.47,
                "82": 4.385,
                "83": 54.47,
                "84": 54.47,
                "85": 54.47,
                "86": 54.47,
                "87": 54.47,
                "88": 54.47,
                "89": 54.47,
                "90": 54.47,
                "91": 54.47,
                "92": 54.47,
                "93": 54.47,
                "94": 54.47,
                "95": 54.47
            }
        },
        "doctypebranch": {
            "weight_composite_ranking_param": 0.53,
            "weight_composite_ranking": {
                "0": 54.47,
                "1": 54.47,
                "2": 54.47,
                "3": 54.47,
                "4": 54.47,
                "5": 54.47,
                "6": 54.47,
                "7": 54.47,
                "8": 54.47,
                "9": 54.47,
                "10": 54.47,
                "11": 54.47,
                "12": 54.47,
                "13": 54.47,
                "14": 54.47,
                "15": 54.47,
                "16": 54.47,
                "17": 7.4399999999999995,
                "18": 7.4399999999999995,
                "19": 54.47,
                "20": 7.4399999999999995,
                "21": 7.4399999999999995,
                "22": 54.47,
                "23": 54.47,