{
    "correlations": {
        "importance": {
            "weight_composite_ranking": {
                "degree_centrality_importance": 0.1369234104025389,
                "degree_centrality_doctypebranch": -0.02425572034189052,
                "in_degree_centrality_importance": 0.2510375822079135,
                "in_degree_centrality_doctypebranch": -0.015603799185888738,
                "out_degree_centrality_importance": -0.06622575187981125,
                "out_degree_centrality_doctypebranch": -0.01877082450465574,
                "betweenness_centrality_importance": -0.02390117578886167,
                "betweenness_centrality_doctypebranch": -0.0067744761433870156,
                "closeness_centrality_importance": 0.24882424448463053,
                "closeness_centrality_doctypebranch": -0.01560309349883929,
                "core_number_importance": 0.12953032973846995,
                "core_number_doctypebranch": -0.02432834242158694,
                "relative_in_degree_centrality_importance": 0.2510375822079135,
                "relative_in_degree_centrality_doctypebranch": -0.015603799185888738,
                "eigenvector_centrality_importance": 0.24882424448463053,
                "eigenvector_centrality_doctypebranch": -0.01560309349883929,
                "pagerank_importance": 0.24882424448463053,
                "pagerank_doctypebranch": -0.01560309349883929,
                "hits_hub_importance": -0.009443807517041655,
                "hits_hub_doctypebranch": -0.002676723910660156,
                "hits_authority_importance": -0.03233474795984962,
                "hits_authority_doctypebranch": 0.021650935549032847,
                "harmonic_centrality_importance": 0.24882424448463053,
                "harmonic_centrality_doctypebranch": -0.01560309349883929,
                "disruption_importance": 0.2532969538247491,
                "disruption_doctypebranch": -0.01560732905793613,
                "composite_importance": 0.2532053123768059,
                "composite_doctypebranch": -0.015601682411927173
            }
        },
        "doctypebranch": {
            "weight_composite_ranking": {
                "degree_centrality_importance": 0.1369234104025389,
                "degree_centrality_doctypebranch": -0.02425572034189052,
                "in_degree_centrality_importance": 0.2510375822079135,
                "in_degree_centrality_doctypebranch": -0.015603799185888738,
                "out_degree_centrality_importance": -0.06622575187981125,
                "out_degree_centrality_doctypebranch": -0.01877082450465574,
                "betweenness_centrality_importance": -0.02390117578886167,
                "betweenness_centrality_doctypebranch": -0.0067744761433870156,
                "closeness_centrality_importance": 0.24882424448463053,
                "closeness_centrality_doctypebranch": -0.01560309349883929,
                "core_number_importance": 0.12953032973846995,
                "core_number_doctypebranch": -0.02432834242158694,
                "relative_in_degree_centrality_importance": 0.2510375822079135,
                "relative_in_degree_centrality_doctypebranch": -0.015603799185888738,
                "eigenvector_centrality_importance": 0.24882424448463053,
                "eigenvector_centrality_doctypebranch": -0.01560309349883929,
                "pagerank_importance": 0.24882424448463053,
                "pagerank_doctypebranch": -0.01560309349883929,
                "hits_hub_importance": -0.009443807517041655,
                "hits_hub_doctypebranch": -0.002676723910660156,
                "hits_authority_importance": -0.03233474795984962,
                "hits_authority_doctypebranch": 0.021650935549032847,
                "harmonic_centrality_importance": 0.24882424448463053,
                "harmonic_centrality_doctypebranch": -0.01560309349883929,
                "disruption_importance": 0.2532969538247491,
                "disruption_doctypebranch": -0.01560732905793613,
                "composite_importance": 0.1369234104025389,
                "composite_doctypebranch": -0.02425572034189052
            }
        }
    },
    "composite_rankings": {
        "importance": {
            "weight_composite_ranking_param": 0.01,
            "weight_composite_ranking": {
                "0": 37.5,
                "1": 37.5,
                "2": 37.5,
                "3": 37.5,
                "4": 37.5,
                "5": 37.5,
                "6": 3.985,
                "7": 1.5099999999999998,
                "8": 37.5,
                "9": 37.5,
                "10": 37.5,
                "11": 37.5,
                "12": 1.5099999999999998,
                "13": 37.5,
                "14": 3.985,
                "15": 37.5,
                "16": 37.5,
                "17": 37.5,
                "18": 37.5,
                "19": 37.5,
                "20": 37.5,
                "21": 37.5,
                "22": 37.5,
                "23": 37.5,
                "24": 37.5,
                "25": 37.5,
                "26": 37.5,
                "27": 4.01,
                "28": 37.5,
                "29": 37.5,
                "30": 37.5,
                "31": 37.5,
                "32": 37.5,
                "33": 37.5,
                "34": 37.5,
                "35": 37.5,
                "36": 37.5,
                "37": 37.5,
                "38": 37.5,
                "39": 37.5,
                "40": 37.5,
                "41": 37.5,
                "42": 37.5,
                "43": 37.5,
                "44": 37.5,
                "45": 37.5,
                "46": 37.5,
                "47": 37.5,
                "48": 37.5,
                "49": 37.5,
                "50": 37.5,
                "51": 37.5,
                "52": 37.5,
                "53": 37.5,
                "54": 37.5,
                "55": 37.5,
                "56": 37.5,
                "57": 37.5,
                "58": 37.5,
                "59": 37.5,
                "60": 37.5,
                "61": 37.5,
                "62": 37.5,
                "63": 37.5,
                "64": 37.5,
                "65": 37.5,
                "66": 37.5,
                "67": 37.5,
                "68": 37.5
            }
        },
        "doctypebranch": {
            "weight_composite_ranking_param": 0.01,
            "weight_composite_ranking": {
                "0": 40.5,
                "1": 40.5,
                "2": 40.5,
                "3": 40.5,
                "4": 40.5,
                "5": 40.5,
                "6": 7.484999999999999,
                "7": 2.04,
                "8": 40.5,
                "9": 40.5,
                "10": 40.5,
                "11": 40.5,
                "12": 2.04,
                "13": 40.5,
                "14": 7.484999999999999,
                "15": 7.484999999999999,
                "16": 7.484999999999999,
                "17": 40.5,
                "18": 40.5,
                "19": 40.5,
                "20": 40.5,
                "21": 40.5,
                "22": 40.5,
                "23": 40.5,
                "24": 40.5,
                "25": 40.5,
                "26": 40.5,
                "27": 2.04,
                "28": 40.5,
                "29": 40.5,
                "30": 40.5,
                "31": 40.5,
                "32": 7.484999999999999,
                "33": 40.5,
                "34": 40.5,
                "35": 40.5,
                "36": 7.484999999999999,
                "37": 40.5,
                "38": 7.484999999999999,
                "39": 40.5,
                "40": 7.484999999999999,
                "41": 40.5,
                "42": 40.5,
                "43": 40.5,
                "44": 40.5,
                "45": 40.5,
                "46": 40.5,
                "47": 40.5,
                "48": 40.5,
                "49": 40.5,
                "50": 40.5,
                "51": 40.5,
                "52": 40.5,