{
    "correlations": {
        "importance": {
            "weight_composite_ranking": {
                "degree_centrality_importance": 0.2593153890731543,
                "degree_centrality_doctypebranch": 0.23303578530386215,
                "in_degree_centrality_importance": 0.2642559236611658,
                "in_degree_centrality_doctypebranch": 0.24728867779332284,
                "out_degree_centrality_importance": 0.09609306314951484,
                "out_degree_centrality_doctypebranch": 0.07654173360269517,
                "betweenness_centrality_importance": NaN,
                "betweenness_centrality_doctypebranch": NaN,
                "closeness_centrality_importance": 0.2642559236611658,
                "closeness_centrality_doctypebranch": 0.24728867779332284,
                "core_number_importance": 0.2593153890731543,
                "core_number_doctypebranch": 0.23303578530386215,
                "relative_in_degree_centrality_importance": 0.2642559236611658,
                "relative_in_degree_centrality_doctypebranch": 0.24728867779332284,
                "eigenvector_centrality_importance": 0.2642559236611658,
                "eigenvector_centrality_doctypebranch": 0.24728867779332284,
                "pagerank_importance": 0.2642559236611658,
                "pagerank_doctypebranch": 0.24728867779332284,
                "hits_hub_importance": 0.0,
                "hits_hub_doctypebranch": 0.0,
                "hits_authority_importance": -0.0036300072511665366,
                "hits_authority_doctypebranch": -0.06609746713649087,
                "harmonic_centrality_importance": 0.2642559236611658,
                "harmonic_centrality_doctypebranch": 0.24728867779332284,
                "disruption_importance": 0.2642559236611658,
                "disruption_doctypebranch": 0.24728867779332284,
                "composite_importance": 0.2642559236611658,
                "composite_doctypebranch": 0.24728867779332284
            }
        },
        "doctypebranch": {
            "weight_composite_ranking": {
                "degree_centrality_importance": 0.2593153890731543,
                "degree_centrality_doctypebranch": 0.23303578530386215,
                "in_degree_centrality_importance": 0.2642559236611658,
                "in_degree_centrality_doctypebranch": 0.24728867779332284,
                "out_degree_centrality_importance": 0.09609306314951484,
                "out_degree_centrality_doctypebranch": 0.07654173360269517,
                "betweenness_centrality_importance": NaN,
                "betweenness_centrality_doctypebranch": NaN,
                "closeness_centrality_importance": 0.2642559236611658,
                "closeness_centrality_doctypebranch": 0.24728867779332284,
                "core_number_importance": 0.2593153890731543,
                "core_number_doctypebranch": 0.23303578530386215,
                "relative_in_degree_centrality_importance": 0.2642559236611658,
                "relative_in_degree_centrality_doctypebranch": 0.24728867779332284,
                "eigenvector_centrality_importance": 0.2642559236611658,
                "eigenvector_centrality_doctypebranch": 0.24728867779332284,
                "pagerank_importance": 0.2642559236611658,
                "pagerank_doctypebranch": 0.24728867779332284,
                "hits_hub_importance": 0.0,
                "hits_hub_doctypebranch": 0.0,
                "hits_authority_importance": -0.0036300072511665366,
                "hits_authority_doctypebranch": -0.06609746713649087,
                "harmonic_centrality_importance": 0.2642559236611658,
                "harmonic_centrality_doctypebranch": 0.24728867779332284,
                "disruption_importance": 0.2642559236611658,
                "disruption_doctypebranch": 0.24728867779332284,
                "composite_importance": 0.2642559236611658,
                "composite_doctypebranch": 0.24728867779332284
            }
        }
    },
    "composite_rankings": {
        "importance": {
            "weight_composite_ranking_param": 0.01,
            "weight_composite_ranking": {
                "0": 31.5,
                "1": 31.5,
                "2": 31.5,
                "3": 31.5,
                "4": 31.5,
                "5": 31.5,
                "6": 31.5,
                "7": 31.5,
                "8": 31.5,
                "9": 31.5,
                "10": 31.5,
                "11": 31.5,
                "12": 31.5,
                "13": 31.5,
                "14": 31.5,
                "15": 31.5,
                "16": 31.5,
                "17": 31.5,
                "18": 31.5,
                "19": 31.5,
                "20": 31.5,
                "21": 31.5,
                "22": 31.5,
                "23": 31.5,
                "24": 31.5,
                "25": 31.5,
                "26": 31.5,
                "27": 31.5,
                "28": 31.5,
                "29": 31.5,
                "30": 31.5,
                "31": 31.5,
                "32": 31.5,
                "33": 31.5,
                "34": 31.5,
                "35": 31.5,
                "36": 31.5,
                "37": 31.5,
                "38": 31.5,
                "39": 31.5,
                "40": 31.5,
                "41": 31.5,
                "42": 31.5,
                "43": 31.5,
                "44": 31.5,
                "45": 31.5,
                "46": 1.4999999999999998,
                "47": 31.5,
                "48": 31.5,
                "49": 31.5,
                "50": 1.4999999999999998,
                "51": 31.5,
                "52": 31.5,
                "53": 31.5,
                "54": 31.5,
                "55": 31.5,
                "56": 31.5,
                "57": 31.5,
                "58": 31.5,
                "59": 31.5
            }
        },
        "doctypebranch": {
            "weight_composite_ranking_param": 0.01,
            "weight_composite_ranking": {
                "0": 31.5,
                "1": 31.5,
                "2": 31.5,
                "3": 31.5,
                "4": 31.5,
                "5": 31.5,
                "6": 31.5,
                "7": 31.5,
                "8": 31.5,
                "9": 31.5,
                "10": 31.5,
                "11": 31.5,
                "12": 31.5,
                "13": 31.5,
                "14": 31.5,
                "15": 31.5,
                "16": 31.5,
                "17": 31.5,
                "18": 31.5,
                "19": 31.5,
                "20": 31.5,
                "21": 31.5,
                "22": 31.5,
                "23": 31.5,
                "24": 31.5,
                "25": 31.5,
                "26": 31.5,
                "27": 31.5,
                "28": 31.5,
                "29": 31.5,
                "30": 31.5,
                "31": 31.5,
                "32": 31.5,
                "33": 31.5,
                "34": 31.5,
                "35": 31.5,
                "36": 31.5,
                "37": 31.5,
                "38": 31.5,
                "39": 31.5,
                "40": 31.5,
                "41": 31.5,
                "42": 31.5,
                "43": 31.5,
                "44": 31.5,
                "45": 31.5,
                "46": 1.4999999999999998,
                "47": 31.5,
                "48": 31.5,
                "49": 31.5,
                "50": 1.4999999999999998,
                "51": 31.5,
                "52": 31.5,
                "53": 31.5,
                "54": 31.5,
                "55": 31.5,
                "56": 31.5,
                "57": 31.5,
                "58": 31.5,
                "59": 31.5
            }
        }
    },
    "best_centralities": {
        "importance": {
            "high": "in_degree_centrality",
            "low": "closeness_centrality"
        },
        "doctypebranch": {
            "high": "in_degree_centrality",
            "low": "closeness_centrality"
        }
    },