{
    "correlations": {
        "importance": {
            "weight_composite_ranking": {
                "degree_centrality_importance": 0.2380947415124949,
                "degree_centrality_doctypebranch": 0.21426846542644834,
                "in_degree_centrality_importance": 0.23067160098087333,
                "in_degree_centrality_doctypebranch": 0.22206091723416424,
                "out_degree_centrality_importance": 0.0841839391925032,
                "out_degree_centrality_doctypebranch": 0.057739643796082006,
                "betweenness_centrality_importance": NaN,
                "betweenness_centrality_doctypebranch": NaN,
                "closeness_centrality_importance": 0.23067160098087333,
                "closeness_centrality_doctypebranch": 0.22206091723416424,
                "core_number_importance": 0.2418127586307059,
                "core_number_doctypebranch": 0.2185766894393443,
                "relative_in_degree_centrality_importance": 0.23067160098087333,
                "relative_in_degree_centrality_doctypebranch": 0.22206091723416424,
                "eigenvector_centrality_importance": 0.23067160098087333,
                "eigenvector_centrality_doctypebranch": 0.22206091723416424,
                "pagerank_importance": 0.23056703873217593,
                "pagerank_doctypebranch": 0.22222748337428663,
                "hits_hub_importance": -0.09312867559328239,
                "hits_hub_doctypebranch": -0.09528721918722975,
                "hits_authority_importance": 0.13987426947095624,
                "hits_authority_doctypebranch": 0.10402768857838385,
                "harmonic_centrality_importance": 0.23067160098087333,
                "harmonic_centrality_doctypebranch": 0.22206091723416424,
                "disruption_importance": 0.2324897042138686,
                "disruption_doctypebranch": 0.22422385497298822,
                "composite_importance": 0.23884723215160517,
                "composite_doctypebranch": 0.21510742121928927
            }
        },
        "doctypebranch": {
            "weight_composite_ranking": {
                "degree_centrality_importance": 0.2380947415124949,
                "degree_centrality_doctypebranch": 0.21426846542644834,
                "in_degree_centrality_importance": 0.23067160098087333,
                "in_degree_centrality_doctypebranch": 0.22206091723416424,
                "out_degree_centrality_importance": 0.0841839391925032,
                "out_degree_centrality_doctypebranch": 0.057739643796082006,
                "betweenness_centrality_importance": NaN,
                "betweenness_centrality_doctypebranch": NaN,
                "closeness_centrality_importance": 0.23067160098087333,
                "closeness_centrality_doctypebranch": 0.22206091723416424,
                "core_number_importance": 0.2418127586307059,
                "core_number_doctypebranch": 0.2185766894393443,
                "relative_in_degree_centrality_importance": 0.23067160098087333,
                "relative_in_degree_centrality_doctypebranch": 0.22206091723416424,
                "eigenvector_centrality_importance": 0.23067160098087333,
                "eigenvector_centrality_doctypebranch": 0.22206091723416424,
                "pagerank_importance": 0.23056703873217593,
                "pagerank_doctypebranch": 0.22222748337428663,
                "hits_hub_importance": -0.09312867559328239,
                "hits_hub_doctypebranch": -0.09528721918722975,
                "hits_authority_importance": 0.13987426947095624,
                "hits_authority_doctypebranch": 0.10402768857838385,
                "harmonic_centrality_importance": 0.23067160098087333,
                "harmonic_centrality_doctypebranch": 0.22206091723416424,
                "disruption_importance": 0.2324897042138686,
                "disruption_doctypebranch": 0.22422385497298822,
                "composite_importance": 0.23056703873217593,
                "composite_doctypebranch": 0.22222748337428663
            }
        }
    },
    "composite_rankings": {
        "importance": {
            "weight_composite_ranking_param": 0.34,
            "weight_composite_ranking": {
                "0": 111.0,
                "1": 111.0,
                "2": 111.0,
                "3": 111.0,
                "4": 111.0,
                "5": 111.0,
                "6": 111.0,
                "7": 111.0,
                "8": 111.0,
                "9": 111.0,
                "10": 111.0,
                "11": 111.0,
                "12": 111.0,
                "13": 111.0,
                "14": 13.819999999999999,
                "15": 111.0,
                "16": 111.0,
                "17": 5.57,
                "18": 111.0,
                "19": 111.0,
                "20": 111.0,
                "21": 111.0,
                "22": 111.0,
                "23": 111.0,
                "24": 111.0,
                "25": 111.0,
                "26": 111.0,
                "27": 111.0,
                "28": 111.0,
                "29": 111.0,
                "30": 111.0,
                "31": 111.0,
                "32": 111.0,
                "33": 111.0,
                "34": 4.91,
                "35": 111.0,
                "36": 111.0,
                "37": 111.0,
                "38": 111.0,
                "39": 111.0,
                "40": 111.0,
                "41": 111.0,
                "42": 111.0,
                "43": 8.209999999999999,
                "44": 111.0,
                "45": 111.0,
                "46": 111.0,
                "47": 111.0,
                "48": 111.0,
                "49": 111.0,
                "50": 111.0,
                "51": 111.0,
                "52": 111.0,
                "53": 111.0,
                "54": 111.0,
                "55": 111.0,
                "56": 111.0,
                "57": 111.0,
                "58": 111.0,
                "59": 111.0,
                "60": 4.81,
                "61": 111.0,
                "62": 111.0,
                "63": 111.0,
                "64": 111.0,
                "65": 111.0,
                "66": 111.0,
                "67": 111.0,
                "68": 111.0,
                "69": 111.0,
                "70": 111.0,
                "71": 111.0,
                "72": 111.0,
                "73": 111.0,
                "74": 111.0,
                "75": 111.0,
                "76": 111.0,
                "77": 111.0,
                "78": 111.0,
                "79": 111.0,
                "80": 111.0,
                "81": 111.0,
                "82": 111.0,
                "83": 111.0,
                "84": 111.0,
                "85": 111.0,
                "86": 111.0,
                "87": 111.0,
                "88": 111.0,
                "89": 111.0,
                "90": 111.0,
                "91": 111.0,
                "92": 111.0,
                "93": 111.0,
                "94": 111.0,
                "95": 111.0,
                "96": 111.0,
                "97": 111.0,
                "98": 111.0,
                "99": 111.0,
                "100": 111.0,
                "101": 111.0,
                "102": 111.0,
                "103": 111.0,
                "104": 111.0,
                "105": 111.0,
                "106": 111.0,
                "107": 111.0,
                "108": 111.0,
                "109": 111.0,
                "110": 111.0,
                "111": 111.0,
                "112": 111.0,
                "113": 111.0,
                "114": 111.0,
                "115": 111.0,
                "116": 111.0,
                "117": 111.0,
                "118": 111.0,
                "119": 111.0,
                "120": 111.0,
                "121": 111.0,
                "122": 111.0,
                "123": 111.0,
                "124": 111.0,
                "125": 111.0,
                "126": 111.0,
                "127": 13.819999999999999,