{
    "correlations": {
        "importance": {
            "weight_composite_ranking": {
                "degree_centrality_importance": 0.21123266344097197,
                "degree_centrality_doctypebranch": 0.25052979529389835,
                "in_degree_centrality_importance": 0.28756701765147413,
                "in_degree_centrality_doctypebranch": 0.29734041806564937,
                "out_degree_centrality_importance": -0.010849612810874217,
                "out_degree_centrality_doctypebranch": 0.03733128611700386,
                "betweenness_centrality_importance": -0.004334644533626819,
                "betweenness_centrality_doctypebranch": 0.01491462028378974,
                "closeness_centrality_importance": 0.2865150954893704,
                "closeness_centrality_doctypebranch": 0.2954816127182297,
                "core_number_importance": 0.20084828803266364,
                "core_number_doctypebranch": 0.24531145611334945,
                "relative_in_degree_centrality_importance": 0.28756701765147413,
                "relative_in_degree_centrality_doctypebranch": 0.29734041806564937,
                "eigenvector_centrality_importance": 0.2865150954893704,
                "eigenvector_centrality_doctypebranch": 0.2954816127182297,
                "pagerank_importance": 0.28749711709112796,
                "pagerank_doctypebranch": 0.2936472045500534,
                "hits_hub_importance": -0.01084604854901362,
                "hits_hub_doctypebranch": 0.03731902222504447,
                "hits_authority_importance": 0.2080873645599315,
                "hits_authority_doctypebranch": 0.13968458288314112,
                "harmonic_centrality_importance": 0.2865150954893704,
                "harmonic_centrality_doctypebranch": 0.2954816127182297,
                "disruption_importance": 0.27532429678661524,
                "disruption_doctypebranch": 0.25775927478506044,
                "composite_importance": 0.28756701765147413,
                "composite_doctypebranch": 0.29734041806564937
            }
        },
        "doctypebranch": {
            "weight_composite_ranking": {
                "degree_centrality_importance": 0.21123266344097197,
                "degree_centrality_doctypebranch": 0.25052979529389835,
                "in_degree_centrality_importance": 0.28756701765147413,
                "in_degree_centrality_doctypebranch": 0.29734041806564937,
                "out_degree_centrality_importance": -0.010849612810874217,
                "out_degree_centrality_doctypebranch": 0.03733128611700386,
                "betweenness_centrality_importance": -0.004334644533626819,
                "betweenness_centrality_doctypebranch": 0.01491462028378974,
                "closeness_centrality_importance": 0.2865150954893704,
                "closeness_centrality_doctypebranch": 0.2954816127182297,
                "core_number_importance": 0.20084828803266364,
                "core_number_doctypebranch": 0.24531145611334945,
                "relative_in_degree_centrality_importance": 0.28756701765147413,
                "relative_in_degree_centrality_doctypebranch": 0.29734041806564937,
                "eigenvector_centrality_importance": 0.2865150954893704,
                "eigenvector_centrality_doctypebranch": 0.2954816127182297,
                "pagerank_importance": 0.28749711709112796,
                "pagerank_doctypebranch": 0.2936472045500534,
                "hits_hub_importance": -0.01084604854901362,
                "hits_hub_doctypebranch": 0.03731902222504447,
                "hits_authority_importance": 0.2080873645599315,
                "hits_authority_doctypebranch": 0.13968458288314112,
                "harmonic_centrality_importance": 0.2865150954893704,
                "harmonic_centrality_doctypebranch": 0.2954816127182297,
                "disruption_importance": 0.27532429678661524,
                "disruption_doctypebranch": 0.25775927478506044,
                "composite_importance": 0.28756701765147413,
                "composite_doctypebranch": 0.29734041806564937
            }
        }
    },
    "composite_rankings": {
        "importance": {
            "weight_composite_ranking_param": 0.01,
            "weight_composite_ranking": {
                "0": 40.5,
                "1": 40.5,
                "2": 40.5,
                "3": 40.5,
                "4": 40.5,
                "5": 40.5,
                "6": 40.5,
                "7": 40.5,
                "8": 40.5,
                "9": 40.5,
                "10": 40.5,
                "11": 1.0,
                "12": 40.5,
                "13": 40.5,
                "14": 2.9999999999999996,
                "15": 40.5,
                "16": 40.5,
                "17": 40.5,
                "18": 40.5,
                "19": 40.5,
                "20": 4.0,
                "21": 40.5,
                "22": 40.5,
                "23": 40.5,
                "24": 40.5,
                "25": 40.5,
                "26": 40.5,
                "27": 40.5,
                "28": 40.5,
                "29": 40.5,
                "30": 40.5,
                "31": 40.5,
                "32": 40.5,
                "33": 40.5,
                "34": 6.5,
                "35": 40.5,
                "36": 40.5,
                "37": 40.5,
                "38": 40.5,
                "39": 40.5,
                "40": 40.5,
                "41": 2.0,
                "42": 40.5,
                "43": 40.5,
                "44": 40.5,
                "45": 6.5,
                "46": 40.5,
                "47": 6.5,
                "48": 40.5,
                "49": 40.5,
                "50": 6.5,
                "51": 40.5,
                "52": 40.5,
                "53": 40.5,
                "54": 40.5,
                "55": 40.5,
                "56": 40.5,
                "57": 40.5,
                "58": 40.5,
                "59": 40.5,
                "60": 40.5,
                "61": 40.5,
                "62": 40.5,
                "63": 40.5,
                "64": 40.5,
                "65": 40.5,
                "66": 40.5,
                "67": 40.5,
                "68": 40.5,
                "69": 40.5,
                "70": 40.5,
                "71": 40.5
            }
        },
        "doctypebranch": {
            "weight_composite_ranking_param": 0.01,
            "weight_composite_ranking": {
                "0": 40.5,
                "1": 40.5,
                "2": 40.5,
                "3": 40.5,
                "4": 40.5,
                "5": 40.5,
                "6": 40.5,
                "7": 40.5,
                "8": 40.5,
                "9": 40.5,
                "10": 40.5,
                "11": 1.0,
                "12": 40.5,
                "13": 40.5,
                "14": 2.9999999999999996,
                "15": 40.5,
                "16": 40.5,
                "17": 40.5,
                "18": 40.5,
                "19": 40.5,
                "20": 4.0,
                "21": 40.5,
                "22": 40.5,
                "23": 40.5,
                "24": 40.5,
                "25": 40.5,
                "26": 40.5,
                "27": 40.5,
                "28": 40.5,
                "29": 40.5,
                "30": 40.5,
                "31": 40.5,
                "32": 40.5,
                "33": 40.5,
                "34": 6.5,
                "35": 40.5,
                "36": 40.5,
                "37": 40.5,
                "38": 40.5,
                "39": 40.5,
                "40": 40.5,
                "41": 2.0,
                "42": 40.5,
                "43": 40.5,
                "44": 40.5,
                "45": 6.5,
                "46": 40.5,
                "47": 6.5,
                "48": 40.5,
                "49": 40.5,
                "50": 6.5,
                "51": 40.5,
                "52": 40.5,
                "53": 40.5,
                "54": 40.5,
                "55": 40.5,