{
    "correlations": {
        "importance": {
            "weight_composite_ranking": {
                "degree_centrality_importance": 0.11865770042609192,
                "degree_centrality_doctypebranch": 0.15483611751472964,
                "in_degree_centrality_importance": 0.3057708813024181,
                "in_degree_centrality_doctypebranch": 0.3200117211254144,
                "out_degree_centrality_importance": -0.2187584627256936,
                "out_degree_centrality_doctypebranch": -0.1817739267078479,
                "betweenness_centrality_importance": NaN,
                "betweenness_centrality_doctypebranch": NaN,
                "closeness_centrality_importance": 0.3057708813024181,
                "closeness_centrality_doctypebranch": 0.3200117211254144,
                "core_number_importance": 0.12590385778583235,
                "core_number_doctypebranch": 0.1634271557397623,
                "relative_in_degree_centrality_importance": 0.3057708813024181,
                "relative_in_degree_centrality_doctypebranch": 0.3200117211254144,
                "eigenvector_centrality_importance": 0.3057708813024181,
                "eigenvector_centrality_doctypebranch": 0.3200117211254144,
                "pagerank_importance": 0.3083425541945145,
                "pagerank_doctypebranch": 0.3177303096772666,
                "hits_hub_importance": -0.21424800590711596,
                "hits_hub_doctypebranch": -0.1693724787538655,
                "hits_authority_importance": 0.13035047324407434,
                "hits_authority_doctypebranch": 0.16562217410513091,
                "harmonic_centrality_importance": 0.3057708813024181,
                "harmonic_centrality_doctypebranch": 0.3200117211254144,
                "disruption_importance": 0.3071812381489428,
                "disruption_doctypebranch": 0.319489535587988,
                "composite_importance": 0.3083425541945145,
                "composite_doctypebranch": 0.3177303096772666
            }
        },
        "doctypebranch": {
            "weight_composite_ranking": {
                "degree_centrality_importance": 0.11865770042609192,
                "degree_centrality_doctypebranch": 0.15483611751472964,
                "in_degree_centrality_importance": 0.3057708813024181,
                "in_degree_centrality_doctypebranch": 0.3200117211254144,
                "out_degree_centrality_importance": -0.2187584627256936,
                "out_degree_centrality_doctypebranch": -0.1817739267078479,
                "betweenness_centrality_importance": NaN,
                "betweenness_centrality_doctypebranch": NaN,
                "closeness_centrality_importance": 0.3057708813024181,
                "closeness_centrality_doctypebranch": 0.3200117211254144,
                "core_number_importance": 0.12590385778583235,
                "core_number_doctypebranch": 0.1634271557397623,
                "relative_in_degree_centrality_importance": 0.3057708813024181,
                "relative_in_degree_centrality_doctypebranch": 0.3200117211254144,
                "eigenvector_centrality_importance": 0.3057708813024181,
                "eigenvector_centrality_doctypebranch": 0.3200117211254144,
                "pagerank_importance": 0.3083425541945145,
                "pagerank_doctypebranch": 0.3177303096772666,
                "hits_hub_importance": -0.21424800590711596,
                "hits_hub_doctypebranch": -0.1693724787538655,
                "hits_authority_importance": 0.13035047324407434,
                "hits_authority_doctypebranch": 0.16562217410513091,
                "harmonic_centrality_importance": 0.3057708813024181,
                "harmonic_centrality_doctypebranch": 0.3200117211254144,
                "disruption_importance": 0.3071812381489428,
                "disruption_doctypebranch": 0.319489535587988,
                "composite_importance": 0.3057708813024181,
                "composite_doctypebranch": 0.3200117211254144
            }
        }
    },
    "composite_rankings": {
        "importance": {
            "weight_composite_ranking_param": 0.01,
            "weight_composite_ranking": {
                "0": 76.0,
                "1": 76.0,
                "2": 76.0,
                "3": 76.0,
                "4": 76.0,
                "5": 76.0,
                "6": 76.0,
                "7": 76.0,
                "8": 76.0,
                "9": 76.0,
                "10": 76.0,
                "11": 76.0,
                "12": 76.0,
                "13": 76.0,
                "14": 76.0,
                "15": 76.0,
                "16": 76.0,
                "17": 76.0,
                "18": 76.0,
                "19": 76.0,
                "20": 76.0,
                "21": 9.99,
                "22": 76.0,
                "23": 76.0,
                "24": 76.0,
                "25": 76.0,
                "26": 76.0,
                "27": 76.0,
                "28": 76.0,
                "29": 76.0,
                "30": 76.0,
                "31": 76.0,
                "32": 76.0,
                "33": 76.0,
                "34": 76.0,
                "35": 76.0,
                "36": 76.0,
                "37": 76.0,
                "38": 76.0,
                "39": 76.0,
                "40": 76.0,
                "41": 76.0,
                "42": 76.0,
                "43": 76.0,
                "44": 76.0,
                "45": 76.0,
                "46": 76.0,
                "47": 76.0,
                "48": 76.0,
                "49": 76.0,
                "50": 76.0,
                "51": 76.0,
                "52": 76.0,
                "53": 76.0,
                "54": 76.0,
                "55": 76.0,
                "56": 76.0,
                "57": 76.0,
                "58": 76.0,
                "59": 76.0,
                "60": 9.91,
                "61": 76.0,
                "62": 9.950000000000001,
                "63": 76.0,
                "64": 76.0,
                "65": 76.0,
                "66": 76.0,
                "67": 10.02,
                "68": 76.0,
                "69": 76.0,
                "70": 76.0,
                "71": 76.0,
                "72": 76.0,
                "73": 76.0,
                "74": 76.0,
                "75": 10.07,
                "76": 76.0,
                "77": 76.0,
                "78": 76.0,
                "79": 76.0,
                "80": 76.0,
                "81": 76.0,
                "82": 10.02,
                "83": 76.0,
                "84": 76.0,
                "85": 76.0,
                "86": 76.0,
                "87": 76.0,
                "88": 76.0,
                "89": 76.0,
                "90": 76.0,
                "91": 76.0,
                "92": 10.07,
                "93": 76.0,
                "94": 10.02,
                "95": 76.0,
                "96": 10.07,
                "97": 76.0,
                "98": 76.0,
                "99": 76.0,
                "100": 76.0,
                "101": 76.0,
                "102": 9.99,
                "103": 76.0,
                "104": 76.0,
                "105": 76.0,
                "106": 76.0,
                "107": 76.0,
                "108": 76.0,
                "109": 9.94,
                "110": 76.0,
                "111": 76.0,
                "112": 76.0,
                "113": 10.07,
                "114": 10.040000000000001,
                "115": 76.0,
                "116": 76.0,
                "117": 76.0,
                "118": 76.0,
                "119": 76.0,
                "120": 76.0,
                "121": 76.0,
                "122": 9.96,
                "123": 9.925,
                "124": 9.99,
                "125": 9.97,
                "126": 10.07,
                "127": 76.0,
                "128": 9.925,
                "129": 76.0,
                "130": 76.0,
                "131": 76.0
            }
        },