{
    "correlations": {
        "importance": {
            "weight_composite_ranking": {
                "degree_centrality_importance": 0.18953726282623978,
                "degree_centrality_doctypebranch": 0.25016862194336326,
                "in_degree_centrality_importance": 0.11612296527597592,
                "in_degree_centrality_doctypebranch": 0.2708997893827537,
                "out_degree_centrality_importance": 0.14548618588224513,
                "out_degree_centrality_doctypebranch": 0.05689369521505563,
                "betweenness_centrality_importance": NaN,
                "betweenness_centrality_doctypebranch": NaN,
                "closeness_centrality_importance": 0.11612296527597592,
                "closeness_centrality_doctypebranch": 0.2708997893827537,
                "core_number_importance": 0.186411285065466,
                "core_number_doctypebranch": 0.24695251962767908,
                "relative_in_degree_centrality_importance": 0.11612296527597592,
                "relative_in_degree_centrality_doctypebranch": 0.2708997893827537,
                "eigenvector_centrality_importance": 0.11612296527597592,
                "eigenvector_centrality_doctypebranch": 0.2708997893827537,
                "pagerank_importance": 0.11558628854878293,
                "pagerank_doctypebranch": 0.2682763376977522,
                "hits_hub_importance": 0.08976334948380878,
                "hits_hub_doctypebranch": 0.06836659145515275,
                "hits_authority_importance": -0.03963637530040483,
                "hits_authority_doctypebranch": 0.07733304013137708,
                "harmonic_centrality_importance": 0.11612296527597592,
                "harmonic_centrality_doctypebranch": 0.2708997893827537,
                "disruption_importance": 0.11580824934542758,
                "disruption_doctypebranch": 0.26905318294575115,
                "composite_importance": 0.18953726282623978,
                "composite_doctypebranch": 0.25016862194336326
            }
        },
        "doctypebranch": {
            "weight_composite_ranking": {
                "degree_centrality_importance": 0.18953726282623978,
                "degree_centrality_doctypebranch": 0.25016862194336326,
                "in_degree_centrality_importance": 0.11612296527597592,
                "in_degree_centrality_doctypebranch": 0.2708997893827537,
                "out_degree_centrality_importance": 0.14548618588224513,
                "out_degree_centrality_doctypebranch": 0.05689369521505563,
                "betweenness_centrality_importance": NaN,
                "betweenness_centrality_doctypebranch": NaN,
                "closeness_centrality_importance": 0.11612296527597592,
                "closeness_centrality_doctypebranch": 0.2708997893827537,
                "core_number_importance": 0.186411285065466,
                "core_number_doctypebranch": 0.24695251962767908,
                "relative_in_degree_centrality_importance": 0.11612296527597592,
                "relative_in_degree_centrality_doctypebranch": 0.2708997893827537,
                "eigenvector_centrality_importance": 0.11612296527597592,
                "eigenvector_centrality_doctypebranch": 0.2708997893827537,
                "pagerank_importance": 0.11558628854878293,
                "pagerank_doctypebranch": 0.2682763376977522,
                "hits_hub_importance": 0.08976334948380878,
                "hits_hub_doctypebranch": 0.06836659145515275,
                "hits_authority_importance": -0.03963637530040483,
                "hits_authority_doctypebranch": 0.07733304013137708,
                "harmonic_centrality_importance": 0.11612296527597592,
                "harmonic_centrality_doctypebranch": 0.2708997893827537,
                "disruption_importance": 0.11580824934542758,
                "disruption_doctypebranch": 0.26905318294575115,
                "composite_importance": 0.11612296527597592,
                "composite_doctypebranch": 0.2708997893827537
            }
        }
    },
    "composite_rankings": {
        "importance": {
            "weight_composite_ranking_param": 0.01,
            "weight_composite_ranking": {
                "0": 68.0,
                "1": 68.0,
                "2": 68.0,
                "3": 68.0,
                "4": 68.0,
                "5": 68.0,
                "6": 68.0,
                "7": 68.0,
                "8": 68.0,
                "9": 68.0,
                "10": 68.0,
                "11": 68.0,
                "12": 68.0,
                "13": 68.0,
                "14": 68.0,
                "15": 6.46,
                "16": 68.0,
                "17": 68.0,
                "18": 6.515,
                "19": 68.0,
                "20": 68.0,
                "21": 6.515,
                "22": 68.0,
                "23": 68.0,
                "24": 68.0,
                "25": 68.0,
                "26": 68.0,
                "27": 68.0,
                "28": 68.0,
                "29": 68.0,
                "30": 68.0,
                "31": 68.0,
                "32": 68.0,
                "33": 68.0,
                "34": 68.0,
                "35": 68.0,
                "36": 68.0,
                "37": 68.0,
                "38": 68.0,
                "39": 68.0,
                "40": 68.0,
                "41": 68.0,
                "42": 68.0,
                "43": 68.0,
                "44": 68.0,
                "45": 68.0,
                "46": 68.0,
                "47": 68.0,
                "48": 68.0,
                "49": 68.0,
                "50": 68.0,
                "51": 68.0,
                "52": 68.0,
                "53": 68.0,
                "54": 68.0,
                "55": 68.0,
                "56": 68.0,
                "57": 68.0,
                "58": 68.0,
                "59": 68.0,
                "60": 68.0,
                "61": 68.0,
                "62": 68.0,
                "63": 68.0,
                "64": 68.0,
                "65": 68.0,
                "66": 68.0,
                "67": 68.0,
                "68": 68.0,
                "69": 68.0,
                "70": 68.0,
                "71": 68.0,
                "72": 68.0,
                "73": 6.515,
                "74": 6.515,
                "75": 68.0,
                "76": 68.0,
                "77": 68.0,
                "78": 6.515,
                "79": 68.0,
                "80": 68.0,
                "81": 68.0,
                "82": 68.0,
                "83": 68.0,
                "84": 6.515,
                "85": 68.0,
                "86": 68.0,
                "87": 68.0,
                "88": 68.0,
                "89": 68.0,
                "90": 68.0,
                "91": 68.0,
                "92": 6.515,
                "93": 68.0,
                "94": 68.0,
                "95": 6.444999999999999,
                "96": 68.0,
                "97": 68.0,
                "98": 68.0,
                "99": 68.0,
                "100": 68.0,
                "101": 68.0,
                "102": 68.0,
                "103": 68.0,
                "104": 6.515,
                "105": 6.515,
                "106": 68.0,
                "107": 68.0,
                "108": 68.0,
                "109": 68.0,
                "110": 68.0,
                "111": 68.0,
                "112": 6.46,
                "113": 68.0,
                "114": 68.0,
                "115": 68.0,
                "116": 68.0,
                "117": 68.0,
                "118": 68.0,
                "119": 68.0,
                "120": 68.0,
                "121": 68.0,
                "122": 68.0
            }
        },
        "doctypebranch": {
            "weight_composite_ranking_param": 0.01,
            "weight_composite_ranking": {
                "0": 65.5,
                "1": 65.5,
                "2": 65.5,
                "3": 65.5,
                "4": 65.5,
                "5": 65.5,