{
    "correlations": {
        "importance": {
            "weight_composite_ranking": {
                "degree_centrality_importance": 0.2353678109040867,
                "degree_centrality_doctypebranch": 0.15845587903978847,
                "in_degree_centrality_importance": 0.47613701768753214,
                "in_degree_centrality_doctypebranch": 0.24370165116581974,
                "out_degree_centrality_importance": -0.18163861423404756,
                "out_degree_centrality_doctypebranch": -0.05274835630221381,
                "betweenness_centrality_importance": NaN,
                "betweenness_centrality_doctypebranch": NaN,
                "closeness_centrality_importance": 0.47613701768753214,
                "closeness_centrality_doctypebranch": 0.24370165116581974,
                "core_number_importance": 0.24011955356600986,
                "core_number_doctypebranch": 0.1443408400354813,
                "relative_in_degree_centrality_importance": 0.47613701768753214,
                "relative_in_degree_centrality_doctypebranch": 0.24370165116581974,
                "eigenvector_centrality_importance": 0.47613701768753214,
                "eigenvector_centrality_doctypebranch": 0.24370165116581974,
                "pagerank_importance": 0.480497001001032,
                "pagerank_doctypebranch": 0.24972899361877576,
                "hits_hub_importance": -0.18337406996370947,
                "hits_hub_doctypebranch": -0.05273539007107608,
                "hits_authority_importance": 0.32362036335183914,
                "hits_authority_doctypebranch": 0.15176625272453353,
                "harmonic_centrality_importance": 0.47613701768753214,
                "harmonic_centrality_doctypebranch": 0.24370165116581974,
                "disruption_importance": 0.4721246992928232,
                "disruption_doctypebranch": 0.23223960051790837,
                "composite_importance": 0.4804908632880178,
                "composite_doctypebranch": 0.2493636572712932
            }
        },
        "doctypebranch": {
            "weight_composite_ranking": {
                "degree_centrality_importance": 0.2353678109040867,
                "degree_centrality_doctypebranch": 0.15845587903978847,
                "in_degree_centrality_importance": 0.47613701768753214,
                "in_degree_centrality_doctypebranch": 0.24370165116581974,
                "out_degree_centrality_importance": -0.18163861423404756,
                "out_degree_centrality_doctypebranch": -0.05274835630221381,
                "betweenness_centrality_importance": NaN,
                "betweenness_centrality_doctypebranch": NaN,
                "closeness_centrality_importance": 0.47613701768753214,
                "closeness_centrality_doctypebranch": 0.24370165116581974,
                "core_number_importance": 0.24011955356600986,
                "core_number_doctypebranch": 0.1443408400354813,
                "relative_in_degree_centrality_importance": 0.47613701768753214,
                "relative_in_degree_centrality_doctypebranch": 0.24370165116581974,
                "eigenvector_centrality_importance": 0.47613701768753214,
                "eigenvector_centrality_doctypebranch": 0.24370165116581974,
                "pagerank_importance": 0.480497001001032,
                "pagerank_doctypebranch": 0.24972899361877576,
                "hits_hub_importance": -0.18337406996370947,
                "hits_hub_doctypebranch": -0.05273539007107608,
                "hits_authority_importance": 0.32362036335183914,
                "hits_authority_doctypebranch": 0.15176625272453353,
                "harmonic_centrality_importance": 0.47613701768753214,
                "harmonic_centrality_doctypebranch": 0.24370165116581974,
                "disruption_importance": 0.4721246992928232,
                "disruption_doctypebranch": 0.23223960051790837,
                "composite_importance": 0.4804908632880178,
                "composite_doctypebranch": 0.2493636572712932
            }
        }
    },
    "composite_rankings": {
        "importance": {
            "weight_composite_ranking_param": 0.01,
            "weight_composite_ranking": {
                "0": 78.0,
                "1": 78.0,
                "2": 78.0,
                "3": 78.0,
                "4": 78.0,
                "5": 78.0,
                "6": 78.0,
                "7": 78.0,
                "8": 78.0,
                "9": 78.0,
                "10": 78.0,
                "11": 78.0,
                "12": 78.0,
                "13": 78.0,
                "14": 78.0,
                "15": 78.0,
                "16": 78.0,
                "17": 78.0,
                "18": 78.0,
                "19": 78.0,
                "20": 78.0,
                "21": 78.0,
                "22": 78.0,
                "23": 78.0,
                "24": 78.0,
                "25": 78.0,
                "26": 78.0,
                "27": 78.0,
                "28": 15.535,
                "29": 78.0,
                "30": 78.0,
                "31": 78.0,
                "32": 78.0,
                "33": 78.0,
                "34": 78.0,
                "35": 78.0,
                "36": 78.0,
                "37": 78.0,
                "38": 78.0,
                "39": 78.0,
                "40": 78.0,
                "41": 78.0,
                "42": 78.0,
                "43": 78.0,
                "44": 78.0,
                "45": 78.0,
                "46": 78.0,
                "47": 78.0,
                "48": 78.0,
                "49": 78.0,
                "50": 78.0,
                "51": 78.0,
                "52": 78.0,
                "53": 78.0,
                "54": 78.0,
                "55": 78.0,
                "56": 78.0,
                "57": 78.0,
                "58": 78.0,
                "59": 78.0,
                "60": 78.0,
                "61": 78.0,
                "62": 78.0,
                "63": 78.0,
                "64": 78.0,
                "65": 15.535,
                "66": 78.0,
                "67": 15.535,
                "68": 78.0,
                "69": 78.0,
                "70": 78.0,
                "71": 78.0,
                "72": 78.0,
                "73": 78.0,
                "74": 78.0,
                "75": 78.0,
                "76": 78.0,
                "77": 78.0,
                "78": 78.0,
                "79": 78.0,
                "80": 78.0,
                "81": 78.0,
                "82": 78.0,
                "83": 78.0,
                "84": 78.0,
                "85": 78.0,
                "86": 78.0,
                "87": 78.0,
                "88": 78.0,
                "89": 78.0,
                "90": 8.504999999999999,
                "91": 78.0,
                "92": 78.0,
                "93": 78.0,
                "94": 78.0,
                "95": 78.0,
                "96": 78.0,
                "97": 78.0,
                "98": 78.0,
                "99": 78.0,
                "100": 78.0,
                "101": 78.0,
                "102": 78.0,
                "103": 78.0,
                "104": 78.0,
                "105": 8.524999999999999,
                "106": 78.0,
                "107": 3.51,
                "108": 78.0,
                "109": 15.51,
                "110": 78.0,
                "111": 15.51,
                "112": 8.485,
                "113": 78.0,
                "114": 15.48,
                "115": 78.0,
                "116": 8.495,
                "117": 78.0,
                "118": 78.0,
                "119": 3.485,
                "120": 15.48,
                "121": 78.0,
                "122": 78.0,
                "123": 78.0,
                "124": 78.0,
                "125": 15.495000000000001,
                "126": 2.01,
                "127": 5.505,
                "128": 15.455,
                "129": 1.0,
                "130": 78.0,
                "131": 5.49,