{
    "correlations": {
        "importance": {
            "weight_composite_ranking": {
                "degree_centrality_importance": 0.17305752751627312,
                "degree_centrality_doctypebranch": 0.26704755450562434,
                "in_degree_centrality_importance": 0.1670410471340757,
                "in_degree_centrality_doctypebranch": 0.27155270397220316,
                "out_degree_centrality_importance": 0.11312004038839768,
                "out_degree_centrality_doctypebranch": 0.06442704230485082,
                "betweenness_centrality_importance": 0.1489631706989639,
                "betweenness_centrality_doctypebranch": 0.04279598971700349,
                "closeness_centrality_importance": 0.16489938496507925,
                "closeness_centrality_doctypebranch": 0.25531387903920116,
                "core_number_importance": 0.16725550774485154,
                "core_number_doctypebranch": 0.26770632795545163,
                "relative_in_degree_centrality_importance": 0.1670410471340757,
                "relative_in_degree_centrality_doctypebranch": 0.27155270397220316,
                "eigenvector_centrality_importance": 0.15697701732871022,
                "eigenvector_centrality_doctypebranch": 0.23831872414784755,
                "pagerank_importance": 0.18903909684868253,
                "pagerank_doctypebranch": 0.2698639549642891,
                "hits_hub_importance": 0.11284700425413496,
                "hits_hub_doctypebranch": 0.06442374385138366,
                "hits_authority_importance": 0.050031826392256964,
                "hits_authority_doctypebranch": 0.15994772105131141,
                "harmonic_centrality_importance": 0.1636794135039493,
                "harmonic_centrality_doctypebranch": 0.25135361242322957,
                "disruption_importance": 0.009054378415118145,
                "disruption_doctypebranch": 0.2054739532913686,
                "composite_importance": 0.19279710318310153,
                "composite_doctypebranch": 0.28281073051725714
            }
        },
        "doctypebranch": {
            "weight_composite_ranking": {
                "degree_centrality_importance": 0.17305752751627312,
                "degree_centrality_doctypebranch": 0.26704755450562434,
                "in_degree_centrality_importance": 0.1670410471340757,
                "in_degree_centrality_doctypebranch": 0.27155270397220316,
                "out_degree_centrality_importance": 0.11312004038839768,
                "out_degree_centrality_doctypebranch": 0.06442704230485082,
                "betweenness_centrality_importance": 0.1489631706989639,
                "betweenness_centrality_doctypebranch": 0.04279598971700349,
                "closeness_centrality_importance": 0.16489938496507925,
                "closeness_centrality_doctypebranch": 0.25531387903920116,
                "core_number_importance": 0.16725550774485154,
                "core_number_doctypebranch": 0.26770632795545163,
                "relative_in_degree_centrality_importance": 0.1670410471340757,
                "relative_in_degree_centrality_doctypebranch": 0.27155270397220316,
                "eigenvector_centrality_importance": 0.15697701732871022,
                "eigenvector_centrality_doctypebranch": 0.23831872414784755,
                "pagerank_importance": 0.18903909684868253,
                "pagerank_doctypebranch": 0.2698639549642891,
                "hits_hub_importance": 0.11284700425413496,
                "hits_hub_doctypebranch": 0.06442374385138366,
                "hits_authority_importance": 0.050031826392256964,
                "hits_authority_doctypebranch": 0.15994772105131141,
                "harmonic_centrality_importance": 0.1636794135039493,
                "harmonic_centrality_doctypebranch": 0.25135361242322957,
                "disruption_importance": 0.009054378415118145,
                "disruption_doctypebranch": 0.2054739532913686,
                "composite_importance": 0.1670410471340757,
                "composite_doctypebranch": 0.27155270397220316
            }
        }
    },
    "composite_rankings": {
        "importance": {
            "weight_composite_ranking_param": 0.28,
            "weight_composite_ranking": {
                "0": 97.24000000000001,
                "1": 97.24000000000001,
                "2": 97.24000000000001,
                "3": 97.24000000000001,
                "4": 97.24000000000001,
                "5": 97.24000000000001,
                "6": 97.24000000000001,
                "7": 97.24000000000001,
                "8": 97.24000000000001,
                "9": 97.24000000000001,
                "10": 97.24000000000001,
                "11": 97.24000000000001,
                "12": 97.24000000000001,
                "13": 10.28,
                "14": 3.5199999999999996,
                "15": 24.76,
                "16": 97.24000000000001,
                "17": 97.24000000000001,
                "18": 8.4,
                "19": 12.239999999999998,
                "20": 36.8,
                "21": 97.24000000000001,
                "22": 97.24000000000001,
                "23": 16.8,
                "24": 23.36,
                "25": 9.52,
                "26": 97.24000000000001,
                "27": 97.24000000000001,
                "28": 97.24000000000001,
                "29": 97.24000000000001,
                "30": 97.24000000000001,
                "31": 97.24000000000001,
                "32": 97.24000000000001,
                "33": 97.24000000000001,
                "34": 97.24000000000001,
                "35": 37.84,
                "36": 6.88,
                "37": 97.24000000000001,
                "38": 97.24000000000001,
                "39": 18.2,
                "40": 97.24000000000001,
                "41": 37.92,
                "42": 97.24000000000001,
                "43": 97.24000000000001,
                "44": 58.36,
                "45": 97.24000000000001,
                "46": 16.560000000000002,
                "47": 97.24000000000001,
                "48": 97.24000000000001,
                "49": 97.24000000000001,
                "50": 97.24000000000001,
                "51": 43.24,
                "52": 97.24000000000001,
                "53": 97.24000000000001,
                "54": 97.24000000000001,
                "55": 97.24000000000001,
                "56": 97.24000000000001,
                "57": 97.24000000000001,
                "58": 58.36,
                "59": 9.8,
                "60": 97.24000000000001,
                "61": 97.24000000000001,
                "62": 97.24000000000001,
                "63": 97.24000000000001,
                "64": 8.68,
                "65": 97.24000000000001,
                "66": 97.24000000000001,
                "67": 97.24000000000001,
                "68": 12.020000000000001,
                "69": 97.24000000000001,
                "70": 97.24000000000001,
                "71": 97.24000000000001,
                "72": 15.719999999999999,
                "73": 20.439999999999998,
                "74": 22.82,
                "75": 97.24000000000001,
                "76": 97.24000000000001,
                "77": 97.24000000000001,
                "78": 33.88,
                "79": 97.24000000000001,
                "80": 97.24000000000001,
                "81": 29.660000000000004,
                "82": 29.660000000000004,
                "83": 29.660000000000004,
                "84": 29.660000000000004,
                "85": 29.660000000000004,
                "86": 29.660000000000004,
                "87": 29.660000000000004,
                "88": 29.660000000000004,
                "89": 43.24,
                "90": 97.24000000000001,
                "91": 43.24,
                "92": 97.24000000000001,
                "93": 97.24000000000001,
                "94": 97.24000000000001,
                "95": 97.24000000000001,
                "96": 97.24000000000001,