{
    "correlations": {
        "importance": {
            "weight_composite_ranking": {
                "degree_centrality_importance": 0.43426134050664106,
                "degree_centrality_doctypebranch": 0.4180591111101981,
                "in_degree_centrality_importance": 0.3494409196902719,
                "in_degree_centrality_doctypebranch": 0.29236583049453374,
                "out_degree_centrality_importance": 0.29705438480474,
                "out_degree_centrality_doctypebranch": 0.3209787044234024,
                "betweenness_centrality_importance": NaN,
                "betweenness_centrality_doctypebranch": NaN,
                "closeness_centrality_importance": 0.3494409196902719,
                "closeness_centrality_doctypebranch": 0.29236583049453374,
                "core_number_importance": 0.43426906079212535,
                "core_number_doctypebranch": 0.4180665433529194,
                "relative_in_degree_centrality_importance": 0.3494409196902719,
                "relative_in_degree_centrality_doctypebranch": 0.29236583049453374,
                "eigenvector_centrality_importance": 0.3494409196902719,
                "eigenvector_centrality_doctypebranch": 0.29236583049453374,
                "pagerank_importance": 0.3496059072028825,
                "pagerank_doctypebranch": 0.2923624412238743,
                "hits_hub_importance": 0.194699817677159,
                "hits_hub_doctypebranch": 0.10698978702588442,
                "hits_authority_importance": 0.046288142418958594,
                "hits_authority_doctypebranch": 0.018057125483641637,
                "harmonic_centrality_importance": 0.3494409196902719,
                "harmonic_centrality_doctypebranch": 0.29236583049453374,
                "disruption_importance": 0.2148647082697095,
                "disruption_doctypebranch": 0.17542356563369094,
                "composite_importance": 0.43426134050664106,
                "composite_doctypebranch": 0.4180591111101981
            }
        },
        "doctypebranch": {
            "weight_composite_ranking": {
                "degree_centrality_importance": 0.43426134050664106,
                "degree_centrality_doctypebranch": 0.4180591111101981,
                "in_degree_centrality_importance": 0.3494409196902719,
                "in_degree_centrality_doctypebranch": 0.29236583049453374,
                "out_degree_centrality_importance": 0.29705438480474,
                "out_degree_centrality_doctypebranch": 0.3209787044234024,
                "betweenness_centrality_importance": NaN,
                "betweenness_centrality_doctypebranch": NaN,
                "closeness_centrality_importance": 0.3494409196902719,
                "closeness_centrality_doctypebranch": 0.29236583049453374,
                "core_number_importance": 0.43426906079212535,
                "core_number_doctypebranch": 0.4180665433529194,
                "relative_in_degree_centrality_importance": 0.3494409196902719,
                "relative_in_degree_centrality_doctypebranch": 0.29236583049453374,
                "eigenvector_centrality_importance": 0.3494409196902719,
                "eigenvector_centrality_doctypebranch": 0.29236583049453374,
                "pagerank_importance": 0.3496059072028825,
                "pagerank_doctypebranch": 0.2923624412238743,
                "hits_hub_importance": 0.194699817677159,
                "hits_hub_doctypebranch": 0.10698978702588442,
                "hits_authority_importance": 0.046288142418958594,
                "hits_authority_doctypebranch": 0.018057125483641637,
                "harmonic_centrality_importance": 0.3494409196902719,
                "harmonic_centrality_doctypebranch": 0.29236583049453374,
                "disruption_importance": 0.2148647082697095,
                "disruption_doctypebranch": 0.17542356563369094,
                "composite_importance": 0.43426134050664106,
                "composite_doctypebranch": 0.4180591111101981
            }
        }
    },
    "composite_rankings": {
        "importance": {
            "weight_composite_ranking_param": 0.01,
            "weight_composite_ranking": {
                "0": 120.5,
                "1": 7.5,
                "2": 120.5,
                "3": 120.5,
                "4": 120.5,
                "5": 7.5,
                "6": 7.5,
                "7": 3.985,
                "8": 120.5,
                "9": 120.5,
                "10": 120.5,
                "11": 120.5,
                "12": 120.5,
                "13": 7.5,
                "14": 120.5,
                "15": 120.5,
                "16": 120.5,
                "17": 120.5,
                "18": 1.015,
                "19": 120.5,
                "20": 120.5,
                "21": 120.5,
                "22": 120.5,
                "23": 120.5,
                "24": 7.5,
                "25": 7.5,
                "26": 2.5,
                "27": 120.5,
                "28": 2.5,
                "29": 120.5,
                "30": 120.5,
                "31": 120.5,
                "32": 120.5,
                "33": 120.5,
                "34": 120.5,
                "35": 120.5,
                "36": 120.5,
                "37": 120.5,
                "38": 120.5,
                "39": 120.5,
                "40": 120.5,
                "41": 120.5,
                "42": 120.5,
                "43": 120.5,
                "44": 120.5,
                "45": 120.5,
                "46": 120.5,
                "47": 120.5,
                "48": 120.5,
                "49": 120.5,
                "50": 120.5,
                "51": 120.5,
                "52": 120.5,
                "53": 120.5,
                "54": 120.5,
                "55": 120.5,
                "56": 120.5,
                "57": 120.5,
                "58": 120.5,
                "59": 120.5,
                "60": 120.5,
                "61": 120.5,
                "62": 120.5,
                "63": 120.5,
                "64": 120.5,
                "65": 120.5,
                "66": 120.5,
                "67": 120.5,
                "68": 120.5,
                "69": 120.5,
                "70": 120.5,
                "71": 120.5,
                "72": 120.5,
                "73": 120.5,
                "74": 120.5,
                "75": 120.5,
                "76": 120.5,
                "77": 120.5,
                "78": 120.5,
                "79": 120.5,
                "80": 120.5,
                "81": 120.5,
                "82": 120.5,
                "83": 120.5,
                "84": 120.5,
                "85": 120.5,
                "86": 120.5,
                "87": 120.5,
                "88": 120.5,
                "89": 120.5,
                "90": 120.5,
                "91": 120.5,
                "92": 120.5,
                "93": 120.5,
                "94": 120.5,
                "95": 120.5,
                "96": 120.5,
                "97": 120.5,
                "98": 120.5,
                "99": 120.5,
                "100": 120.5,
                "101": 120.5,
                "102": 120.5,
                "103": 120.5,
                "104": 120.5,
                "105": 120.5,
                "106": 120.5,
                "107": 120.5,
                "108": 120.5,
                "109": 120.5,
                "110": 120.5,
                "111": 120.5,
                "112": 120.5,
                "113": 120.5,
                "114": 120.5,
                "115": 120.5,
                "116": 120.5,
                "117": 120.5,
                "118": 120.5,
                "119": 120.5,
                "120": 120.5,
                "121": 120.5,
                "122": 120.5,
                "123": 120.5,
                "124": 120.5,
                "125": 120.5,
                "126": 120.5,
                "127": 120.5,
                "128": 120.5,
                "129": 120.5,
                "130": 120.5,