{
    "correlations": {
        "importance": {
            "weight_composite_ranking": {
                "degree_centrality_importance": 0.1492552755578038,
                "degree_centrality_doctypebranch": 0.018050692245023783,
                "in_degree_centrality_importance": 0.12256831130691706,
                "in_degree_centrality_doctypebranch": 0.003982622931844622,
                "out_degree_centrality_importance": 0.08392658176502026,
                "out_degree_centrality_doctypebranch": 0.02282777519236201,
                "betweenness_centrality_importance": NaN,
                "betweenness_centrality_doctypebranch": NaN,
                "closeness_centrality_importance": 0.12256831130691706,
                "closeness_centrality_doctypebranch": 0.003982622931844622,
                "core_number_importance": 0.14949639387780425,
                "core_number_doctypebranch": 0.018907763226784977,
                "relative_in_degree_centrality_importance": 0.12256831130691706,
                "relative_in_degree_centrality_doctypebranch": 0.003982622931844622,
                "eigenvector_centrality_importance": 0.12256831130691706,
                "eigenvector_centrality_doctypebranch": 0.003982622931844622,
                "pagerank_importance": 0.12101228006214403,
                "pagerank_doctypebranch": 0.0051126789028168845,
                "hits_hub_importance": -0.02372439049075986,
                "hits_hub_doctypebranch": -0.13568105105777695,
                "hits_authority_importance": 0.07291224907183995,
                "hits_authority_doctypebranch": 0.07270929092037681,
                "harmonic_centrality_importance": 0.12256831130691706,
                "harmonic_centrality_doctypebranch": 0.003982622931844622,
                "disruption_importance": 0.12256831130691706,
                "disruption_doctypebranch": 0.003982622931844622,
                "composite_importance": 0.1492552755578038,
                "composite_doctypebranch": 0.018050692245023783
            }
        },
        "doctypebranch": {
            "weight_composite_ranking": {
                "degree_centrality_importance": 0.1492552755578038,
                "degree_centrality_doctypebranch": 0.018050692245023783,
                "in_degree_centrality_importance": 0.12256831130691706,
                "in_degree_centrality_doctypebranch": 0.003982622931844622,
                "out_degree_centrality_importance": 0.08392658176502026,
                "out_degree_centrality_doctypebranch": 0.02282777519236201,
                "betweenness_centrality_importance": NaN,
                "betweenness_centrality_doctypebranch": NaN,
                "closeness_centrality_importance": 0.12256831130691706,
                "closeness_centrality_doctypebranch": 0.003982622931844622,
                "core_number_importance": 0.14949639387780425,
                "core_number_doctypebranch": 0.018907763226784977,
                "relative_in_degree_centrality_importance": 0.12256831130691706,
                "relative_in_degree_centrality_doctypebranch": 0.003982622931844622,
                "eigenvector_centrality_importance": 0.12256831130691706,
                "eigenvector_centrality_doctypebranch": 0.003982622931844622,
                "pagerank_importance": 0.12101228006214403,
                "pagerank_doctypebranch": 0.0051126789028168845,
                "hits_hub_importance": -0.02372439049075986,
                "hits_hub_doctypebranch": -0.13568105105777695,
                "hits_authority_importance": 0.07291224907183995,
                "hits_authority_doctypebranch": 0.07270929092037681,
                "harmonic_centrality_importance": 0.12256831130691706,
                "harmonic_centrality_doctypebranch": 0.003982622931844622,
                "disruption_importance": 0.12256831130691706,
                "disruption_doctypebranch": 0.003982622931844622,
                "composite_importance": 0.05864939933175829,
                "composite_doctypebranch": 0.04963100758810002
            }
        }
    },
    "composite_rankings": {
        "importance": {
            "weight_composite_ranking_param": 0.01,
            "weight_composite_ranking": {
                "0": 84.0,
                "1": 84.0,
                "2": 84.0,
                "3": 84.0,
                "4": 84.0,
                "5": 84.0,
                "6": 84.0,
                "7": 84.0,
                "8": 84.0,
                "9": 84.0,
                "10": 84.0,
                "11": 84.0,
                "12": 84.0,
                "13": 84.0,
                "14": 84.0,
                "15": 84.0,
                "16": 84.0,
                "17": 84.0,
                "18": 84.0,
                "19": 84.0,
                "20": 84.0,
                "21": 84.0,
                "22": 84.0,
                "23": 5.495,
                "24": 84.0,
                "25": 84.0,
                "26": 84.0,
                "27": 84.0,
                "28": 84.0,
                "29": 84.0,
                "30": 84.0,
                "31": 84.0,
                "32": 84.0,
                "33": 84.0,
                "34": 84.0,
                "35": 84.0,
                "36": 84.0,
                "37": 84.0,
                "38": 84.0,
                "39": 84.0,
                "40": 84.0,
                "41": 84.0,
                "42": 84.0,
                "43": 84.0,
                "44": 84.0,
                "45": 84.0,
                "46": 84.0,
                "47": 84.0,
                "48": 84.0,
                "49": 84.0,
                "50": 84.0,
                "51": 84.0,
                "52": 84.0,
                "53": 84.0,
                "54": 84.0,
                "55": 84.0,
                "56": 84.0,
                "57": 84.0,
                "58": 84.0,
                "59": 84.0,
                "60": 84.0,
                "61": 84.0,
                "62": 84.0,
                "63": 84.0,
                "64": 84.0,
                "65": 84.0,
                "66": 84.0,
                "67": 84.0,
                "68": 84.0,
                "69": 84.0,
                "70": 84.0,
                "71": 84.0,
                "72": 84.0,
                "73": 84.0,
                "74": 84.0,
                "75": 5.495,
                "76": 84.0,
                "77": 84.0,
                "78": 84.0,
                "79": 84.0,
                "80": 84.0,
                "81": 84.0,
                "82": 84.0,
                "83": 84.0,
                "84": 5.495,
                "85": 84.0,
                "86": 84.0,
                "87": 84.0,
                "88": 84.0,
                "89": 84.0,
                "90": 84.0,
                "91": 84.0,
                "92": 84.0,
                "93": 84.0,
                "94": 84.0,
                "95": 84.0,
                "96": 84.0,
                "97": 84.0,
                "98": 84.0,
                "99": 84.0,
                "100": 84.0,
                "101": 84.0,
                "102": 84.0,
                "103": 84.0,
                "104": 84.0,
                "105": 84.0,
                "106": 84.0,
                "107": 84.0,
                "108": 84.0,
                "109": 5.495,
                "110": 84.0,
                "111": 84.0,
                "112": 84.0,
                "113": 84.0,
                "114": 84.0,
                "115": 84.0,
                "116": 1.04,
                "117": 84.0,
                "118": 5.495,
                "119": 84.0,
                "120": 84.0,
                "121": 84.0,
                "122": 84.0,
                "123": 84.0,
                "124": 84.0,
                "125": 84.0,
                "126": 84.0,
                "127": 5.495,
                "128": 84.0,
                "129": 84.0,
                "130": 84.0,
                "131": 84.0,
                "132": 84.0,