{
    "correlations": {
        "importance": {
            "weight_composite_ranking": {
                "degree_centrality_importance": 0.292324868350062,
                "degree_centrality_doctypebranch": 0.40047988591522643,
                "in_degree_centrality_importance": 0.48903858683412943,
                "in_degree_centrality_doctypebranch": 0.31732252178124737,
                "out_degree_centrality_importance": -0.07302598425387789,
                "out_degree_centrality_doctypebranch": 0.2162681237659392,
                "betweenness_centrality_importance": 0.20609905822009955,
                "betweenness_centrality_doctypebranch": 0.09681761474760947,
                "closeness_centrality_importance": 0.4913078939707935,
                "closeness_centrality_doctypebranch": 0.3199281149612676,
                "core_number_importance": 0.278234315770335,
                "core_number_doctypebranch": 0.4057463685363724,
                "relative_in_degree_centrality_importance": 0.48903858683412943,
                "relative_in_degree_centrality_doctypebranch": 0.31732252178124737,
                "eigenvector_centrality_importance": 0.48182307205218605,
                "eigenvector_centrality_doctypebranch": 0.31531249816302376,
                "pagerank_importance": 0.48168313325725576,
                "pagerank_doctypebranch": 0.31868101886920724,
                "hits_hub_importance": -0.04290794395516476,
                "hits_hub_doctypebranch": 0.20739559902991422,
                "hits_authority_importance": 0.4026268854411473,
                "hits_authority_doctypebranch": 0.26360205978070467,
                "harmonic_centrality_importance": 0.49115680780469967,
                "harmonic_centrality_doctypebranch": 0.31901350361121283,
                "disruption_importance": 0.32724698345420933,
                "disruption_doctypebranch": 0.23813423405192682,
                "composite_importance": 0.4911816610018416,
                "composite_doctypebranch": 0.31931157795579596
            }
        },
        "doctypebranch": {
            "weight_composite_ranking": {
                "degree_centrality_importance": 0.292324868350062,
                "degree_centrality_doctypebranch": 0.40047988591522643,
                "in_degree_centrality_importance": 0.48903858683412943,
                "in_degree_centrality_doctypebranch": 0.31732252178124737,
                "out_degree_centrality_importance": -0.07302598425387789,
                "out_degree_centrality_doctypebranch": 0.2162681237659392,
                "betweenness_centrality_importance": 0.20609905822009955,
                "betweenness_centrality_doctypebranch": 0.09681761474760947,
                "closeness_centrality_importance": 0.4913078939707935,
                "closeness_centrality_doctypebranch": 0.3199281149612676,
                "core_number_importance": 0.278234315770335,
                "core_number_doctypebranch": 0.4057463685363724,
                "relative_in_degree_centrality_importance": 0.48903858683412943,
                "relative_in_degree_centrality_doctypebranch": 0.31732252178124737,
                "eigenvector_centrality_importance": 0.48182307205218605,
                "eigenvector_centrality_doctypebranch": 0.31531249816302376,
                "pagerank_importance": 0.48168313325725576,
                "pagerank_doctypebranch": 0.31868101886920724,
                "hits_hub_importance": -0.04290794395516476,
                "hits_hub_doctypebranch": 0.20739559902991422,
                "hits_authority_importance": 0.4026268854411473,
                "hits_authority_doctypebranch": 0.26360205978070467,
                "harmonic_centrality_importance": 0.49115680780469967,
                "harmonic_centrality_doctypebranch": 0.31901350361121283,
                "disruption_importance": 0.32724698345420933,
                "disruption_doctypebranch": 0.23813423405192682,
                "composite_importance": 0.29051497297664935,
                "composite_doctypebranch": 0.40323245102597605
            }
        }
    },
    "composite_rankings": {
        "importance": {
            "weight_composite_ranking_param": 0.01,
            "weight_composite_ranking": {
                "0": 97.5,
                "1": 97.5,
                "2": 97.5,
                "3": 97.5,
                "4": 97.5,
                "5": 5.989999999999999,
                "6": 4.0,
                "7": 10.504999999999999,
                "8": 97.5,
                "9": 13.0,
                "10": 97.5,
                "11": 97.5,
                "12": 32.5,
                "13": 97.5,
                "14": 2.01,
                "15": 1.0,
                "16": 97.5,
                "17": 97.5,
                "18": 97.5,
                "19": 15.515,
                "20": 97.5,
                "21": 97.5,
                "22": 27.5,
                "23": 97.5,
                "24": 97.5,
                "25": 97.5,
                "26": 32.5,
                "27": 97.5,
                "28": 32.5,
                "29": 97.5,
                "30": 97.5,
                "31": 2.9899999999999998,
                "32": 97.5,
                "33": 5.01,
                "34": 97.5,
                "35": 97.5,
                "36": 97.5,
                "37": 97.5,
                "38": 97.5,
                "39": 97.5,
                "40": 97.5,
                "41": 97.5,
                "42": 97.5,
                "43": 97.5,
                "44": 97.5,
                "45": 97.5,
                "46": 97.5,
                "47": 97.5,
                "48": 97.5,
                "49": 97.5,
                "50": 97.5,
                "51": 97.5,
                "52": 32.5,
                "53": 13.02,
                "54": 97.5,
                "55": 29.0,
                "56": 97.5,
                "57": 97.5,
                "58": 97.5,
                "59": 97.5,
                "60": 32.5,
                "61": 18.495,
                "62": 97.5,
                "63": 97.5,
                "64": 97.5,
                "65": 97.5,
                "66": 97.5,
                "67": 97.5,
                "68": 7.505,
                "69": 97.5,
                "70": 22.505,
                "71": 18.51,
                "72": 97.5,
                "73": 97.5,
                "74": 22.505,
                "75": 97.5,
                "76": 97.5,
                "77": 97.5,
                "78": 97.5,
                "79": 97.5,
                "80": 97.5,
                "81": 97.5,
                "82": 97.5,
                "83": 25.5,
                "84": 97.5,
                "85": 9.0,
                "86": 97.5,
                "87": 97.5,
                "88": 97.5,
                "89": 22.505,
                "90": 18.51,
                "91": 18.475,
                "92": 13.0,
                "93": 97.5,
                "94": 97.5,
                "95": 25.5,
                "96": 97.5,
                "97": 97.5,
                "98": 97.5,
                "99": 97.5,
                "100": 97.5,
                "101": 7.495,
                "102": 97.5,
                "103": 97.5,
                "104": 97.5,
                "105": 97.5,
                "106": 15.475000000000001,
                "107": 97.5,
                "108": 97.5,
                "109": 97.5,
                "110": 97.5,
                "111": 97.5,
                "112": 97.5,
                "113": 97.5,
                "114": 97.5,
                "115": 97.5,
                "116": 97.5,
                "117": 97.5,
                "118": 97.5,
                "119": 97.5,
                "120": 97.5,
                "121": 97.5,
                "122": 97.5,
                "123": 97.5,
                "124": 97.5,
                "125": 97.5,
                "126": 10.495,
                "127": 97.5,
                "128": 97.5,
                "129": 97.5,