{
    "correlations": {
        "importance": {
            "weight_composite_ranking": {
                "degree_centrality_importance": -0.017565746812884718,
                "degree_centrality_doctypebranch": 0.02430175318428371,
                "in_degree_centrality_importance": 0.13136522356991312,
                "in_degree_centrality_doctypebranch": 0.16327664668902236,
                "out_degree_centrality_importance": -0.13269782114310283,
                "out_degree_centrality_doctypebranch": -0.10492605758785956,
                "betweenness_centrality_importance": NaN,
                "betweenness_centrality_doctypebranch": NaN,
                "closeness_centrality_importance": 0.13136522356991312,
                "closeness_centrality_doctypebranch": 0.16327664668902236,
                "core_number_importance": -0.01972741979594263,
                "core_number_doctypebranch": 0.02255036954975822,
                "relative_in_degree_centrality_importance": 0.13136522356991312,
                "relative_in_degree_centrality_doctypebranch": 0.16327664668902236,
                "eigenvector_centrality_importance": 0.13136522356991312,
                "eigenvector_centrality_doctypebranch": 0.16327664668902236,
                "pagerank_importance": 0.13136522356991312,
                "pagerank_doctypebranch": 0.16327664668902236,
                "hits_hub_importance": -0.04423016183876308,
                "hits_hub_doctypebranch": -0.03497341906774496,
                "hits_authority_importance": -0.10209116674027675,
                "hits_authority_doctypebranch": -0.0432093509844856,
                "harmonic_centrality_importance": 0.13136522356991312,
                "harmonic_centrality_doctypebranch": 0.16327664668902236,
                "disruption_importance": 0.1310727675297007,
                "disruption_doctypebranch": 0.16328112634241604,
                "composite_importance": -0.02290644752518286,
                "composite_doctypebranch": 0.01903872711155953
            }
        },
        "doctypebranch": {
            "weight_composite_ranking": {
                "degree_centrality_importance": -0.017565746812884718,
                "degree_centrality_doctypebranch": 0.02430175318428371,
                "in_degree_centrality_importance": 0.13136522356991312,
                "in_degree_centrality_doctypebranch": 0.16327664668902236,
                "out_degree_centrality_importance": -0.13269782114310283,
                "out_degree_centrality_doctypebranch": -0.10492605758785956,
                "betweenness_centrality_importance": NaN,
                "betweenness_centrality_doctypebranch": NaN,
                "closeness_centrality_importance": 0.13136522356991312,
                "closeness_centrality_doctypebranch": 0.16327664668902236,
                "core_number_importance": -0.01972741979594263,
                "core_number_doctypebranch": 0.02255036954975822,
                "relative_in_degree_centrality_importance": 0.13136522356991312,
                "relative_in_degree_centrality_doctypebranch": 0.16327664668902236,
                "eigenvector_centrality_importance": 0.13136522356991312,
                "eigenvector_centrality_doctypebranch": 0.16327664668902236,
                "pagerank_importance": 0.13136522356991312,
                "pagerank_doctypebranch": 0.16327664668902236,
                "hits_hub_importance": -0.04423016183876308,
                "hits_hub_doctypebranch": -0.03497341906774496,
                "hits_authority_importance": -0.10209116674027675,
                "hits_authority_doctypebranch": -0.0432093509844856,
                "harmonic_centrality_importance": 0.13136522356991312,
                "harmonic_centrality_doctypebranch": 0.16327664668902236,
                "disruption_importance": 0.1310727675297007,
                "disruption_doctypebranch": 0.16328112634241604,
                "composite_importance": 0.13136522356991312,
                "composite_doctypebranch": 0.16327664668902236
            }
        }
    },
    "composite_rankings": {
        "importance": {
            "weight_composite_ranking_param": 0.51,
            "weight_composite_ranking": {
                "0": 69.755,
                "1": 69.755,
                "2": 69.755,
                "3": 69.755,
                "4": 69.755,
                "5": 69.755,
                "6": 69.755,
                "7": 69.755,
                "8": 69.755,
                "9": 69.755,
                "10": 69.755,
                "11": 69.755,
                "12": 69.755,
                "13": 69.755,
                "14": 69.755,
                "15": 69.755,
                "16": 69.755,
                "17": 69.755,
                "18": 69.755,
                "19": 69.755,
                "20": 69.755,
                "21": 69.755,
                "22": 69.755,
                "23": 69.755,
                "24": 69.755,
                "25": 69.755,
                "26": 69.755,
                "27": 69.755,
                "28": 69.755,
                "29": 69.755,
                "30": 69.755,
                "31": 69.755,
                "32": 69.755,
                "33": 69.755,
                "34": 69.755,
                "35": 69.755,
                "36": 69.755,
                "37": 69.755,
                "38": 69.755,
                "39": 69.755,
                "40": 69.755,
                "41": 69.755,
                "42": 69.755,
                "43": 35.075,
                "44": 69.755,
                "45": 69.755,
                "46": 69.755,
                "47": 69.755,
                "48": 35.075,
                "49": 69.755,
                "50": 69.755,
                "51": 69.755,
                "52": 69.755,
                "53": 69.755,
                "54": 69.755,
                "55": 69.755,
                "56": 69.755,
                "57": 69.755,
                "58": 69.755,
                "59": 69.755,
                "60": 69.755,
                "61": 69.755,
                "62": 69.755,
                "63": 69.755,
                "64": 69.755,
                "65": 69.755,
                "66": 69.755,
                "67": 69.755,
                "68": 69.755,
                "69": 69.755,
                "70": 69.755,
                "71": 69.755,
                "72": 69.755,
                "73": 69.755,
                "74": 69.755,
                "75": 69.755,
                "76": 69.755,
                "77": 69.755,
                "78": 69.755,
                "79": 69.755,
                "80": 35.075,
                "81": 69.755,
                "82": 69.755,
                "83": 69.755,
                "84": 69.755,
                "85": 69.755,
                "86": 69.755,
                "87": 69.755,
                "88": 69.755,
                "89": 69.755,
                "90": 69.755,
                "91": 69.755,
                "92": 69.755,
                "93": 69.755,
                "94": 69.755,
                "95": 69.755,
                "96": 69.755,
                "97": 69.755,
                "98": 69.755,
                "99": 69.755,
                "100": 69.755,
                "101": 69.755,
                "102": 69.755,
                "103": 69.755,
                "104": 69.755,
                "105": 69.755,
                "106": 69.755,
                "107": 69.755,
                "108": 69.755,
                "109": 69.755,
                "110": 36.68,
                "111": 69.755,
                "112": 69.755,
                "113": 69.755,
                "114": 69.755,
                "115": 69.755,
                "116": 69.755,
                "117": 69.755,
                "118": 69.755,
                "119": 36.190000000000005,
                "120": 69.755,
                "121": 69.755,
                "122": 69.755,
                "123": 69.755,