{
    "correlations": {
        "importance": {
            "weight_composite_ranking": {
                "degree_centrality_importance": 0.12630989251060534,
                "degree_centrality_doctypebranch": 0.20457846171922847,
                "in_degree_centrality_importance": 0.11354994246560883,
                "in_degree_centrality_doctypebranch": 0.2588387501668028,
                "out_degree_centrality_importance": 0.06308330136978268,
                "out_degree_centrality_doctypebranch": 0.027246184228084506,
                "betweenness_centrality_importance": NaN,
                "betweenness_centrality_doctypebranch": NaN,
                "closeness_centrality_importance": 0.11354994246560883,
                "closeness_centrality_doctypebranch": 0.2588387501668028,
                "core_number_importance": 0.12630989251060534,
                "core_number_doctypebranch": 0.20457846171922847,
                "relative_in_degree_centrality_importance": 0.11354994246560883,
                "relative_in_degree_centrality_doctypebranch": 0.2588387501668028,
                "eigenvector_centrality_importance": 0.11354994246560883,
                "eigenvector_centrality_doctypebranch": 0.2588387501668028,
                "pagerank_importance": 0.11354994246560883,
                "pagerank_doctypebranch": 0.2588387501668028,
                "hits_hub_importance": 0.0647446342151515,
                "hits_hub_doctypebranch": 0.027244539076120438,
                "hits_authority_importance": -0.1941267326077143,
                "hits_authority_doctypebranch": -0.01162869693048584,
                "harmonic_centrality_importance": 0.11354994246560883,
                "harmonic_centrality_doctypebranch": 0.2588387501668028,
                "disruption_importance": 0.11354994246560883,
                "disruption_doctypebranch": 0.2588387501668028,
                "composite_importance": -0.19069192104885324,
                "composite_doctypebranch": -0.011625704552783932
            }
        },
        "doctypebranch": {
            "weight_composite_ranking": {
                "degree_centrality_importance": 0.12630989251060534,
                "degree_centrality_doctypebranch": 0.20457846171922847,
                "in_degree_centrality_importance": 0.11354994246560883,
                "in_degree_centrality_doctypebranch": 0.2588387501668028,
                "out_degree_centrality_importance": 0.06308330136978268,
                "out_degree_centrality_doctypebranch": 0.027246184228084506,
                "betweenness_centrality_importance": NaN,
                "betweenness_centrality_doctypebranch": NaN,
                "closeness_centrality_importance": 0.11354994246560883,
                "closeness_centrality_doctypebranch": 0.2588387501668028,
                "core_number_importance": 0.12630989251060534,
                "core_number_doctypebranch": 0.20457846171922847,
                "relative_in_degree_centrality_importance": 0.11354994246560883,
                "relative_in_degree_centrality_doctypebranch": 0.2588387501668028,
                "eigenvector_centrality_importance": 0.11354994246560883,
                "eigenvector_centrality_doctypebranch": 0.2588387501668028,
                "pagerank_importance": 0.11354994246560883,
                "pagerank_doctypebranch": 0.2588387501668028,
                "hits_hub_importance": 0.0647446342151515,
                "hits_hub_doctypebranch": 0.027244539076120438,
                "hits_authority_importance": -0.1941267326077143,
                "hits_authority_doctypebranch": -0.01162869693048584,
                "harmonic_centrality_importance": 0.11354994246560883,
                "harmonic_centrality_doctypebranch": 0.2588387501668028,
                "disruption_importance": 0.11354994246560883,
                "disruption_doctypebranch": 0.2588387501668028,
                "composite_importance": 0.11354994246560883,
                "composite_doctypebranch": 0.2588387501668028
            }
        }
    },
    "composite_rankings": {
        "importance": {
            "weight_composite_ranking_param": 0.81,
            "weight_composite_ranking": {
                "0": 40.805,
                "1": 43.64,
                "2": 13.264999999999999,
                "3": 27.439999999999998,
                "4": 67.94,
                "5": 56.6,
                "6": 67.94,
                "7": 82.52000000000001,
                "8": 38.375,
                "9": 27.439999999999998,
                "10": 18.53,
                "11": 1.285,
                "12": 47.285,
                "13": 42.019999999999996,
                "14": 27.439999999999998,
                "15": 27.439999999999998,
                "16": 27.439999999999998,
                "17": 67.94,
                "18": 77.25500000000001,
                "19": 35.135,
                "20": 67.94,
                "21": 18.53,
                "22": 56.6,
                "23": 56.6,
                "24": 56.6,
                "25": 42.019999999999996,
                "26": 77.25500000000001,
                "27": 2.0949999999999998,
                "28": 67.94,
                "29": 18.53,
                "30": 35.135,
                "31": 18.53,
                "32": 18.53,
                "33": 18.53,
                "34": 67.94,
                "35": 67.94,
                "36": 43.64,
                "37": 2.9050000000000002,
                "38": 35.135,
                "39": 39.995,
                "40": 35.135,
                "41": 18.53,
                "42": 56.6,
                "43": 13.264999999999999,
                "44": 56.6,
                "45": 27.439999999999998,
                "46": 18.53,
                "47": 56.6,
                "48": 44.855,
                "49": 77.25500000000001,
                "50": 67.94,
                "51": 82.52000000000001,
                "52": 56.6,
                "53": 27.439999999999998,
                "54": 67.94,
                "55": 39.185,
                "56": 18.53,
                "57": 77.25500000000001,
                "58": 27.439999999999998,
                "59": 67.94,
                "60": 67.94,
                "61": 82.52000000000001,
                "62": 35.135,
                "63": 50.12,
                "64": 13.264999999999999,
                "65": 27.439999999999998,
                "66": 56.6,
                "67": 82.52000000000001,
                "68": 56.6,
                "69": 77.25500000000001,
                "70": 77.25500000000001,
                "71": 35.135,
                "72": 77.25500000000001,
                "73": 47.285,
                "74": 47.285,
                "75": 27.439999999999998,
                "76": 56.6,
                "77": 47.285,
                "78": 67.94,
                "79": 35.135,
                "80": 67.94,
                "81": 18.53,
                "82": 77.25500000000001,
                "83": 18.700000000000003,
                "84": 27.439999999999998,
                "85": 77.25500000000001,
                "86": 56.6,
                "87": 67.94,
                "88": 56.6,
                "89": 50.12,
                "90": 47.285,
                "91": 56.6
            }
        },
        "doctypebranch": {
            "weight_composite_ranking_param": 0.01,
            "weight_composite_ranking": {
                "0": 47.5,
                "1": 47.5,
                "2": 47.5,
                "3": 47.5,
                "4": 47.5,
                "5": 47.5,
                "6": 47.5,
                "7": 47.5,
                "8": 47.5,
                "9": 47.5,
                "10": 47.5,
                "11": 1.4999999999999998,
                "12": 47.5,
                "13": 47.5,
                "14": 47.5,
                "15": 47.5,
                "16": 47.5,
                "17": 47.5,
                "18": 47.5,
                "19": 47.5,