{
    "correlations": {
        "importance": {
            "weight_composite_ranking": {
                "degree_centrality_importance": 0.183734979124555,
                "degree_centrality_doctypebranch": 0.24728917872545997,
                "in_degree_centrality_importance": 0.3504106503894037,
                "in_degree_centrality_doctypebranch": 0.31209083430513856,
                "out_degree_centrality_importance": -0.15087256200196525,
                "out_degree_centrality_doctypebranch": -0.014168671276191189,
                "betweenness_centrality_importance": NaN,
                "betweenness_centrality_doctypebranch": NaN,
                "closeness_centrality_importance": 0.3504106503894037,
                "closeness_centrality_doctypebranch": 0.31209083430513856,
                "core_number_importance": 0.19792775478877347,
                "core_number_doctypebranch": 0.24446978913613376,
                "relative_in_degree_centrality_importance": 0.3504106503894037,
                "relative_in_degree_centrality_doctypebranch": 0.31209083430513856,
                "eigenvector_centrality_importance": 0.3504106503894037,
                "eigenvector_centrality_doctypebranch": 0.31209083430513856,
                "pagerank_importance": 0.3511842242195048,
                "pagerank_doctypebranch": 0.3086274308171772,
                "hits_hub_importance": -0.09917351837480183,
                "hits_hub_doctypebranch": -0.004722693740735848,
                "hits_authority_importance": 0.06339125977983438,
                "hits_authority_doctypebranch": 0.13790769806390638,
                "harmonic_centrality_importance": 0.3504106503894037,
                "harmonic_centrality_doctypebranch": 0.31209083430513856,
                "disruption_importance": 0.3482791171425263,
                "disruption_doctypebranch": 0.30082798307136566,
                "composite_importance": 0.3511842242195048,
                "composite_doctypebranch": 0.3093253630329621
            }
        },
        "doctypebranch": {
            "weight_composite_ranking": {
                "degree_centrality_importance": 0.183734979124555,
                "degree_centrality_doctypebranch": 0.24728917872545997,
                "in_degree_centrality_importance": 0.3504106503894037,
                "in_degree_centrality_doctypebranch": 0.31209083430513856,
                "out_degree_centrality_importance": -0.15087256200196525,
                "out_degree_centrality_doctypebranch": -0.014168671276191189,
                "betweenness_centrality_importance": NaN,
                "betweenness_centrality_doctypebranch": NaN,
                "closeness_centrality_importance": 0.3504106503894037,
                "closeness_centrality_doctypebranch": 0.31209083430513856,
                "core_number_importance": 0.19792775478877347,
                "core_number_doctypebranch": 0.24446978913613376,
                "relative_in_degree_centrality_importance": 0.3504106503894037,
                "relative_in_degree_centrality_doctypebranch": 0.31209083430513856,
                "eigenvector_centrality_importance": 0.3504106503894037,
                "eigenvector_centrality_doctypebranch": 0.31209083430513856,
                "pagerank_importance": 0.3511842242195048,
                "pagerank_doctypebranch": 0.3086274308171772,
                "hits_hub_importance": -0.09917351837480183,
                "hits_hub_doctypebranch": -0.004722693740735848,
                "hits_authority_importance": 0.06339125977983438,
                "hits_authority_doctypebranch": 0.13790769806390638,
                "harmonic_centrality_importance": 0.3504106503894037,
                "harmonic_centrality_doctypebranch": 0.31209083430513856,
                "disruption_importance": 0.3482791171425263,
                "disruption_doctypebranch": 0.30082798307136566,
                "composite_importance": 0.3504106503894037,
                "composite_doctypebranch": 0.31209083430513856
            }
        }
    },
    "composite_rankings": {
        "importance": {
            "weight_composite_ranking_param": 0.01,
            "weight_composite_ranking": {
                "0": 74.5,
                "1": 74.5,
                "2": 74.5,
                "3": 74.5,
                "4": 74.5,
                "5": 74.5,
                "6": 74.5,
                "7": 74.5,
                "8": 74.5,
                "9": 74.5,
                "10": 74.5,
                "11": 74.5,
                "12": 74.5,
                "13": 74.5,
                "14": 74.5,
                "15": 74.5,
                "16": 74.5,
                "17": 74.5,
                "18": 74.5,
                "19": 74.5,
                "20": 74.5,
                "21": 74.5,
                "22": 74.5,
                "23": 74.5,
                "24": 74.5,
                "25": 74.5,
                "26": 74.5,
                "27": 74.5,
                "28": 74.5,
                "29": 74.5,
                "30": 74.5,
                "31": 74.5,
                "32": 74.5,
                "33": 74.5,
                "34": 74.5,
                "35": 74.5,
                "36": 74.5,
                "37": 74.5,
                "38": 74.5,
                "39": 74.5,
                "40": 74.5,
                "41": 74.5,
                "42": 74.5,
                "43": 74.5,
                "44": 74.5,
                "45": 74.5,
                "46": 74.5,
                "47": 74.5,
                "48": 74.5,
                "49": 74.5,
                "50": 74.5,
                "51": 74.5,
                "52": 74.5,
                "53": 74.5,
                "54": 74.5,
                "55": 74.5,
                "56": 74.5,
                "57": 74.5,
                "58": 11.495,
                "59": 74.5,
                "60": 11.495,
                "61": 74.5,
                "62": 74.5,
                "63": 74.5,
                "64": 74.5,
                "65": 74.5,
                "66": 74.5,
                "67": 74.5,
                "68": 74.5,
                "69": 74.5,
                "70": 74.5,
                "71": 74.5,
                "72": 74.5,
                "73": 74.5,
                "74": 74.5,
                "75": 74.5,
                "76": 11.54,
                "77": 74.5,
                "78": 74.5,
                "79": 74.5,
                "80": 74.5,
                "81": 11.54,
                "82": 74.5,
                "83": 1.02,
                "84": 74.5,
                "85": 74.5,
                "86": 74.5,
                "87": 74.5,
                "88": 3.5149999999999997,
                "89": 3.48,
                "90": 74.5,
                "91": 74.5,
                "92": 74.5,
                "93": 11.495,
                "94": 74.5,
                "95": 74.5,
                "96": 74.5,
                "97": 74.5,
                "98": 74.5,
                "99": 11.54,
                "100": 11.495,
                "101": 11.459999999999999,
                "102": 74.5,
                "103": 74.5,
                "104": 74.5,
                "105": 3.525,
                "106": 74.5,
                "107": 74.5,
                "108": 74.5,
                "109": 74.5,
                "110": 11.495,
                "111": 74.5,
                "112": 74.5,
                "113": 74.5,
                "114": 11.424999999999999,
                "115": 74.5,
                "116": 74.5,
                "117": 11.459999999999999,
                "118": 11.54,
                "119": 74.5,
                "120": 74.5,
                "121": 74.5,
                "122": 74.5,
                "123": 74.5,
                "124": 3.48,
                "125": 74.5,
                "126": 74.5,
                "127": 74.5,
                "128": 74.5,
                "129": 74.5,
                "130": 74.5
            }
        },