{
    "correlations": {
        "importance": {
            "weight_composite_ranking": {
                "degree_centrality_importance": -0.10469883344225832,
                "degree_centrality_doctypebranch": 0.2855232654533779,
                "in_degree_centrality_importance": 0.19274316309852424,
                "in_degree_centrality_doctypebranch": 0.4424366325546457,
                "out_degree_centrality_importance": -0.34651218788620464,
                "out_degree_centrality_doctypebranch": -0.059110580728208136,
                "betweenness_centrality_importance": -0.12248723381642361,
                "betweenness_centrality_doctypebranch": -0.023131963152708105,
                "closeness_centrality_importance": 0.19274316309852424,
                "closeness_centrality_doctypebranch": 0.4424366325546457,
                "core_number_importance": -0.11320986128157104,
                "core_number_doctypebranch": 0.27228183817943524,
                "relative_in_degree_centrality_importance": 0.19274316309852424,
                "relative_in_degree_centrality_doctypebranch": 0.4424366325546457,
                "eigenvector_centrality_importance": 0.19274316309852424,
                "eigenvector_centrality_doctypebranch": 0.4424366325546457,
                "pagerank_importance": 0.19518369885192996,
                "pagerank_doctypebranch": 0.4425001782113547,
                "hits_hub_importance": -0.34694541714104254,
                "hits_hub_doctypebranch": -0.059084233242732376,
                "hits_authority_importance": 0.1107190341464911,
                "hits_authority_doctypebranch": 0.22649464363153143,
                "harmonic_centrality_importance": 0.1927570031274868,
                "harmonic_centrality_doctypebranch": 0.4424684019606792,
                "disruption_importance": 0.30876081450040327,
                "disruption_doctypebranch": 0.4429526473472006,
                "composite_importance": -0.34694541714104254,
                "composite_doctypebranch": -0.059084233242732376
            }
        },
        "doctypebranch": {
            "weight_composite_ranking": {
                "degree_centrality_importance": -0.10469883344225832,
                "degree_centrality_doctypebranch": 0.2855232654533779,
                "in_degree_centrality_importance": 0.19274316309852424,
                "in_degree_centrality_doctypebranch": 0.4424366325546457,
                "out_degree_centrality_importance": -0.34651218788620464,
                "out_degree_centrality_doctypebranch": -0.059110580728208136,
                "betweenness_centrality_importance": -0.12248723381642361,
                "betweenness_centrality_doctypebranch": -0.023131963152708105,
                "closeness_centrality_importance": 0.19274316309852424,
                "closeness_centrality_doctypebranch": 0.4424366325546457,
                "core_number_importance": -0.11320986128157104,
                "core_number_doctypebranch": 0.27228183817943524,
                "relative_in_degree_centrality_importance": 0.19274316309852424,
                "relative_in_degree_centrality_doctypebranch": 0.4424366325546457,
                "eigenvector_centrality_importance": 0.19274316309852424,
                "eigenvector_centrality_doctypebranch": 0.4424366325546457,
                "pagerank_importance": 0.19518369885192996,
                "pagerank_doctypebranch": 0.4425001782113547,
                "hits_hub_importance": -0.34694541714104254,
                "hits_hub_doctypebranch": -0.059084233242732376,
                "hits_authority_importance": 0.1107190341464911,
                "hits_authority_doctypebranch": 0.22649464363153143,
                "harmonic_centrality_importance": 0.1927570031274868,
                "harmonic_centrality_doctypebranch": 0.4424684019606792,
                "disruption_importance": 0.30876081450040327,
                "disruption_doctypebranch": 0.4429526473472006,
                "composite_importance": 0.30869429272552795,
                "composite_doctypebranch": 0.4506334603448393
            }
        }
    },
    "composite_rankings": {
        "importance": {
            "weight_composite_ranking_param": 0.01,
            "weight_composite_ranking": {
                "0": 34.0,
                "1": 34.0,
                "2": 34.0,
                "3": 34.0,
                "4": 34.0,
                "5": 34.0,
                "6": 5.495,
                "7": 34.0,
                "8": 34.0,
                "9": 34.0,
                "10": 34.0,
                "11": 2.49,
                "12": 34.0,
                "13": 34.0,
                "14": 2.5100000000000002,
                "15": 5.505,
                "16": 34.0,
                "17": 2.5100000000000002,
                "18": 34.0,
                "19": 2.49,
                "20": 34.0,
                "21": 34.0,
                "22": 34.0,
                "23": 34.0,
                "24": 34.0,
                "25": 34.0,
                "26": 34.0,
                "27": 34.0,
                "28": 34.0,
                "29": 34.0,
                "30": 34.0,
                "31": 34.0,
                "32": 34.0,
                "33": 34.0,
                "34": 34.0,
                "35": 34.0,
                "36": 34.0,
                "37": 34.0,
                "38": 34.0,
                "39": 34.0,
                "40": 34.0,
                "41": 34.0,
                "42": 34.0,
                "43": 34.0,
                "44": 34.0,
                "45": 34.0,
                "46": 34.0,
                "47": 34.0,
                "48": 34.0,
                "49": 34.0,
                "50": 34.0,
                "51": 34.0,
                "52": 34.0,
                "53": 34.0,
                "54": 34.0,
                "55": 34.0,
                "56": 34.0,
                "57": 34.0,
                "58": 34.0,
                "59": 34.0,
                "60": 34.0
            }
        },
        "doctypebranch": {
            "weight_composite_ranking_param": 0.51,
            "weight_composite_ranking": {
                "0": 32.489999999999995,
                "1": 32.489999999999995,
                "2": 32.489999999999995,
                "3": 32.489999999999995,
                "4": 32.489999999999995,
                "5": 32.489999999999995,
                "6": 32.489999999999995,
                "7": 32.489999999999995,
                "8": 32.489999999999995,
                "9": 32.489999999999995,
                "10": 32.489999999999995,
                "11": 32.489999999999995,
                "12": 32.489999999999995,
                "13": 32.489999999999995,
                "14": 32.489999999999995,
                "15": 32.489999999999995,
                "16": 32.489999999999995,
                "17": 32.489999999999995,
                "18": 32.489999999999995,
                "19": 32.825,
                "20": 32.489999999999995,
                "21": 32.489999999999995,
                "22": 32.489999999999995,
                "23": 32.489999999999995,
                "24": 32.489999999999995,
                "25": 32.489999999999995,
                "26": 32.489999999999995,
                "27": 32.489999999999995,
                "28": 32.489999999999995,
                "29": 32.489999999999995,
                "30": 32.489999999999995,
                "31": 32.489999999999995,
                "32": 32.489999999999995,
                "33": 32.489999999999995,
                "34": 32.489999999999995,
                "35": 32.489999999999995,
                "36": 32.489999999999995,
                "37": 32.489999999999995,
                "38": 32.489999999999995,
                "39": 32.489999999999995,
                "40": 32.489999999999995,
                "41": 32.489999999999995,
                "42": 32.489999999999995,
                "43": 32.489999999999995,