{
    "correlations": {
        "importance": {
            "weight_composite_ranking": {
                "degree_centrality_importance": 0.17613518144816237,
                "degree_centrality_doctypebranch": 0.07394450769587775,
                "in_degree_centrality_importance": 0.2304980239112909,
                "in_degree_centrality_doctypebranch": 0.20819982088800798,
                "out_degree_centrality_importance": -0.03831753061059607,
                "out_degree_centrality_doctypebranch": -0.18851215341301977,
                "betweenness_centrality_importance": NaN,
                "betweenness_centrality_doctypebranch": NaN,
                "closeness_centrality_importance": 0.2304980239112909,
                "closeness_centrality_doctypebranch": 0.20819982088800798,
                "core_number_importance": 0.1822327247300148,
                "core_number_doctypebranch": 0.08481946972989421,
                "relative_in_degree_centrality_importance": 0.2304980239112909,
                "relative_in_degree_centrality_doctypebranch": 0.20819982088800798,
                "eigenvector_centrality_importance": 0.2304980239112909,
                "eigenvector_centrality_doctypebranch": 0.20819982088800798,
                "pagerank_importance": 0.2304980239112909,
                "pagerank_doctypebranch": 0.20819982088800798,
                "hits_hub_importance": -0.036403035413641524,
                "hits_hub_doctypebranch": -0.1884997000915586,
                "hits_authority_importance": 0.055049240408815876,
                "hits_authority_doctypebranch": 0.013550721085365003,
                "harmonic_centrality_importance": 0.2304980239112909,
                "harmonic_centrality_doctypebranch": 0.20819982088800798,
                "disruption_importance": 0.2304980239112909,
                "disruption_doctypebranch": 0.20819982088800798,
                "composite_importance": 0.2304980239112909,
                "composite_doctypebranch": 0.20819982088800798
            }
        },
        "doctypebranch": {
            "weight_composite_ranking": {
                "degree_centrality_importance": 0.17613518144816237,
                "degree_centrality_doctypebranch": 0.07394450769587775,
                "in_degree_centrality_importance": 0.2304980239112909,
                "in_degree_centrality_doctypebranch": 0.20819982088800798,
                "out_degree_centrality_importance": -0.03831753061059607,
                "out_degree_centrality_doctypebranch": -0.18851215341301977,
                "betweenness_centrality_importance": NaN,
                "betweenness_centrality_doctypebranch": NaN,
                "closeness_centrality_importance": 0.2304980239112909,
                "closeness_centrality_doctypebranch": 0.20819982088800798,
                "core_number_importance": 0.1822327247300148,
                "core_number_doctypebranch": 0.08481946972989421,
                "relative_in_degree_centrality_importance": 0.2304980239112909,
                "relative_in_degree_centrality_doctypebranch": 0.20819982088800798,
                "eigenvector_centrality_importance": 0.2304980239112909,
                "eigenvector_centrality_doctypebranch": 0.20819982088800798,
                "pagerank_importance": 0.2304980239112909,
                "pagerank_doctypebranch": 0.20819982088800798,
                "hits_hub_importance": -0.036403035413641524,
                "hits_hub_doctypebranch": -0.1884997000915586,
                "hits_authority_importance": 0.055049240408815876,
                "hits_authority_doctypebranch": 0.013550721085365003,
                "harmonic_centrality_importance": 0.2304980239112909,
                "harmonic_centrality_doctypebranch": 0.20819982088800798,
                "disruption_importance": 0.2304980239112909,
                "disruption_doctypebranch": 0.20819982088800798,
                "composite_importance": 0.2304980239112909,
                "composite_doctypebranch": 0.20819982088800798
            }
        }
    },
    "composite_rankings": {
        "importance": {
            "weight_composite_ranking_param": 0.01,
            "weight_composite_ranking": {
                "0": 47.5,
                "1": 47.5,
                "2": 47.5,
                "3": 47.5,
                "4": 47.5,
                "5": 47.5,
                "6": 47.5,
                "7": 47.5,
                "8": 47.5,
                "9": 47.5,
                "10": 47.5,
                "11": 47.5,
                "12": 47.5,
                "13": 47.5,
                "14": 47.5,
                "15": 47.5,
                "16": 47.5,
                "17": 47.5,
                "18": 47.5,
                "19": 47.5,
                "20": 47.5,
                "21": 47.5,
                "22": 47.5,
                "23": 47.5,
                "24": 47.5,
                "25": 47.5,
                "26": 47.5,
                "27": 47.5,
                "28": 47.5,
                "29": 47.5,
                "30": 47.5,
                "31": 47.5,
                "32": 47.5,
                "33": 47.5,
                "34": 47.5,
                "35": 47.5,
                "36": 47.5,
                "37": 47.5,
                "38": 47.5,
                "39": 47.5,
                "40": 47.5,
                "41": 47.5,
                "42": 47.5,
                "43": 47.5,
                "44": 3.5,
                "45": 47.5,
                "46": 47.5,
                "47": 47.5,
                "48": 47.5,
                "49": 47.5,
                "50": 47.5,
                "51": 47.5,
                "52": 47.5,
                "53": 3.5,
                "54": 47.5,
                "55": 47.5,
                "56": 47.5,
                "57": 47.5,
                "58": 3.5,
                "59": 47.5,
                "60": 3.5,
                "61": 47.5,
                "62": 47.5,
                "63": 3.5,
                "64": 47.5,
                "65": 3.5,
                "66": 47.5,
                "67": 47.5,
                "68": 47.5,
                "69": 47.5,
                "70": 47.5,
                "71": 47.5,
                "72": 47.5,
                "73": 47.5,
                "74": 47.5,
                "75": 47.5,
                "76": 47.5,
                "77": 47.5,
                "78": 47.5,
                "79": 47.5,
                "80": 47.5,
                "81": 47.5,
                "82": 47.5,
                "83": 47.5,
                "84": 47.5,
                "85": 47.5,
                "86": 47.5,
                "87": 47.5
            }
        },
        "doctypebranch": {
            "weight_composite_ranking_param": 0.01,
            "weight_composite_ranking": {
                "0": 47.5,
                "1": 47.5,
                "2": 47.5,
                "3": 47.5,
                "4": 47.5,
                "5": 47.5,
                "6": 47.5,
                "7": 47.5,
                "8": 47.5,
                "9": 47.5,
                "10": 47.5,
                "11": 47.5,
                "12": 47.5,
                "13": 47.5,
                "14": 47.5,
                "15": 47.5,
                "16": 47.5,
                "17": 47.5,
                "18": 47.5,
                "19": 47.5,
                "20": 47.5,
                "21": 47.5,
                "22": 47.5,
                "23": 47.5,
                "24": 47.5,
                "25": 47.5,
                "26": 47.5,
                "27": 47.5,
                "28": 47.5,
                "29": 47.5,
                "30": 47.5,
                "31": 47.5,
                "32": 47.5,
                "33": 47.5,
                "34": 47.5,
                "35": 47.5,
                "36": 47.5,
                "37": 47.5,
                "38": 47.5,
                "39": 47.5,
                "40": 47.5,
                "41": 47.5,
                "42": 47.5,