{
    "correlations": {
        "importance": {
            "weight_composite_ranking": {
                "degree_centrality_importance": 0.21308278971882139,
                "degree_centrality_doctypebranch": 0.20040145724020084,
                "in_degree_centrality_importance": 0.15648411299062093,
                "in_degree_centrality_doctypebranch": 0.18914125170198487,
                "out_degree_centrality_importance": 0.14118538686025295,
                "out_degree_centrality_doctypebranch": 0.09081285263837023,
                "betweenness_centrality_importance": NaN,
                "betweenness_centrality_doctypebranch": NaN,
                "closeness_centrality_importance": 0.15648411299062093,
                "closeness_centrality_doctypebranch": 0.18914125170198487,
                "core_number_importance": 0.21308278971882139,
                "core_number_doctypebranch": 0.20040145724020084,
                "relative_in_degree_centrality_importance": 0.15648411299062093,
                "relative_in_degree_centrality_doctypebranch": 0.18914125170198487,
                "eigenvector_centrality_importance": 0.15648411299062093,
                "eigenvector_centrality_doctypebranch": 0.18914125170198487,
                "pagerank_importance": 0.15648411299062093,
                "pagerank_doctypebranch": 0.18914125170198487,
                "hits_hub_importance": 0.09110137235840611,
                "hits_hub_doctypebranch": 0.09398037567155973,
                "hits_authority_importance": -0.03589894652834677,
                "hits_authority_doctypebranch": -0.07856932933048559,
                "harmonic_centrality_importance": 0.15648411299062093,
                "harmonic_centrality_doctypebranch": 0.18914125170198487,
                "disruption_importance": 0.15648411299062093,
                "disruption_doctypebranch": 0.18914125170198487,
                "composite_importance": 0.21308278971882139,
                "composite_doctypebranch": 0.20040145724020084
            }
        },
        "doctypebranch": {
            "weight_composite_ranking": {
                "degree_centrality_importance": 0.21308278971882139,
                "degree_centrality_doctypebranch": 0.20040145724020084,
                "in_degree_centrality_importance": 0.15648411299062093,
                "in_degree_centrality_doctypebranch": 0.18914125170198487,
                "out_degree_centrality_importance": 0.14118538686025295,
                "out_degree_centrality_doctypebranch": 0.09081285263837023,
                "betweenness_centrality_importance": NaN,
                "betweenness_centrality_doctypebranch": NaN,
                "closeness_centrality_importance": 0.15648411299062093,
                "closeness_centrality_doctypebranch": 0.18914125170198487,
                "core_number_importance": 0.21308278971882139,
                "core_number_doctypebranch": 0.20040145724020084,
                "relative_in_degree_centrality_importance": 0.15648411299062093,
                "relative_in_degree_centrality_doctypebranch": 0.18914125170198487,
                "eigenvector_centrality_importance": 0.15648411299062093,
                "eigenvector_centrality_doctypebranch": 0.18914125170198487,
                "pagerank_importance": 0.15648411299062093,
                "pagerank_doctypebranch": 0.18914125170198487,
                "hits_hub_importance": 0.09110137235840611,
                "hits_hub_doctypebranch": 0.09398037567155973,
                "hits_authority_importance": -0.03589894652834677,
                "hits_authority_doctypebranch": -0.07856932933048559,
                "harmonic_centrality_importance": 0.15648411299062093,
                "harmonic_centrality_doctypebranch": 0.18914125170198487,
                "disruption_importance": 0.15648411299062093,
                "disruption_doctypebranch": 0.18914125170198487,
                "composite_importance": 0.21308278971882139,
                "composite_doctypebranch": 0.20040145724020084
            }
        }
    },
    "composite_rankings": {
        "importance": {
            "weight_composite_ranking_param": 0.01,
            "weight_composite_ranking": {
                "0": 89.0,
                "1": 89.0,
                "2": 89.0,
                "3": 89.0,
                "4": 89.0,
                "5": 89.0,
                "6": 89.0,
                "7": 89.0,
                "8": 89.0,
                "9": 89.0,
                "10": 89.0,
                "11": 89.0,
                "12": 89.0,
                "13": 89.0,
                "14": 89.0,
                "15": 89.0,
                "16": 89.0,
                "17": 89.0,
                "18": 89.0,
                "19": 89.0,
                "20": 89.0,
                "21": 4.5,
                "22": 89.0,
                "23": 89.0,
                "24": 89.0,
                "25": 89.0,
                "26": 89.0,
                "27": 89.0,
                "28": 89.0,
                "29": 89.0,
                "30": 89.0,
                "31": 89.0,
                "32": 89.0,
                "33": 89.0,
                "34": 89.0,
                "35": 89.0,
                "36": 89.0,
                "37": 89.0,
                "38": 89.0,
                "39": 89.0,
                "40": 89.0,
                "41": 89.0,
                "42": 89.0,
                "43": 89.0,
                "44": 89.0,
                "45": 89.0,
                "46": 89.0,
                "47": 89.0,
                "48": 89.0,
                "49": 89.0,
                "50": 89.0,
                "51": 89.0,
                "52": 89.0,
                "53": 89.0,
                "54": 89.0,
                "55": 89.0,
                "56": 89.0,
                "57": 89.0,
                "58": 89.0,
                "59": 89.0,
                "60": 89.0,
                "61": 89.0,
                "62": 89.0,
                "63": 89.0,
                "64": 89.0,
                "65": 89.0,
                "66": 89.0,
                "67": 89.0,
                "68": 89.0,
                "69": 89.0,
                "70": 89.0,
                "71": 89.0,
                "72": 89.0,
                "73": 89.0,
                "74": 89.0,
                "75": 89.0,
                "76": 89.0,
                "77": 4.5,
                "78": 89.0,
                "79": 89.0,
                "80": 89.0,
                "81": 89.0,
                "82": 89.0,
                "83": 89.0,
                "84": 89.0,
                "85": 89.0,
                "86": 89.0,
                "87": 89.0,
                "88": 89.0,
                "89": 89.0,
                "90": 89.0,
                "91": 89.0,
                "92": 89.0,
                "93": 89.0,
                "94": 89.0,
                "95": 89.0,
                "96": 89.0,
                "97": 89.0,
                "98": 89.0,
                "99": 89.0,
                "100": 89.0,
                "101": 89.0,
                "102": 89.0,
                "103": 89.0,
                "104": 89.0,
                "105": 89.0,
                "106": 4.5,
                "107": 89.0,
                "108": 89.0,
                "109": 89.0,
                "110": 89.0,
                "111": 4.5,
                "112": 89.0,
                "113": 89.0,
                "114": 89.0,
                "115": 89.0,
                "116": 89.0,
                "117": 89.0,
                "118": 89.0,
                "119": 89.0,
                "120": 89.0,
                "121": 89.0,
                "122": 89.0,
                "123": 89.0,
                "124": 89.0,
                "125": 89.0,
                "126": 89.0,
                "127": 89.0,
                "128": 89.0,
                "129": 89.0,
                "130": 89.0,
                "131": 89.0,
                "132": 4.5,
                "133": 89.0,