{
    "correlations": {
        "importance": {
            "weight_composite_ranking": {
                "degree_centrality_importance": 0.09363289594548621,
                "degree_centrality_doctypebranch": 0.18776660304931064,
                "in_degree_centrality_importance": 0.240943948231906,
                "in_degree_centrality_doctypebranch": 0.213659389373513,
                "out_degree_centrality_importance": -0.15544744046523049,
                "out_degree_centrality_doctypebranch": 0.009554459885869112,
                "betweenness_centrality_importance": NaN,
                "betweenness_centrality_doctypebranch": NaN,
                "closeness_centrality_importance": 0.240943948231906,
                "closeness_centrality_doctypebranch": 0.213659389373513,
                "core_number_importance": 0.09753945323649171,
                "core_number_doctypebranch": 0.1842211004811802,
                "relative_in_degree_centrality_importance": 0.240943948231906,
                "relative_in_degree_centrality_doctypebranch": 0.213659389373513,
                "eigenvector_centrality_importance": 0.240943948231906,
                "eigenvector_centrality_doctypebranch": 0.213659389373513,
                "pagerank_importance": 0.24229607232860317,
                "pagerank_doctypebranch": 0.21353619303658317,
                "hits_hub_importance": -0.15540279090507772,
                "hits_hub_doctypebranch": 0.009551715534272684,
                "hits_authority_importance": 0.13406846620155705,
                "hits_authority_doctypebranch": 0.074281849685542,
                "harmonic_centrality_importance": 0.240943948231906,
                "harmonic_centrality_doctypebranch": 0.213659389373513,
                "disruption_importance": 0.22807902250625464,
                "disruption_doctypebranch": 0.19626187544492507,
                "composite_importance": 0.24229607232860317,
                "composite_doctypebranch": 0.21353619303658317
            }
        },
        "doctypebranch": {
            "weight_composite_ranking": {
                "degree_centrality_importance": 0.09363289594548621,
                "degree_centrality_doctypebranch": 0.18776660304931064,
                "in_degree_centrality_importance": 0.240943948231906,
                "in_degree_centrality_doctypebranch": 0.213659389373513,
                "out_degree_centrality_importance": -0.15544744046523049,
                "out_degree_centrality_doctypebranch": 0.009554459885869112,
                "betweenness_centrality_importance": NaN,
                "betweenness_centrality_doctypebranch": NaN,
                "closeness_centrality_importance": 0.240943948231906,
                "closeness_centrality_doctypebranch": 0.213659389373513,
                "core_number_importance": 0.09753945323649171,
                "core_number_doctypebranch": 0.1842211004811802,
                "relative_in_degree_centrality_importance": 0.240943948231906,
                "relative_in_degree_centrality_doctypebranch": 0.213659389373513,
                "eigenvector_centrality_importance": 0.240943948231906,
                "eigenvector_centrality_doctypebranch": 0.213659389373513,
                "pagerank_importance": 0.24229607232860317,
                "pagerank_doctypebranch": 0.21353619303658317,
                "hits_hub_importance": -0.15540279090507772,
                "hits_hub_doctypebranch": 0.009551715534272684,
                "hits_authority_importance": 0.13406846620155705,
                "hits_authority_doctypebranch": 0.074281849685542,
                "harmonic_centrality_importance": 0.240943948231906,
                "harmonic_centrality_doctypebranch": 0.213659389373513,
                "disruption_importance": 0.22807902250625464,
                "disruption_doctypebranch": 0.19626187544492507,
                "composite_importance": 0.240943948231906,
                "composite_doctypebranch": 0.213659389373513
            }
        }
    },
    "composite_rankings": {
        "importance": {
            "weight_composite_ranking_param": 0.01,
            "weight_composite_ranking": {
                "0": 35.0,
                "1": 35.0,
                "2": 35.0,
                "3": 35.0,
                "4": 35.0,
                "5": 35.0,
                "6": 35.0,
                "7": 35.0,
                "8": 35.0,
                "9": 35.0,
                "10": 35.0,
                "11": 35.0,
                "12": 35.0,
                "13": 35.0,
                "14": 35.0,
                "15": 35.0,
                "16": 35.0,
                "17": 35.0,
                "18": 6.01,
                "19": 6.01,
                "20": 35.0,
                "21": 35.0,
                "22": 35.0,
                "23": 35.0,
                "24": 35.0,
                "25": 35.0,
                "26": 5.984999999999999,
                "27": 35.0,
                "28": 35.0,
                "29": 35.0,
                "30": 35.0,
                "31": 35.0,
                "32": 35.0,
                "33": 35.0,
                "34": 35.0,
                "35": 35.0,
                "36": 35.0,
                "37": 35.0,
                "38": 35.0,
                "39": 35.0,
                "40": 35.0,
                "41": 35.0,
                "42": 35.0,
                "43": 35.0,
                "44": 35.0,
                "45": 1.0,
                "46": 2.0,
                "47": 35.0,
                "48": 35.0,
                "49": 35.0,
                "50": 35.0,
                "51": 35.0,
                "52": 35.0,
                "53": 5.984999999999999,
                "54": 35.0,
                "55": 35.0,
                "56": 35.0,
                "57": 35.0,
                "58": 2.9999999999999996,
                "59": 6.01,
                "60": 35.0
            }
        },
        "doctypebranch": {
            "weight_composite_ranking_param": 0.01,
            "weight_composite_ranking": {
                "0": 35.0,
                "1": 35.0,
                "2": 35.0,
                "3": 35.0,
                "4": 35.0,
                "5": 35.0,
                "6": 35.0,
                "7": 35.0,
                "8": 35.0,
                "9": 35.0,
                "10": 35.0,
                "11": 35.0,
                "12": 35.0,
                "13": 35.0,
                "14": 35.0,
                "15": 35.0,
                "16": 35.0,
                "17": 35.0,
                "18": 5.999999999999999,
                "19": 5.999999999999999,
                "20": 35.0,
                "21": 35.0,
                "22": 35.0,
                "23": 35.0,
                "24": 35.0,
                "25": 35.0,
                "26": 5.999999999999999,
                "27": 35.0,
                "28": 35.0,
                "29": 35.0,
                "30": 35.0,
                "31": 35.0,
                "32": 35.0,
                "33": 35.0,
                "34": 35.0,
                "35": 35.0,
                "36": 35.0,
                "37": 35.0,
                "38": 35.0,
                "39": 35.0,
                "40": 35.0,
                "41": 35.0,
                "42": 35.0,
                "43": 35.0,
                "44": 35.0,
                "45": 1.0,
                "46": 2.0,
                "47": 35.0,
                "48": 35.0,
                "49": 35.0,
                "50": 35.0,
                "51": 35.0,
                "52": 35.0,
                "53": 5.999999999999999,
                "54": 35.0,
                "55": 35.0,
                "56": 35.0,
                "57": 35.0,
                "58": 2.9999999999999996,
                "59": 5.999999999999999,
                "60": 35.0
            }
        }
    },
    "best_centralities": {
        "importance": {
            "high": "pagerank",
            "low": "in_degree_centrality"
        },