{
    "correlations": {
        "importance": {
            "weight_composite_ranking": {
                "degree_centrality_importance": 0.1291748993523899,
                "degree_centrality_doctypebranch": 0.1322522198382275,
                "in_degree_centrality_importance": 0.36070066271061885,
                "in_degree_centrality_doctypebranch": 0.342341919777151,
                "out_degree_centrality_importance": -0.2501892543646902,
                "out_degree_centrality_doctypebranch": -0.23997975017016482,
                "betweenness_centrality_importance": -0.09771301736245812,
                "betweenness_centrality_doctypebranch": -0.08146990279836604,
                "closeness_centrality_importance": 0.362255669425683,
                "closeness_centrality_doctypebranch": 0.346019762724507,
                "core_number_importance": 0.15202962688030006,
                "core_number_doctypebranch": 0.1440088734219939,
                "relative_in_degree_centrality_importance": 0.36070066271061885,
                "relative_in_degree_centrality_doctypebranch": 0.342341919777151,
                "eigenvector_centrality_importance": 0.3472905865943148,
                "eigenvector_centrality_doctypebranch": 0.32866392198341404,
                "pagerank_importance": 0.3469303993176929,
                "pagerank_doctypebranch": 0.3255426607977772,
                "hits_hub_importance": -0.21928507723347582,
                "hits_hub_doctypebranch": -0.1982282817982349,
                "hits_authority_importance": 0.3921457014828258,
                "hits_authority_doctypebranch": 0.3669969936570711,
                "harmonic_centrality_importance": 0.362255669425683,
                "harmonic_centrality_doctypebranch": 0.346019762724507,
                "disruption_importance": 0.37289083671964757,
                "disruption_doctypebranch": 0.3343654583522982,
                "composite_importance": 0.42041652211957625,
                "composite_doctypebranch": 0.37903832680443544
            }
        },
        "doctypebranch": {
            "weight_composite_ranking": {
                "degree_centrality_importance": 0.1291748993523899,
                "degree_centrality_doctypebranch": 0.1322522198382275,
                "in_degree_centrality_importance": 0.36070066271061885,
                "in_degree_centrality_doctypebranch": 0.342341919777151,
                "out_degree_centrality_importance": -0.2501892543646902,
                "out_degree_centrality_doctypebranch": -0.23997975017016482,
                "betweenness_centrality_importance": -0.09771301736245812,
                "betweenness_centrality_doctypebranch": -0.08146990279836604,
                "closeness_centrality_importance": 0.362255669425683,
                "closeness_centrality_doctypebranch": 0.346019762724507,
                "core_number_importance": 0.15202962688030006,
                "core_number_doctypebranch": 0.1440088734219939,
                "relative_in_degree_centrality_importance": 0.36070066271061885,
                "relative_in_degree_centrality_doctypebranch": 0.342341919777151,
                "eigenvector_centrality_importance": 0.3472905865943148,
                "eigenvector_centrality_doctypebranch": 0.32866392198341404,
                "pagerank_importance": 0.3469303993176929,
                "pagerank_doctypebranch": 0.3255426607977772,
                "hits_hub_importance": -0.21928507723347582,
                "hits_hub_doctypebranch": -0.1982282817982349,
                "hits_authority_importance": 0.3921457014828258,
                "hits_authority_doctypebranch": 0.3669969936570711,
                "harmonic_centrality_importance": 0.362255669425683,
                "harmonic_centrality_doctypebranch": 0.346019762724507,
                "disruption_importance": 0.37289083671964757,
                "disruption_doctypebranch": 0.3343654583522982,
                "composite_importance": 0.3981201172094697,
                "composite_doctypebranch": 0.37244386272236124
            }
        }
    },
    "composite_rankings": {
        "importance": {
            "weight_composite_ranking_param": 0.31,
            "weight_composite_ranking": {
                "0": 103.345,
                "1": 117.13999999999999,
                "2": 117.13999999999999,
                "3": 103.345,
                "4": 103.345,
                "5": 103.345,
                "6": 93.27,
                "7": 103.345,
                "8": 95.75,
                "9": 103.345,
                "10": 95.75,
                "11": 111.095,
                "12": 120.85999999999999,
                "13": 117.13999999999999,
                "14": 117.13999999999999,
                "15": 90.16999999999999,
                "16": 103.345,
                "17": 124.14999999999999,
                "18": 103.345,
                "19": 103.345,
                "20": 117.13999999999999,
                "21": 113.10999999999999,
                "22": 103.345,
                "23": 117.13999999999999,
                "24": 20.605,
                "25": 117.13999999999999,
                "26": 109.23499999999999,
                "27": 90.16999999999999,
                "28": 113.10999999999999,
                "29": 120.85999999999999,
                "30": 109.54499999999999,
                "31": 97.3,
                "32": 85.365,
                "33": 113.10999999999999,
                "34": 93.27,
                "35": 16.419999999999998,
                "36": 117.13999999999999,
                "37": 111.095,
                "38": 120.85999999999999,
                "39": 90.16999999999999,
                "40": 103.345,
                "41": 103.345,
                "42": 96.835,
                "43": 110.00999999999999,
                "44": 117.13999999999999,
                "45": 22.31,
                "46": 93.27,
                "47": 93.27,
                "48": 25.41,
                "49": 24.17,
                "50": 27.58,
                "51": 103.345,
                "52": 103.345,
                "53": 103.345,
                "54": 87.38,
                "55": 66.64,
                "56": 111.095,
                "57": 113.10999999999999,
                "58": 117.13999999999999,
                "59": 95.75,
                "60": 87.38,
                "61": 90.16999999999999,
                "62": 25.1,
                "63": 66.02,
                "64": 117.13999999999999,
                "65": 120.85999999999999,
                "66": 90.16999999999999,
                "67": 26.96,
                "68": 110.00999999999999,
                "69": 122.255,
                "70": 87.38,
                "71": 23.240000000000002,
                "72": 85.675,
                "73": 87.38,
                "74": 28.509999999999998,
                "75": 103.345,
                "76": 85.98499999999999,
                "77": 103.345,
                "78": 103.345,
                "79": 103.345,
                "80": 119.74,
                "81": 87.38,
                "82": 117.13999999999999,
                "83": 120.85999999999999,
                "84": 103.345,
                "85": 87.38,
                "86": 113.10999999999999,
                "87": 111.095,
                "88": 103.345,
                "89": 120.85999999999999,
                "90": 117.13999999999999,
                "91": 90.16999999999999,
                "92": 113.10999999999999,
                "93": 103.345,
                "94": 113.10999999999999,
                "95": 103.345,
                "96": 20.605,
                "97": 122.255,
                "98": 113.10999999999999,
                "99": 23.240000000000002,
                "100": 27.89,
                "101": 117.13999999999999,
                "102": 119.97999999999999,
                "103": 93.27,
                "104": 93.27,
                "105": 117.13999999999999,
                "106": 93.27,