{
    "correlations": {
        "importance": {
            "weight_composite_ranking": {
                "degree_centrality_importance": 0.14138789390588477,
                "degree_centrality_doctypebranch": 0.15495913931368882,
                "in_degree_centrality_importance": 0.3666154075386171,
                "in_degree_centrality_doctypebranch": 0.2896569833093693,
                "out_degree_centrality_importance": -0.201395610380943,
                "out_degree_centrality_doctypebranch": -0.1424479749329464,
                "betweenness_centrality_importance": 0.016325449652699723,
                "betweenness_centrality_doctypebranch": -0.04738086630984183,
                "closeness_centrality_importance": 0.3666052043629186,
                "closeness_centrality_doctypebranch": 0.28785216927218815,
                "core_number_importance": 0.14885985591243686,
                "core_number_doctypebranch": 0.15764908791680665,
                "relative_in_degree_centrality_importance": 0.3666154075386171,
                "relative_in_degree_centrality_doctypebranch": 0.2896569833093693,
                "eigenvector_centrality_importance": 0.3666052043629186,
                "eigenvector_centrality_doctypebranch": 0.28785216927218815,
                "pagerank_importance": 0.3654920320569037,
                "pagerank_doctypebranch": 0.2821793393885315,
                "hits_hub_importance": -0.0889419913952692,
                "hits_hub_doctypebranch": -0.10681394180160017,
                "hits_authority_importance": 0.306454652766132,
                "hits_authority_doctypebranch": 0.335172227950057,
                "harmonic_centrality_importance": 0.3666052043629186,
                "harmonic_centrality_doctypebranch": 0.28785216927218815,
                "disruption_importance": 0.3363271100451392,
                "disruption_doctypebranch": 0.25778444480008755,
                "composite_importance": 0.3666154075386171,
                "composite_doctypebranch": 0.2896569833093693
            }
        },
        "doctypebranch": {
            "weight_composite_ranking": {
                "degree_centrality_importance": 0.14138789390588477,
                "degree_centrality_doctypebranch": 0.15495913931368882,
                "in_degree_centrality_importance": 0.3666154075386171,
                "in_degree_centrality_doctypebranch": 0.2896569833093693,
                "out_degree_centrality_importance": -0.201395610380943,
                "out_degree_centrality_doctypebranch": -0.1424479749329464,
                "betweenness_centrality_importance": 0.016325449652699723,
                "betweenness_centrality_doctypebranch": -0.04738086630984183,
                "closeness_centrality_importance": 0.3666052043629186,
                "closeness_centrality_doctypebranch": 0.28785216927218815,
                "core_number_importance": 0.14885985591243686,
                "core_number_doctypebranch": 0.15764908791680665,
                "relative_in_degree_centrality_importance": 0.3666154075386171,
                "relative_in_degree_centrality_doctypebranch": 0.2896569833093693,
                "eigenvector_centrality_importance": 0.3666052043629186,
                "eigenvector_centrality_doctypebranch": 0.28785216927218815,
                "pagerank_importance": 0.3654920320569037,
                "pagerank_doctypebranch": 0.2821793393885315,
                "hits_hub_importance": -0.0889419913952692,
                "hits_hub_doctypebranch": -0.10681394180160017,
                "hits_authority_importance": 0.306454652766132,
                "hits_authority_doctypebranch": 0.335172227950057,
                "harmonic_centrality_importance": 0.3666052043629186,
                "harmonic_centrality_doctypebranch": 0.28785216927218815,
                "disruption_importance": 0.3363271100451392,
                "disruption_doctypebranch": 0.25778444480008755,
                "composite_importance": 0.3064501570219097,
                "composite_doctypebranch": 0.3351673109139028
            }
        }
    },
    "composite_rankings": {
        "importance": {
            "weight_composite_ranking_param": 0.01,
            "weight_composite_ranking": {
                "0": 36.5,
                "1": 36.5,
                "2": 36.5,
                "3": 36.5,
                "4": 36.5,
                "5": 36.5,
                "6": 36.5,
                "7": 36.5,
                "8": 36.5,
                "9": 36.5,
                "10": 36.5,
                "11": 36.5,
                "12": 5.999999999999999,
                "13": 36.5,
                "14": 36.5,
                "15": 36.5,
                "16": 36.5,
                "17": 36.5,
                "18": 36.5,
                "19": 36.5,
                "20": 36.5,
                "21": 10.5,
                "22": 36.5,
                "23": 36.5,
                "24": 36.5,
                "25": 36.5,
                "26": 36.5,
                "27": 5.999999999999999,
                "28": 36.5,
                "29": 36.5,
                "30": 36.5,
                "31": 36.5,
                "32": 10.5,
                "33": 36.5,
                "34": 36.5,
                "35": 36.5,
                "36": 36.5,
                "37": 10.5,
                "38": 36.5,
                "39": 10.5,
                "40": 36.5,
                "41": 36.5,
                "42": 36.5,
                "43": 5.999999999999999,
                "44": 36.5,
                "45": 36.5,
                "46": 36.5,
                "47": 3.5,
                "48": 36.5,
                "49": 3.5,
                "50": 10.5,
                "51": 1.0,
                "52": 2.0,
                "53": 10.5,
                "54": 36.5,
                "55": 36.5,
                "56": 36.5,
                "57": 36.5,
                "58": 36.5
            }
        },
        "doctypebranch": {
            "weight_composite_ranking_param": 0.97,
            "weight_composite_ranking": {
                "0": 37.47,
                "1": 30.195,
                "2": 20.01,
                "3": 53.96,
                "4": 49.11,
                "5": 33.589999999999996,
                "6": 43.29,
                "7": 37.47,
                "8": 37.47,
                "9": 24.860000000000003,
                "10": 41.835,
                "11": 43.29,
                "12": 6.970000000000001,
                "13": 32.135,
                "14": 24.860000000000003,
                "15": 20.01,
                "16": 30.195,
                "17": 24.860000000000003,
                "18": 49.11,
                "19": 57.355,
                "20": 33.589999999999996,
                "21": 10.985,
                "22": 53.96,
                "23": 53.96,
                "24": 49.11,
                "25": 15.16,
                "26": 57.355,
                "27": 5.029999999999999,
                "28": 37.47,
                "29": 49.11,
                "30": 27.770000000000003,
                "31": 37.47,
                "32": 8.075,
                "33": 20.01,
                "34": 49.11,
                "35": 57.355,
                "36": 13.22,
                "37": 26.990000000000002,
                "38": 24.860000000000003,
                "39": 9.045,
                "40": 37.47,
                "41": 30.195,
                "42": 53.96,
                "43": 6.0,
                "44": 20.01,
                "45": 15.16,
                "46": 44.745,
                "47": 3.985,
                "48": 49.11,
                "49": 3.015,
                "50": 44.934999999999995,
                "51": 1.0,
                "52": 2.0,
                "53": 10.014999999999999,
                "54": 13.22,
                "55": 40.864999999999995,
                "56": 16.615000000000002,
                "57": 20.01,
                "58": 20.01
            }
        }
    },