{
    "correlations": {
        "importance": {
            "weight_composite_ranking": {
                "degree_centrality_importance": 0.032904707041158235,
                "degree_centrality_doctypebranch": -0.041960654935017966,
                "in_degree_centrality_importance": -0.07583665611625419,
                "in_degree_centrality_doctypebranch": -0.06689591391552036,
                "out_degree_centrality_importance": 0.12173779008135543,
                "out_degree_centrality_doctypebranch": 0.008361989239440044,
                "betweenness_centrality_importance": NaN,
                "betweenness_centrality_doctypebranch": NaN,
                "closeness_centrality_importance": -0.07583665611625419,
                "closeness_centrality_doctypebranch": -0.06689591391552036,
                "core_number_importance": 0.032904707041158235,
                "core_number_doctypebranch": -0.041960654935017966,
                "relative_in_degree_centrality_importance": -0.07583665611625419,
                "relative_in_degree_centrality_doctypebranch": -0.06689591391552036,
                "eigenvector_centrality_importance": -0.07583665611625419,
                "eigenvector_centrality_doctypebranch": -0.06689591391552036,
                "pagerank_importance": -0.07583665611625419,
                "pagerank_doctypebranch": -0.06689591391552036,
                "hits_hub_importance": 0.12028283919999758,
                "hits_hub_doctypebranch": 0.006490967226180421,
                "hits_authority_importance": 0.11349559726427409,
                "hits_authority_doctypebranch": 0.12499782496184207,
                "harmonic_centrality_importance": -0.07583665611625419,
                "harmonic_centrality_doctypebranch": -0.06689591391552036,
                "disruption_importance": -0.07583665611625419,
                "disruption_doctypebranch": -0.06689591391552036,
                "composite_importance": 0.12028283919999758,
                "composite_doctypebranch": 0.006490967226180421
            }
        },
        "doctypebranch": {
            "weight_composite_ranking": {
                "degree_centrality_importance": 0.032904707041158235,
                "degree_centrality_doctypebranch": -0.041960654935017966,
                "in_degree_centrality_importance": -0.07583665611625419,
                "in_degree_centrality_doctypebranch": -0.06689591391552036,
                "out_degree_centrality_importance": 0.12173779008135543,
                "out_degree_centrality_doctypebranch": 0.008361989239440044,
                "betweenness_centrality_importance": NaN,
                "betweenness_centrality_doctypebranch": NaN,
                "closeness_centrality_importance": -0.07583665611625419,
                "closeness_centrality_doctypebranch": -0.06689591391552036,
                "core_number_importance": 0.032904707041158235,
                "core_number_doctypebranch": -0.041960654935017966,
                "relative_in_degree_centrality_importance": -0.07583665611625419,
                "relative_in_degree_centrality_doctypebranch": -0.06689591391552036,
                "eigenvector_centrality_importance": -0.07583665611625419,
                "eigenvector_centrality_doctypebranch": -0.06689591391552036,
                "pagerank_importance": -0.07583665611625419,
                "pagerank_doctypebranch": -0.06689591391552036,
                "hits_hub_importance": 0.12028283919999758,
                "hits_hub_doctypebranch": 0.006490967226180421,
                "hits_authority_importance": 0.11349559726427409,
                "hits_authority_doctypebranch": 0.12499782496184207,
                "harmonic_centrality_importance": -0.07583665611625419,
                "harmonic_centrality_doctypebranch": -0.06689591391552036,
                "disruption_importance": -0.07583665611625419,
                "disruption_doctypebranch": -0.06689591391552036,
                "composite_importance": 0.11349559726427409,
                "composite_doctypebranch": 0.12499782496184207
            }
        }
    },
    "composite_rankings": {
        "importance": {
            "weight_composite_ranking_param": 0.01,
            "weight_composite_ranking": {
                "0": 1.005,
                "1": 39.5,
                "2": 39.5,
                "3": 39.5,
                "4": 39.5,
                "5": 39.5,
                "6": 39.5,
                "7": 39.5,
                "8": 39.5,
                "9": 39.5,
                "10": 39.5,
                "11": 39.5,
                "12": 39.5,
                "13": 39.5,
                "14": 39.5,
                "15": 39.5,
                "16": 39.5,
                "17": 39.5,
                "18": 39.5,
                "19": 39.5,
                "20": 39.5,
                "21": 39.5,
                "22": 39.5,
                "23": 39.5,
                "24": 39.5,
                "25": 39.5,
                "26": 39.5,
                "27": 39.5,
                "28": 39.5,
                "29": 39.5,
                "30": 39.5,
                "31": 39.5,
                "32": 39.5,
                "33": 39.5,
                "34": 39.5,
                "35": 39.5,
                "36": 39.5,
                "37": 39.5,
                "38": 39.5,
                "39": 39.5,
                "40": 39.5,
                "41": 39.5,
                "42": 39.5,
                "43": 39.5,
                "44": 39.5,
                "45": 39.5,
                "46": 39.5,
                "47": 39.5,
                "48": 39.5,
                "49": 39.5,
                "50": 39.5,
                "51": 39.5,
                "52": 39.5,
                "53": 39.5,
                "54": 39.5,
                "55": 39.5,
                "56": 39.5,
                "57": 39.5,
                "58": 39.5,
                "59": 39.5,
                "60": 39.5,
                "61": 39.5,
                "62": 39.5,
                "63": 39.5,
                "64": 39.5,
                "65": 39.5,
                "66": 39.5,
                "67": 39.5,
                "68": 39.5,
                "69": 39.5,
                "70": 39.5,
                "71": 39.5,
                "72": 39.5,
                "73": 39.5,
                "74": 1.9949999999999999,
                "75": 39.5
            }
        },
        "doctypebranch": {
            "weight_composite_ranking_param": 0.01,
            "weight_composite_ranking": {
                "0": 39.48,
                "1": 39.849999999999994,
                "2": 39.72,
                "3": 39.805,
                "4": 39.275,
                "5": 39.48,
                "6": 39.754999999999995,
                "7": 39.285,
                "8": 39.48,
                "9": 39.805,
                "10": 39.48,
                "11": 39.48,
                "12": 39.754999999999995,
                "13": 39.48,
                "14": 39.849999999999994,
                "15": 39.48,
                "16": 39.48,
                "17": 39.48,
                "18": 39.675,
                "19": 39.754999999999995,
                "20": 39.205,
                "21": 39.48,
                "22": 39.699999999999996,
                "23": 39.48,
                "24": 39.48,
                "25": 39.25,
                "26": 39.48,
                "27": 39.754999999999995,
                "28": 39.16,
                "29": 39.805,
                "30": 39.48,
                "31": 39.684999999999995,
                "32": 39.48,
                "33": 1.505,
                "34": 39.48,
                "35": 39.16,
                "36": 39.205,
                "37": 39.16,
                "38": 39.48,
                "39": 39.48,
                "40": 39.48,
                "41": 39.48,
                "42": 39.849999999999994,
                "43": 39.699999999999996,
                "44": 39.754999999999995,