{
    "correlations": {
        "importance": {
            "weight_composite_ranking": {
                "degree_centrality_importance": 0.25761379859106626,
                "degree_centrality_doctypebranch": 0.05427714292023087,
                "in_degree_centrality_importance": 0.16781129616906948,
                "in_degree_centrality_doctypebranch": 0.10608482993453476,
                "out_degree_centrality_importance": 0.1897060575755376,
                "out_degree_centrality_doctypebranch": -0.04431301101027199,
                "betweenness_centrality_importance": NaN,
                "betweenness_centrality_doctypebranch": NaN,
                "closeness_centrality_importance": 0.16781129616906948,
                "closeness_centrality_doctypebranch": 0.10608482993453476,
                "core_number_importance": 0.2550202502322729,
                "core_number_doctypebranch": 0.05848976518656018,
                "relative_in_degree_centrality_importance": 0.16781129616906948,
                "relative_in_degree_centrality_doctypebranch": 0.10608482993453476,
                "eigenvector_centrality_importance": 0.16781129616906948,
                "eigenvector_centrality_doctypebranch": 0.10608482993453476,
                "pagerank_importance": 0.16018111033172283,
                "pagerank_doctypebranch": 0.10065790702245736,
                "hits_hub_importance": 0.005438857198404341,
                "hits_hub_doctypebranch": -0.16507662889207428,
                "hits_authority_importance": 0.11715151704605982,
                "hits_authority_doctypebranch": 0.14597647257992494,
                "harmonic_centrality_importance": 0.16781129616906948,
                "harmonic_centrality_doctypebranch": 0.10608482993453476,
                "disruption_importance": 0.16781129616906948,
                "disruption_doctypebranch": 0.10608482993453476,
                "composite_importance": 0.25761379859106626,
                "composite_doctypebranch": 0.05427714292023087
            }
        },
        "doctypebranch": {
            "weight_composite_ranking": {
                "degree_centrality_importance": 0.25761379859106626,
                "degree_centrality_doctypebranch": 0.05427714292023087,
                "in_degree_centrality_importance": 0.16781129616906948,
                "in_degree_centrality_doctypebranch": 0.10608482993453476,
                "out_degree_centrality_importance": 0.1897060575755376,
                "out_degree_centrality_doctypebranch": -0.04431301101027199,
                "betweenness_centrality_importance": NaN,
                "betweenness_centrality_doctypebranch": NaN,
                "closeness_centrality_importance": 0.16781129616906948,
                "closeness_centrality_doctypebranch": 0.10608482993453476,
                "core_number_importance": 0.2550202502322729,
                "core_number_doctypebranch": 0.05848976518656018,
                "relative_in_degree_centrality_importance": 0.16781129616906948,
                "relative_in_degree_centrality_doctypebranch": 0.10608482993453476,
                "eigenvector_centrality_importance": 0.16781129616906948,
                "eigenvector_centrality_doctypebranch": 0.10608482993453476,
                "pagerank_importance": 0.16018111033172283,
                "pagerank_doctypebranch": 0.10065790702245736,
                "hits_hub_importance": 0.005438857198404341,
                "hits_hub_doctypebranch": -0.16507662889207428,
                "hits_authority_importance": 0.11715151704605982,
                "hits_authority_doctypebranch": 0.14597647257992494,
                "harmonic_centrality_importance": 0.16781129616906948,
                "harmonic_centrality_doctypebranch": 0.10608482993453476,
                "disruption_importance": 0.16781129616906948,
                "disruption_doctypebranch": 0.10608482993453476,
                "composite_importance": 0.12430020474629745,
                "composite_doctypebranch": 0.13213873757328565
            }
        }
    },
    "composite_rankings": {
        "importance": {
            "weight_composite_ranking_param": 0.01,
            "weight_composite_ranking": {
                "0": 4.505,
                "1": 43.5,
                "2": 43.5,
                "3": 43.5,
                "4": 43.5,
                "5": 43.5,
                "6": 43.5,
                "7": 43.5,
                "8": 43.5,
                "9": 43.5,
                "10": 43.5,
                "11": 43.5,
                "12": 43.5,
                "13": 43.5,
                "14": 43.5,
                "15": 43.5,
                "16": 43.5,
                "17": 43.5,
                "18": 43.5,
                "19": 43.5,
                "20": 43.5,
                "21": 43.5,
                "22": 4.465,
                "23": 43.5,
                "24": 43.5,
                "25": 43.5,
                "26": 43.5,
                "27": 43.5,
                "28": 43.5,
                "29": 43.5,
                "30": 43.5,
                "31": 43.5,
                "32": 43.5,
                "33": 43.5,
                "34": 43.5,
                "35": 4.505,
                "36": 43.5,
                "37": 43.5,
                "38": 43.5,
                "39": 43.5,
                "40": 43.5,
                "41": 43.5,
                "42": 43.5,
                "43": 43.5,
                "44": 43.5,
                "45": 43.5,
                "46": 43.5,
                "47": 43.5,
                "48": 43.5,
                "49": 4.505,
                "50": 43.5,
                "51": 43.5,
                "52": 4.505,
                "53": 43.5,
                "54": 43.5,
                "55": 43.5,
                "56": 43.5,
                "57": 43.5,
                "58": 43.5,
                "59": 43.5,
                "60": 43.5,
                "61": 43.5,
                "62": 43.5,
                "63": 43.5,
                "64": 43.5,
                "65": 43.5,
                "66": 4.505,
                "67": 43.5,
                "68": 43.5,
                "69": 43.5,
                "70": 43.5,
                "71": 43.5,
                "72": 4.505,
                "73": 43.5,
                "74": 43.5,
                "75": 43.5,
                "76": 4.505,
                "77": 43.5
            }
        },
        "doctypebranch": {
            "weight_composite_ranking_param": 0.01,
            "weight_composite_ranking": {
                "0": 38.63,
                "1": 66.235,
                "2": 56.83,
                "3": 39.01,
                "4": 8.815,
                "5": 39.01,
                "6": 60.294999999999995,
                "7": 73.66000000000001,
                "8": 39.01,
                "9": 60.294999999999995,
                "10": 15.25,
                "11": 56.83,
                "12": 15.25,
                "13": 8.815,
                "14": 60.294999999999995,
                "15": 73.66000000000001,
                "16": 60.294999999999995,
                "17": 39.01,
                "18": 39.01,
                "19": 39.01,
                "20": 39.01,
                "21": 66.235,
                "22": 38.62,
                "23": 73.66000000000001,
                "24": 8.815,
                "25": 20.2,
                "26": 15.25,
                "27": 24.159999999999997,
                "28": 66.235,
                "29": 39.01,
                "30": 8.815,
                "31": 39.01,
                "32": 39.01,
                "33": 54.355,
                "34": 15.25,
                "35": 77.62,
                "36": 73.66000000000001,
                "37": 39.01,
                "38": 39.01,
                "39": 23.169999999999998,
                "40": 73.66000000000001,
                "41": 39.01,
                "42": 39.01,
                "43": 73.66000000000001,
                "44": 66.235,