{
    "correlations": {
        "importance": {
            "weight_composite_ranking": {
                "degree_centrality_importance": 0.2267855950667208,
                "degree_centrality_doctypebranch": 0.07581291392800729,
                "in_degree_centrality_importance": 0.20877976460080738,
                "in_degree_centrality_doctypebranch": 0.15751672838379435,
                "out_degree_centrality_importance": 0.0827771535928556,
                "out_degree_centrality_doctypebranch": -0.16563448696281105,
                "betweenness_centrality_importance": NaN,
                "betweenness_centrality_doctypebranch": NaN,
                "closeness_centrality_importance": 0.20877976460080738,
                "closeness_centrality_doctypebranch": 0.15751672838379435,
                "core_number_importance": 0.22687880101424107,
                "core_number_doctypebranch": 0.08186477016791775,
                "relative_in_degree_centrality_importance": 0.20877976460080738,
                "relative_in_degree_centrality_doctypebranch": 0.15751672838379435,
                "eigenvector_centrality_importance": 0.20877976460080738,
                "eigenvector_centrality_doctypebranch": 0.15751672838379435,
                "pagerank_importance": 0.20877976460080738,
                "pagerank_doctypebranch": 0.15751672838379435,
                "hits_hub_importance": 0.0827771535928556,
                "hits_hub_doctypebranch": -0.16563448696281105,
                "hits_authority_importance": 0.039918311411177985,
                "hits_authority_doctypebranch": 0.0118148956622485,
                "harmonic_centrality_importance": 0.20877976460080738,
                "harmonic_centrality_doctypebranch": 0.15751672838379435,
                "disruption_importance": 0.20877976460080738,
                "disruption_doctypebranch": 0.15751672838379435,
                "composite_importance": 0.2267855950667208,
                "composite_doctypebranch": 0.07581291392800729
            }
        },
        "doctypebranch": {
            "weight_composite_ranking": {
                "degree_centrality_importance": 0.2267855950667208,
                "degree_centrality_doctypebranch": 0.07581291392800729,
                "in_degree_centrality_importance": 0.20877976460080738,
                "in_degree_centrality_doctypebranch": 0.15751672838379435,
                "out_degree_centrality_importance": 0.0827771535928556,
                "out_degree_centrality_doctypebranch": -0.16563448696281105,
                "betweenness_centrality_importance": NaN,
                "betweenness_centrality_doctypebranch": NaN,
                "closeness_centrality_importance": 0.20877976460080738,
                "closeness_centrality_doctypebranch": 0.15751672838379435,
                "core_number_importance": 0.22687880101424107,
                "core_number_doctypebranch": 0.08186477016791775,
                "relative_in_degree_centrality_importance": 0.20877976460080738,
                "relative_in_degree_centrality_doctypebranch": 0.15751672838379435,
                "eigenvector_centrality_importance": 0.20877976460080738,
                "eigenvector_centrality_doctypebranch": 0.15751672838379435,
                "pagerank_importance": 0.20877976460080738,
                "pagerank_doctypebranch": 0.15751672838379435,
                "hits_hub_importance": 0.0827771535928556,
                "hits_hub_doctypebranch": -0.16563448696281105,
                "hits_authority_importance": 0.039918311411177985,
                "hits_authority_doctypebranch": 0.0118148956622485,
                "harmonic_centrality_importance": 0.20877976460080738,
                "harmonic_centrality_doctypebranch": 0.15751672838379435,
                "disruption_importance": 0.20877976460080738,
                "disruption_doctypebranch": 0.15751672838379435,
                "composite_importance": 0.0827771535928556,
                "composite_doctypebranch": -0.16563448696281105
            }
        }
    },
    "composite_rankings": {
        "importance": {
            "weight_composite_ranking_param": 0.01,
            "weight_composite_ranking": {
                "0": 48.5,
                "1": 48.5,
                "2": 48.5,
                "3": 48.5,
                "4": 48.5,
                "5": 48.5,
                "6": 48.5,
                "7": 48.5,
                "8": 48.5,
                "9": 48.5,
                "10": 48.5,
                "11": 48.5,
                "12": 1.03,
                "13": 48.5,
                "14": 48.5,
                "15": 48.5,
                "16": 48.5,
                "17": 48.5,
                "18": 48.5,
                "19": 48.5,
                "20": 48.5,
                "21": 48.5,
                "22": 48.5,
                "23": 48.5,
                "24": 48.5,
                "25": 48.5,
                "26": 48.5,
                "27": 48.5,
                "28": 48.5,
                "29": 48.5,
                "30": 48.5,
                "31": 48.5,
                "32": 48.5,
                "33": 48.5,
                "34": 4.495,
                "35": 48.5,
                "36": 48.5,
                "37": 48.5,
                "38": 48.5,
                "39": 48.5,
                "40": 48.5,
                "41": 48.5,
                "42": 48.5,
                "43": 48.5,
                "44": 48.5,
                "45": 48.5,
                "46": 4.495,
                "47": 48.5,
                "48": 4.495,
                "49": 48.5,
                "50": 48.5,
                "51": 48.5,
                "52": 48.5,
                "53": 48.5,
                "54": 48.5,
                "55": 48.5,
                "56": 48.5,
                "57": 48.5,
                "58": 4.495,
                "59": 48.5,
                "60": 48.5,
                "61": 48.5,
                "62": 48.5,
                "63": 48.5,
                "64": 48.5,
                "65": 48.5,
                "66": 48.5,
                "67": 48.5,
                "68": 48.5,
                "69": 48.5,
                "70": 48.5,
                "71": 48.5,
                "72": 48.5,
                "73": 4.495,
                "74": 48.5,
                "75": 48.5,
                "76": 48.5,
                "77": 48.5,
                "78": 48.5,
                "79": 48.5,
                "80": 48.5,
                "81": 48.5,
                "82": 48.5,
                "83": 48.5,
                "84": 48.5,
                "85": 4.495,
                "86": 48.5,
                "87": 48.5,
                "88": 48.5
            }
        },
        "doctypebranch": {
            "weight_composite_ranking_param": 0.01,
            "weight_composite_ranking": {
                "0": 45.5,
                "1": 45.5,
                "2": 45.5,
                "3": 45.5,
                "4": 45.5,
                "5": 45.5,
                "6": 45.5,
                "7": 45.5,
                "8": 45.5,
                "9": 45.5,
                "10": 45.5,
                "11": 45.5,
                "12": 1.0,
                "13": 45.5,
                "14": 45.5,
                "15": 45.5,
                "16": 45.5,
                "17": 45.5,
                "18": 45.5,
                "19": 45.5,
                "20": 45.5,
                "21": 45.5,
                "22": 45.5,
                "23": 45.5,
                "24": 45.5,
                "25": 45.5,
                "26": 45.5,
                "27": 45.5,
                "28": 45.5,
                "29": 45.5,
                "30": 45.5,
                "31": 45.5,
                "32": 45.5,
                "33": 45.5,
                "34": 45.5,
                "35": 45.5,
                "36": 45.5,
                "37": 45.5,
                "38": 45.5,
                "39": 45.5,
                "40": 45.5,