{
    "correlations": {
        "importance": {
            "weight_composite_ranking": {
                "degree_centrality_importance": 0.028809921913280603,
                "degree_centrality_doctypebranch": 0.08914859588892572,
                "in_degree_centrality_importance": 0.24805642715124,
                "in_degree_centrality_doctypebranch": 0.15459910828900666,
                "out_degree_centrality_importance": -0.3093873557975765,
                "out_degree_centrality_doctypebranch": -0.11706790784375781,
                "betweenness_centrality_importance": -0.12142381042878253,
                "betweenness_centrality_doctypebranch": -0.060415361638945675,
                "closeness_centrality_importance": 0.24728075329447338,
                "closeness_centrality_doctypebranch": 0.15137214901311863,
                "core_number_importance": 0.018004684848180647,
                "core_number_doctypebranch": 0.0751164584058786,
                "relative_in_degree_centrality_importance": 0.24805642715124,
                "relative_in_degree_centrality_doctypebranch": 0.15459910828900666,
                "eigenvector_centrality_importance": 0.23992143939582886,
                "eigenvector_centrality_doctypebranch": 0.1291815535449552,
                "pagerank_importance": 0.25117836604638855,
                "pagerank_doctypebranch": 0.15462691635103273,
                "hits_hub_importance": -0.3226169484097815,
                "hits_hub_doctypebranch": -0.11244261366627288,
                "hits_authority_importance": 0.09888734842463649,
                "hits_authority_doctypebranch": 0.035351808127190014,
                "harmonic_centrality_importance": 0.2491712558411894,
                "harmonic_centrality_doctypebranch": 0.15046115801827467,
                "disruption_importance": 0.3380529002495294,
                "disruption_doctypebranch": 0.14349126386946173,
                "composite_importance": 0.2149754585450122,
                "composite_doctypebranch": 0.10163617141044613
            }
        },
        "doctypebranch": {
            "weight_composite_ranking": {
                "degree_centrality_importance": 0.028809921913280603,
                "degree_centrality_doctypebranch": 0.08914859588892572,
                "in_degree_centrality_importance": 0.24805642715124,
                "in_degree_centrality_doctypebranch": 0.15459910828900666,
                "out_degree_centrality_importance": -0.3093873557975765,
                "out_degree_centrality_doctypebranch": -0.11706790784375781,
                "betweenness_centrality_importance": -0.12142381042878253,
                "betweenness_centrality_doctypebranch": -0.060415361638945675,
                "closeness_centrality_importance": 0.24728075329447338,
                "closeness_centrality_doctypebranch": 0.15137214901311863,
                "core_number_importance": 0.018004684848180647,
                "core_number_doctypebranch": 0.0751164584058786,
                "relative_in_degree_centrality_importance": 0.24805642715124,
                "relative_in_degree_centrality_doctypebranch": 0.15459910828900666,
                "eigenvector_centrality_importance": 0.23992143939582886,
                "eigenvector_centrality_doctypebranch": 0.1291815535449552,
                "pagerank_importance": 0.25117836604638855,
                "pagerank_doctypebranch": 0.15462691635103273,
                "hits_hub_importance": -0.3226169484097815,
                "hits_hub_doctypebranch": -0.11244261366627288,
                "hits_authority_importance": 0.09888734842463649,
                "hits_authority_doctypebranch": 0.035351808127190014,
                "harmonic_centrality_importance": 0.2491712558411894,
                "harmonic_centrality_doctypebranch": 0.15046115801827467,
                "disruption_importance": 0.3380529002495294,
                "disruption_doctypebranch": 0.14349126386946173,
                "composite_importance": 0.2528827266384445,
                "composite_doctypebranch": 0.15615562434609767
            }
        }
    },
    "composite_rankings": {
        "importance": {
            "weight_composite_ranking_param": 0.78,
            "weight_composite_ranking": {
                "0": 135.16,
                "1": 135.16,
                "2": 135.16,
                "3": 135.16,
                "4": 135.16,
                "5": 135.16,
                "6": 135.16,
                "7": 52.48,
                "8": 52.48,
                "9": 52.48,
                "10": 135.16,
                "11": 135.16,
                "12": 52.48,
                "13": 135.16,
                "14": 52.48,
                "15": 52.48,
                "16": 135.16,
                "17": 185.62,
                "18": 135.16,
                "19": 52.48,
                "20": 52.48,
                "21": 52.48,
                "22": 135.16,
                "23": 135.16,
                "24": 52.48,
                "25": 135.16,
                "26": 112.28,
                "27": 112.28,
                "28": 108.53999999999999,
                "29": 108.53999999999999,
                "30": 52.48,
                "31": 52.48,
                "32": 178.66,
                "33": 135.16,
                "34": 52.48,
                "35": 52.48,
                "36": 52.48,
                "37": 52.94,
                "38": 52.48,
                "39": 135.16,
                "40": 53.04,
                "41": 135.16,
                "42": 135.16,
                "43": 181.73,
                "44": 52.48,
                "45": 135.16,
                "46": 52.48,
                "47": 111.72999999999999,
                "48": 135.16,
                "49": 135.16,
                "50": 107.33,
                "51": 135.16,
                "52": 135.16,
                "53": 135.16,
                "54": 71.72999999999999,
                "55": 52.48,
                "56": 52.48,
                "57": 184.04999999999998,
                "58": 52.48,
                "59": 52.48,
                "60": 135.16,
                "61": 135.16,
                "62": 135.16,
                "63": 135.16,
                "64": 111.50999999999999,
                "65": 135.16,
                "66": 52.48,
                "67": 135.16,
                "68": 52.48,
                "69": 52.48,
                "70": 135.16,
                "71": 52.48,
                "72": 52.48,
                "73": 135.16,
                "74": 52.48,
                "75": 52.48,
                "76": 171.92,
                "77": 135.16,
                "78": 52.48,
                "79": 178.66,
                "80": 52.48,
                "81": 52.48,
                "82": 175.7,
                "83": 106.45,
                "84": 135.16,
                "85": 135.16,
                "86": 135.16,
                "87": 175.62,
                "88": 111.07,
                "89": 52.48,
                "90": 135.16,
                "91": 52.48,
                "92": 135.16,
                "93": 52.48,
                "94": 108.86999999999999,
                "95": 167.56,
                "96": 135.16,
                "97": 52.48,
                "98": 52.48,
                "99": 115.25,
                "100": 182.48999999999998,
                "101": 52.48,
                "102": 52.48,
                "103": 135.16,
                "104": 135.16,
                "105": 52.48,
                "106": 135.16,
                "107": 135.16,
                "108": 107.77,
                "109": 135.16,
                "110": 135.16,
                "111": 135.16,
                "112": 109.53,
                "113": 52.48,
                "114": 135.16,
                "115": 135.16,
                "116": 52.48,
                "117": 52.48,
                "118": 115.47,
                "119": 135.16,
                "120": 105.57,
                "121": 52.48,