{
    "correlations": {
        "importance": {
            "weight_composite_ranking": {
                "degree_centrality_importance": 0.06928976131749445,
                "degree_centrality_doctypebranch": 0.037828190766740204,
                "in_degree_centrality_importance": 0.14376290893837587,
                "in_degree_centrality_doctypebranch": 0.12673402763981284,
                "out_degree_centrality_importance": -0.03727336018560013,
                "out_degree_centrality_doctypebranch": -0.06324412923157972,
                "betweenness_centrality_importance": NaN,
                "betweenness_centrality_doctypebranch": NaN,
                "closeness_centrality_importance": 0.14376290893837587,
                "closeness_centrality_doctypebranch": 0.12673402763981284,
                "core_number_importance": 0.07239240826065838,
                "core_number_doctypebranch": 0.04100983550074411,
                "relative_in_degree_centrality_importance": 0.14376290893837587,
                "relative_in_degree_centrality_doctypebranch": 0.12673402763981284,
                "eigenvector_centrality_importance": 0.14376290893837587,
                "eigenvector_centrality_doctypebranch": 0.12673402763981284,
                "pagerank_importance": 0.14375120964155835,
                "pagerank_doctypebranch": 0.12672371413810932,
                "hits_hub_importance": 0.22215196884147126,
                "hits_hub_doctypebranch": 0.22484560341596604,
                "hits_authority_importance": -0.1405900153060786,
                "hits_authority_doctypebranch": -0.11834586855834867,
                "harmonic_centrality_importance": 0.14376290893837587,
                "harmonic_centrality_doctypebranch": 0.12673402763981284,
                "disruption_importance": 0.143786316103971,
                "disruption_doctypebranch": 0.12675466219982146,
                "composite_importance": 0.26139007075182497,
                "composite_doctypebranch": 0.25157807082303174
            }
        },
        "doctypebranch": {
            "weight_composite_ranking": {
                "degree_centrality_importance": 0.06928976131749445,
                "degree_centrality_doctypebranch": 0.037828190766740204,
                "in_degree_centrality_importance": 0.14376290893837587,
                "in_degree_centrality_doctypebranch": 0.12673402763981284,
                "out_degree_centrality_importance": -0.03727336018560013,
                "out_degree_centrality_doctypebranch": -0.06324412923157972,
                "betweenness_centrality_importance": NaN,
                "betweenness_centrality_doctypebranch": NaN,
                "closeness_centrality_importance": 0.14376290893837587,
                "closeness_centrality_doctypebranch": 0.12673402763981284,
                "core_number_importance": 0.07239240826065838,
                "core_number_doctypebranch": 0.04100983550074411,
                "relative_in_degree_centrality_importance": 0.14376290893837587,
                "relative_in_degree_centrality_doctypebranch": 0.12673402763981284,
                "eigenvector_centrality_importance": 0.14376290893837587,
                "eigenvector_centrality_doctypebranch": 0.12673402763981284,
                "pagerank_importance": 0.14375120964155835,
                "pagerank_doctypebranch": 0.12672371413810932,
                "hits_hub_importance": 0.22215196884147126,
                "hits_hub_doctypebranch": 0.22484560341596604,
                "hits_authority_importance": -0.1405900153060786,
                "hits_authority_doctypebranch": -0.11834586855834867,
                "harmonic_centrality_importance": 0.14376290893837587,
                "harmonic_centrality_doctypebranch": 0.12673402763981284,
                "disruption_importance": 0.143786316103971,
                "disruption_doctypebranch": 0.12675466219982146,
                "composite_importance": 0.26139007075182497,
                "composite_doctypebranch": 0.25157807082303174
            }
        }
    },
    "composite_rankings": {
        "importance": {
            "weight_composite_ranking_param": 0.01,
            "weight_composite_ranking": {
                "0": 51.485,
                "1": 51.485,
                "2": 51.485,
                "3": 51.485,
                "4": 51.485,
                "5": 51.485,
                "6": 51.485,
                "7": 51.485,
                "8": 51.485,
                "9": 51.485,
                "10": 51.485,
                "11": 51.485,
                "12": 51.485,
                "13": 51.485,
                "14": 51.485,
                "15": 51.485,
                "16": 51.485,
                "17": 51.485,
                "18": 51.485,
                "19": 51.485,
                "20": 51.485,
                "21": 51.964999999999996,
                "22": 51.485,
                "23": 51.485,
                "24": 51.955,
                "25": 51.485,
                "26": 51.485,
                "27": 51.485,
                "28": 51.485,
                "29": 51.485,
                "30": 51.485,
                "31": 51.485,
                "32": 51.485,
                "33": 51.485,
                "34": 51.485,
                "35": 51.485,
                "36": 51.485,
                "37": 51.485,
                "38": 51.485,
                "39": 51.485,
                "40": 51.485,
                "41": 51.485,
                "42": 51.485,
                "43": 2.975,
                "44": 51.485,
                "45": 51.485,
                "46": 51.485,
                "47": 51.485,
                "48": 51.485,
                "49": 51.485,
                "50": 51.485,
                "51": 51.485,
                "52": 51.485,
                "53": 51.485,
                "54": 51.485,
                "55": 2.975,
                "56": 51.485,
                "57": 51.485,
                "58": 51.485,
                "59": 51.485,
                "60": 51.485,
                "61": 51.485,
                "62": 51.485,
                "63": 2.975,
                "64": 51.485,
                "65": 51.485,
                "66": 51.485,
                "67": 51.485,
                "68": 51.485,
                "69": 51.485,
                "70": 51.485,
                "71": 51.485,
                "72": 51.485,
                "73": 51.485,
                "74": 51.485,
                "75": 51.485,
                "76": 51.485,
                "77": 51.485,
                "78": 51.485,
                "79": 51.485,
                "80": 51.485,
                "81": 51.485,
                "82": 51.485,
                "83": 51.485,
                "84": 51.485,
                "85": 51.485,
                "86": 51.485,
                "87": 51.485,
                "88": 51.485,
                "89": 51.485,
                "90": 51.485,
                "91": 51.485,
                "92": 51.005,
                "93": 51.485,
                "94": 2.975,
                "95": 51.005,
                "96": 51.005,
                "97": 51.485
            }
        },
        "doctypebranch": {
            "weight_composite_ranking_param": 0.01,
            "weight_composite_ranking": {
                "0": 51.485,
                "1": 51.485,
                "2": 51.485,
                "3": 51.485,
                "4": 51.485,
                "5": 51.485,
                "6": 51.485,
                "7": 51.485,
                "8": 51.485,
                "9": 51.485,
                "10": 51.485,
                "11": 51.485,
                "12": 51.485,
                "13": 51.485,
                "14": 51.485,
                "15": 51.485,
                "16": 51.485,
                "17": 51.485,
                "18": 51.485,
                "19": 51.485,
                "20": 51.485,
                "21": 51.964999999999996,
                "22": 51.485,