{
    "correlations": {
        "importance": {
            "weight_composite_ranking": {
                "degree_centrality_importance": 0.19327900860338615,
                "degree_centrality_doctypebranch": 0.4140555681588038,
                "in_degree_centrality_importance": 0.31266110832727934,
                "in_degree_centrality_doctypebranch": 0.593675929404594,
                "out_degree_centrality_importance": -0.19518602072812352,
                "out_degree_centrality_doctypebranch": -0.16045384208357244,
                "betweenness_centrality_importance": -0.17409542637710132,
                "betweenness_centrality_doctypebranch": -0.057283315012620475,
                "closeness_centrality_importance": 0.3180205447810884,
                "closeness_centrality_doctypebranch": 0.5861771958160533,
                "core_number_importance": 0.2080140548707488,
                "core_number_doctypebranch": 0.44011833332348727,
                "relative_in_degree_centrality_importance": 0.31266110832727934,
                "relative_in_degree_centrality_doctypebranch": 0.593675929404594,
                "eigenvector_centrality_importance": 0.31607972114120875,
                "eigenvector_centrality_doctypebranch": 0.5780195280104296,
                "pagerank_importance": 0.3304458390606154,
                "pagerank_doctypebranch": 0.5993763715046048,
                "hits_hub_importance": -0.19711652328170567,
                "hits_hub_doctypebranch": -0.16043589121456917,
                "hits_authority_importance": 0.3757585320165519,
                "hits_authority_doctypebranch": 0.4328831000510319,
                "harmonic_centrality_importance": 0.3180205447810884,
                "harmonic_centrality_doctypebranch": 0.5861771958160533,
                "disruption_importance": 0.4341215717837237,
                "disruption_doctypebranch": 0.5532680868408125,
                "composite_importance": 0.5048608266295422,
                "composite_doctypebranch": 0.4499661736304179
            }
        },
        "doctypebranch": {
            "weight_composite_ranking": {
                "degree_centrality_importance": 0.19327900860338615,
                "degree_centrality_doctypebranch": 0.4140555681588038,
                "in_degree_centrality_importance": 0.31266110832727934,
                "in_degree_centrality_doctypebranch": 0.593675929404594,
                "out_degree_centrality_importance": -0.19518602072812352,
                "out_degree_centrality_doctypebranch": -0.16045384208357244,
                "betweenness_centrality_importance": -0.17409542637710132,
                "betweenness_centrality_doctypebranch": -0.057283315012620475,
                "closeness_centrality_importance": 0.3180205447810884,
                "closeness_centrality_doctypebranch": 0.5861771958160533,
                "core_number_importance": 0.2080140548707488,
                "core_number_doctypebranch": 0.44011833332348727,
                "relative_in_degree_centrality_importance": 0.31266110832727934,
                "relative_in_degree_centrality_doctypebranch": 0.593675929404594,
                "eigenvector_centrality_importance": 0.31607972114120875,
                "eigenvector_centrality_doctypebranch": 0.5780195280104296,
                "pagerank_importance": 0.3304458390606154,
                "pagerank_doctypebranch": 0.5993763715046048,
                "hits_hub_importance": -0.19711652328170567,
                "hits_hub_doctypebranch": -0.16043589121456917,
                "hits_authority_importance": 0.3757585320165519,
                "hits_authority_doctypebranch": 0.4328831000510319,
                "harmonic_centrality_importance": 0.3180205447810884,
                "harmonic_centrality_doctypebranch": 0.5861771958160533,
                "disruption_importance": 0.4341215717837237,
                "disruption_doctypebranch": 0.5532680868408125,
                "composite_importance": 0.3304458390606154,
                "composite_doctypebranch": 0.5993763715046048
            }
        }
    },
    "composite_rankings": {
        "importance": {
            "weight_composite_ranking_param": 0.84,
            "weight_composite_ranking": {
                "0": 33.480000000000004,
                "1": 36.2,
                "2": 35.64,
                "3": 7.82,
                "4": 47.2,
                "5": 33.480000000000004,
                "6": 35.24,
                "7": 45.2,
                "8": 33.480000000000004,
                "9": 33.480000000000004,
                "10": 33.480000000000004,
                "11": 36.2,
                "12": 33.480000000000004,
                "13": 33.480000000000004,
                "14": 35.24,
                "15": 31.08,
                "16": 8.54,
                "17": 33.480000000000004,
                "18": 33.480000000000004,
                "19": 35.24,
                "20": 31.08,
                "21": 33.480000000000004,
                "22": 33.480000000000004,
                "23": 31.08,
                "24": 33.480000000000004,
                "25": 47.16,
                "26": 33.480000000000004,
                "27": 31.72,
                "28": 7.58,
                "29": 33.480000000000004,
                "30": 6.46,
                "31": 35.64,
                "32": 8.14,
                "33": 8.7,
                "34": 33.480000000000004,
                "35": 31.08,
                "36": 36.2,
                "37": 30.6,
                "38": 6.7,
                "39": 33.480000000000004,
                "40": 7.42,
                "41": 8.940000000000001,
                "42": 8.38,
                "43": 6.7,
                "44": 31.88,
                "45": 31.56,
                "46": 33.480000000000004,
                "47": 6.9399999999999995,
                "48": 35.88,
                "49": 33.480000000000004,
                "50": 33.480000000000004,
                "51": 31.08,
                "52": 7.1,
                "53": 7.26
            }
        },
        "doctypebranch": {
            "weight_composite_ranking_param": 0.63,
            "weight_composite_ranking": {
                "0": 36.0,
                "1": 36.0,
                "2": 36.0,
                "3": 14.075,
                "4": 14.075,
                "5": 36.0,
                "6": 36.0,
                "7": 14.075,
                "8": 36.0,
                "9": 36.0,
                "10": 36.0,
                "11": 36.0,
                "12": 36.0,
                "13": 36.0,
                "14": 36.0,
                "15": 36.0,
                "16": 9.98,
                "17": 36.0,
                "18": 36.0,
                "19": 36.0,
                "20": 36.0,
                "21": 36.0,
                "22": 36.0,
                "23": 36.0,
                "24": 36.0,
                "25": 11.555,
                "26": 36.0,
                "27": 36.0,
                "28": 14.075,
                "29": 36.0,
                "30": 3.26,
                "31": 36.0,
                "32": 14.075,
                "33": 11.555,
                "34": 36.0,
                "35": 36.0,
                "36": 36.0,
                "37": 36.0,
                "38": 2.315,
                "39": 36.0,
                "40": 5.555,
                "41": 11.555,
                "42": 9.98,
                "43": 2.315,
                "44": 36.0,
                "45": 36.0,
                "46": 36.0,
                "47": 5.445,
                "48": 36.0,
                "49": 36.0,
                "50": 36.0,
                "51": 36.0,
                "52": 6.8149999999999995,
                "53": 2.295
            }
        }
    },
    "best_centralities": {
        "importance": {
            "high": "disruption",
            "low": "hits_authority"
        },
        "doctypebranch": {
            "high": "pagerank",