{
    "correlations": {
        "importance": {
            "weight_composite_ranking": {
                "degree_centrality_importance": 0.11255326994003154,
                "degree_centrality_doctypebranch": 0.15933209808722712,
                "in_degree_centrality_importance": 0.20995145288355066,
                "in_degree_centrality_doctypebranch": 0.1897760999284805,
                "out_degree_centrality_importance": -0.07373623942094024,
                "out_degree_centrality_doctypebranch": 0.014603972697949451,
                "betweenness_centrality_importance": 0.019184776237297026,
                "betweenness_centrality_doctypebranch": 0.006252311352135443,
                "closeness_centrality_importance": 0.20349354113404036,
                "closeness_centrality_doctypebranch": 0.18677991440912065,
                "core_number_importance": 0.10349232404352533,
                "core_number_doctypebranch": 0.1595742695033189,
                "relative_in_degree_centrality_importance": 0.20995145288355066,
                "relative_in_degree_centrality_doctypebranch": 0.1897760999284805,
                "eigenvector_centrality_importance": 0.19563217663505977,
                "eigenvector_centrality_doctypebranch": 0.18555620004114887,
                "pagerank_importance": 0.1979966035237053,
                "pagerank_doctypebranch": 0.18263978835834285,
                "hits_hub_importance": -0.09717853527779335,
                "hits_hub_doctypebranch": 0.006814041119563687,
                "hits_authority_importance": -0.003141046333128325,
                "hits_authority_doctypebranch": 0.07885372452512236,
                "harmonic_centrality_importance": 0.20230361195587288,
                "harmonic_centrality_doctypebranch": 0.18678218620101789,
                "disruption_importance": 0.19754985347801915,
                "disruption_doctypebranch": 0.18901586272353224,
                "composite_importance": 0.20995145288355066,
                "composite_doctypebranch": 0.1897760999284805
            }
        },
        "doctypebranch": {
            "weight_composite_ranking": {
                "degree_centrality_importance": 0.11255326994003154,
                "degree_centrality_doctypebranch": 0.15933209808722712,
                "in_degree_centrality_importance": 0.20995145288355066,
                "in_degree_centrality_doctypebranch": 0.1897760999284805,
                "out_degree_centrality_importance": -0.07373623942094024,
                "out_degree_centrality_doctypebranch": 0.014603972697949451,
                "betweenness_centrality_importance": 0.019184776237297026,
                "betweenness_centrality_doctypebranch": 0.006252311352135443,
                "closeness_centrality_importance": 0.20349354113404036,
                "closeness_centrality_doctypebranch": 0.18677991440912065,
                "core_number_importance": 0.10349232404352533,
                "core_number_doctypebranch": 0.1595742695033189,
                "relative_in_degree_centrality_importance": 0.20995145288355066,
                "relative_in_degree_centrality_doctypebranch": 0.1897760999284805,
                "eigenvector_centrality_importance": 0.19563217663505977,
                "eigenvector_centrality_doctypebranch": 0.18555620004114887,
                "pagerank_importance": 0.1979966035237053,
                "pagerank_doctypebranch": 0.18263978835834285,
                "hits_hub_importance": -0.09717853527779335,
                "hits_hub_doctypebranch": 0.006814041119563687,
                "hits_authority_importance": -0.003141046333128325,
                "hits_authority_doctypebranch": 0.07885372452512236,
                "harmonic_centrality_importance": 0.20230361195587288,
                "harmonic_centrality_doctypebranch": 0.18678218620101789,
                "disruption_importance": 0.19754985347801915,
                "disruption_doctypebranch": 0.18901586272353224,
                "composite_importance": 0.20995145288355066,
                "composite_doctypebranch": 0.1897760999284805
            }
        }
    },
    "composite_rankings": {
        "importance": {
            "weight_composite_ranking_param": 0.01,
            "weight_composite_ranking": {
                "0": 80.5,
                "1": 80.5,
                "2": 80.5,
                "3": 80.5,
                "4": 80.5,
                "5": 80.5,
                "6": 80.5,
                "7": 80.5,
                "8": 80.5,
                "9": 80.5,
                "10": 80.5,
                "11": 80.5,
                "12": 80.5,
                "13": 80.5,
                "14": 80.5,
                "15": 80.5,
                "16": 1.0,
                "17": 80.5,
                "18": 13.0,
                "19": 80.5,
                "20": 80.5,
                "21": 80.5,
                "22": 2.0,
                "23": 80.5,
                "24": 80.5,
                "25": 80.5,
                "26": 80.5,
                "27": 80.5,
                "28": 3.5,
                "29": 80.5,
                "30": 80.5,
                "31": 80.5,
                "32": 80.5,
                "33": 80.5,
                "34": 80.5,
                "35": 80.5,
                "36": 80.5,
                "37": 13.0,
                "38": 80.5,
                "39": 80.5,
                "40": 80.5,
                "41": 80.5,
                "42": 80.5,
                "43": 80.5,
                "44": 80.5,
                "45": 80.5,
                "46": 80.5,
                "47": 80.5,
                "48": 80.5,
                "49": 13.0,
                "50": 80.5,
                "51": 80.5,
                "52": 80.5,
                "53": 80.5,
                "54": 80.5,
                "55": 80.5,
                "56": 80.5,
                "57": 80.5,
                "58": 80.5,
                "59": 80.5,
                "60": 5.5,
                "61": 80.5,
                "62": 13.0,
                "63": 80.5,
                "64": 80.5,
                "65": 13.0,
                "66": 80.5,
                "67": 80.5,
                "68": 80.5,
                "69": 80.5,
                "70": 80.5,
                "71": 80.5,
                "72": 80.5,
                "73": 13.0,
                "74": 80.5,
                "75": 80.5,
                "76": 80.5,
                "77": 80.5,
                "78": 80.5,
                "79": 80.5,
                "80": 80.5,
                "81": 80.5,
                "82": 80.5,
                "83": 80.5,
                "84": 80.5,
                "85": 80.5,
                "86": 80.5,
                "87": 80.5,
                "88": 80.5,
                "89": 80.5,
                "90": 80.5,
                "91": 80.5,
                "92": 80.5,
                "93": 80.5,
                "94": 80.5,
                "95": 80.5,
                "96": 80.5,
                "97": 80.5,
                "98": 80.5,
                "99": 13.0,
                "100": 13.0,
                "101": 80.5,
                "102": 80.5,
                "103": 3.5,
                "104": 80.5,
                "105": 13.0,
                "106": 5.5,
                "107": 80.5,
                "108": 80.5,
                "109": 80.5,
                "110": 80.5,
                "111": 80.5,
                "112": 80.5,
                "113": 13.0,
                "114": 13.0,
                "115": 80.5,
                "116": 80.5,
                "117": 80.5,
                "118": 80.5,
                "119": 13.0,
                "120": 80.5,
                "121": 80.5,
                "122": 80.5,
                "123": 80.5,
                "124": 80.5,
                "125": 80.5,
                "126": 80.5,
                "127": 13.0,
                "128": 80.5,
                "129": 80.5,
                "130": 80.5,
                "131": 80.5,