{
    "correlations": {
        "importance": {
            "weight_composite_ranking": {
                "degree_centrality_importance": 0.11968335088465398,
                "degree_centrality_doctypebranch": 0.15462421854976918,
                "in_degree_centrality_importance": 0.25374150514028576,
                "in_degree_centrality_doctypebranch": 0.2901533816084887,
                "out_degree_centrality_importance": -0.1281771494803297,
                "out_degree_centrality_doctypebranch": -0.145098611387076,
                "betweenness_centrality_importance": 0.014545909126217985,
                "betweenness_centrality_doctypebranch": -0.04626787683080683,
                "closeness_centrality_importance": 0.25777956218812514,
                "closeness_centrality_doctypebranch": 0.2850272098721543,
                "core_number_importance": 0.12662101423685862,
                "core_number_doctypebranch": 0.15955245137328733,
                "relative_in_degree_centrality_importance": 0.25374150514028576,
                "relative_in_degree_centrality_doctypebranch": 0.2901533816084887,
                "eigenvector_centrality_importance": 0.25778148269862955,
                "eigenvector_centrality_doctypebranch": 0.281947935184474,
                "pagerank_importance": 0.26592687471251863,
                "pagerank_doctypebranch": 0.3140800483206347,
                "hits_hub_importance": -0.06586942144895666,
                "hits_hub_doctypebranch": -0.0806033261005349,
                "hits_authority_importance": 0.2122798902165009,
                "hits_authority_doctypebranch": 0.24490988191937182,
                "harmonic_centrality_importance": 0.257794927474156,
                "harmonic_centrality_doctypebranch": 0.2835034198340395,
                "disruption_importance": 0.2427113793053135,
                "disruption_doctypebranch": 0.2836385300109345,
                "composite_importance": 0.2693682747109128,
                "composite_doctypebranch": 0.30640082953528913
            }
        },
        "doctypebranch": {
            "weight_composite_ranking": {
                "degree_centrality_importance": 0.11968335088465398,
                "degree_centrality_doctypebranch": 0.15462421854976918,
                "in_degree_centrality_importance": 0.25374150514028576,
                "in_degree_centrality_doctypebranch": 0.2901533816084887,
                "out_degree_centrality_importance": -0.1281771494803297,
                "out_degree_centrality_doctypebranch": -0.145098611387076,
                "betweenness_centrality_importance": 0.014545909126217985,
                "betweenness_centrality_doctypebranch": -0.04626787683080683,
                "closeness_centrality_importance": 0.25777956218812514,
                "closeness_centrality_doctypebranch": 0.2850272098721543,
                "core_number_importance": 0.12662101423685862,
                "core_number_doctypebranch": 0.15955245137328733,
                "relative_in_degree_centrality_importance": 0.25374150514028576,
                "relative_in_degree_centrality_doctypebranch": 0.2901533816084887,
                "eigenvector_centrality_importance": 0.25778148269862955,
                "eigenvector_centrality_doctypebranch": 0.281947935184474,
                "pagerank_importance": 0.26592687471251863,
                "pagerank_doctypebranch": 0.3140800483206347,
                "hits_hub_importance": -0.06586942144895666,
                "hits_hub_doctypebranch": -0.0806033261005349,
                "hits_authority_importance": 0.2122798902165009,
                "hits_authority_doctypebranch": 0.24490988191937182,
                "harmonic_centrality_importance": 0.257794927474156,
                "harmonic_centrality_doctypebranch": 0.2835034198340395,
                "disruption_importance": 0.2427113793053135,
                "disruption_doctypebranch": 0.2836385300109345,
                "composite_importance": 0.27002056621387643,
                "composite_doctypebranch": 0.31715173583477296
            }
        }
    },
    "composite_rankings": {
        "importance": {
            "weight_composite_ranking_param": 0.01,
            "weight_composite_ranking": {
                "0": 56.5,
                "1": 56.5,
                "2": 56.5,
                "3": 56.5,
                "4": 13.515,
                "5": 56.5,
                "6": 56.5,
                "7": 56.5,
                "8": 13.38,
                "9": 56.5,
                "10": 56.5,
                "11": 13.5,
                "12": 56.5,
                "13": 13.545,
                "14": 56.5,
                "15": 56.5,
                "16": 56.5,
                "17": 56.5,
                "18": 56.5,
                "19": 56.5,
                "20": 56.5,
                "21": 56.5,
                "22": 56.5,
                "23": 56.5,
                "24": 56.5,
                "25": 13.545,
                "26": 56.5,
                "27": 56.5,
                "28": 56.5,
                "29": 56.5,
                "30": 56.5,
                "31": 56.5,
                "32": 56.5,
                "33": 56.5,
                "34": 56.5,
                "35": 56.5,
                "36": 56.5,
                "37": 56.5,
                "38": 56.5,
                "39": 56.5,
                "40": 56.5,
                "41": 56.5,
                "42": 56.5,
                "43": 56.5,
                "44": 56.5,
                "45": 56.5,
                "46": 56.5,
                "47": 56.5,
                "48": 13.545,
                "49": 56.5,
                "50": 56.5,
                "51": 56.5,
                "52": 56.5,
                "53": 4.57,
                "54": 56.5,
                "55": 56.5,
                "56": 56.5,
                "57": 4.495,
                "58": 56.5,
                "59": 56.5,
                "60": 56.5,
                "61": 56.5,
                "62": 56.5,
                "63": 56.5,
                "64": 56.5,
                "65": 13.545,
                "66": 56.5,
                "67": 4.515,
                "68": 2.03,
                "69": 56.5,
                "70": 56.5,
                "71": 56.5,
                "72": 56.5,
                "73": 13.545,
                "74": 56.5,
                "75": 56.5,
                "76": 13.5,
                "77": 56.5,
                "78": 56.5,
                "79": 56.5,
                "80": 1.02,
                "81": 56.5,
                "82": 56.5,
                "83": 13.450000000000001,
                "84": 4.57,
                "85": 13.38,
                "86": 56.5,
                "87": 13.450000000000001,
                "88": 56.5,
                "89": 13.450000000000001,
                "90": 56.5,
                "91": 13.450000000000001
            }
        },
        "doctypebranch": {
            "weight_composite_ranking_param": 0.01,
            "weight_composite_ranking": {
                "0": 56.5,
                "1": 56.5,
                "2": 56.5,
                "3": 56.5,
                "4": 12.525,
                "5": 56.5,
                "6": 56.5,
                "7": 56.5,
                "8": 12.39,
                "9": 56.5,
                "10": 56.5,
                "11": 12.51,
                "12": 56.5,
                "13": 12.555,
                "14": 56.5,
                "15": 56.5,
                "16": 56.5,
                "17": 56.5,
                "18": 56.5,
                "19": 56.5,
                "20": 56.5,
                "21": 56.5,
                "22": 56.5,
                "23": 56.5,
                "24": 56.5,
                "25": 12.555,
                "26": 56.5,
                "27": 56.5,
                "28": 56.5,
                "29": 56.5,
                "30": 56.5,
                "31": 56.5,
                "32": 56.5,
                "33": 56.5,