{
    "correlations": {
        "importance": {
            "weight_composite_ranking": {
                "degree_centrality_importance": 0.35329740582170427,
                "degree_centrality_doctypebranch": 0.36903561950830543,
                "in_degree_centrality_importance": 0.32167549030278586,
                "in_degree_centrality_doctypebranch": 0.3578353790103497,
                "out_degree_centrality_importance": 0.1321931617770022,
                "out_degree_centrality_doctypebranch": 0.10344100625265737,
                "betweenness_centrality_importance": NaN,
                "betweenness_centrality_doctypebranch": NaN,
                "closeness_centrality_importance": 0.32167549030278586,
                "closeness_centrality_doctypebranch": 0.3578353790103497,
                "core_number_importance": 0.35427498182355516,
                "core_number_doctypebranch": 0.3735001149663231,
                "relative_in_degree_centrality_importance": 0.32167549030278586,
                "relative_in_degree_centrality_doctypebranch": 0.3578353790103497,
                "eigenvector_centrality_importance": 0.32167549030278586,
                "eigenvector_centrality_doctypebranch": 0.3578353790103497,
                "pagerank_importance": 0.3131793878931761,
                "pagerank_doctypebranch": 0.351314862578121,
                "hits_hub_importance": 0.1328305452163377,
                "hits_hub_doctypebranch": 0.10412672478009369,
                "hits_authority_importance": 0.2631915792959174,
                "hits_authority_doctypebranch": 0.3163376005490367,
                "harmonic_centrality_importance": 0.32167549030278586,
                "harmonic_centrality_doctypebranch": 0.3578353790103497,
                "disruption_importance": 0.3198664090746899,
                "disruption_doctypebranch": 0.356854518166139,
                "composite_importance": 0.35329740582170427,
                "composite_doctypebranch": 0.36903561950830543
            }
        },
        "doctypebranch": {
            "weight_composite_ranking": {
                "degree_centrality_importance": 0.35329740582170427,
                "degree_centrality_doctypebranch": 0.36903561950830543,
                "in_degree_centrality_importance": 0.32167549030278586,
                "in_degree_centrality_doctypebranch": 0.3578353790103497,
                "out_degree_centrality_importance": 0.1321931617770022,
                "out_degree_centrality_doctypebranch": 0.10344100625265737,
                "betweenness_centrality_importance": NaN,
                "betweenness_centrality_doctypebranch": NaN,
                "closeness_centrality_importance": 0.32167549030278586,
                "closeness_centrality_doctypebranch": 0.3578353790103497,
                "core_number_importance": 0.35427498182355516,
                "core_number_doctypebranch": 0.3735001149663231,
                "relative_in_degree_centrality_importance": 0.32167549030278586,
                "relative_in_degree_centrality_doctypebranch": 0.3578353790103497,
                "eigenvector_centrality_importance": 0.32167549030278586,
                "eigenvector_centrality_doctypebranch": 0.3578353790103497,
                "pagerank_importance": 0.3131793878931761,
                "pagerank_doctypebranch": 0.351314862578121,
                "hits_hub_importance": 0.1328305452163377,
                "hits_hub_doctypebranch": 0.10412672478009369,
                "hits_authority_importance": 0.2631915792959174,
                "hits_authority_doctypebranch": 0.3163376005490367,
                "harmonic_centrality_importance": 0.32167549030278586,
                "harmonic_centrality_doctypebranch": 0.3578353790103497,
                "disruption_importance": 0.3198664090746899,
                "disruption_doctypebranch": 0.356854518166139,
                "composite_importance": 0.35329740582170427,
                "composite_doctypebranch": 0.36903561950830543
            }
        }
    },
    "composite_rankings": {
        "importance": {
            "weight_composite_ranking_param": 0.01,
            "weight_composite_ranking": {
                "0": 55.0,
                "1": 55.0,
                "2": 55.0,
                "3": 55.0,
                "4": 55.0,
                "5": 9.479999999999999,
                "6": 55.0,
                "7": 55.0,
                "8": 55.0,
                "9": 55.0,
                "10": 55.0,
                "11": 55.0,
                "12": 55.0,
                "13": 2.5500000000000003,
                "14": 55.0,
                "15": 55.0,
                "16": 55.0,
                "17": 55.0,
                "18": 55.0,
                "19": 55.0,
                "20": 55.0,
                "21": 1.065,
                "22": 55.0,
                "23": 55.0,
                "24": 55.0,
                "25": 55.0,
                "26": 55.0,
                "27": 55.0,
                "28": 55.0,
                "29": 55.0,
                "30": 55.0,
                "31": 55.0,
                "32": 55.0,
                "33": 55.0,
                "34": 55.0,
                "35": 9.479999999999999,
                "36": 55.0,
                "37": 55.0,
                "38": 55.0,
                "39": 55.0,
                "40": 55.0,
                "41": 55.0,
                "42": 55.0,
                "43": 55.0,
                "44": 55.0,
                "45": 55.0,
                "46": 55.0,
                "47": 55.0,
                "48": 55.0,
                "49": 55.0,
                "50": 55.0,
                "51": 55.0,
                "52": 55.0,
                "53": 55.0,
                "54": 55.0,
                "55": 55.0,
                "56": 55.0,
                "57": 55.0,
                "58": 55.0,
                "59": 55.0,
                "60": 55.0,
                "61": 55.0,
                "62": 55.0,
                "63": 55.0,
                "64": 55.0,
                "65": 55.0,
                "66": 55.0,
                "67": 55.0,
                "68": 55.0,
                "69": 55.0,
                "70": 55.0,
                "71": 55.0,
                "72": 55.0,
                "73": 9.479999999999999,
                "74": 9.479999999999999,
                "75": 9.479999999999999,
                "76": 4.035,
                "77": 55.0,
                "78": 9.479999999999999,
                "79": 55.0,
                "80": 9.479999999999999,
                "81": 55.0,
                "82": 55.0,
                "83": 55.0,
                "84": 55.0,
                "85": 55.0,
                "86": 55.0,
                "87": 9.479999999999999,
                "88": 9.479999999999999,
                "89": 55.0,
                "90": 55.0,
                "91": 55.0,
                "92": 2.5500000000000003,
                "93": 9.479999999999999,
                "94": 55.0
            }
        },
        "doctypebranch": {
            "weight_composite_ranking_param": 0.01,
            "weight_composite_ranking": {
                "0": 55.0,
                "1": 55.0,
                "2": 55.0,
                "3": 55.0,
                "4": 55.0,
                "5": 9.479999999999999,
                "6": 55.0,
                "7": 55.0,
                "8": 55.0,
                "9": 55.0,
                "10": 55.0,
                "11": 55.0,
                "12": 55.0,
                "13": 2.5500000000000003,
                "14": 55.0,
                "15": 55.0,
                "16": 55.0,
                "17": 55.0,
                "18": 55.0,
                "19": 55.0,
                "20": 55.0,
                "21": 1.065,
                "22": 55.0,
                "23": 55.0,
                "24": 55.0,
                "25": 55.0,
                "26": 55.0,
                "27": 55.0,
                "28": 55.0,
                "29": 55.0,