{
    "correlations": {
        "importance": {
            "weight_composite_ranking": {
                "degree_centrality_importance": 0.3723939919381368,
                "degree_centrality_doctypebranch": 0.372701199461329,
                "in_degree_centrality_importance": 0.30308567682197046,
                "in_degree_centrality_doctypebranch": 0.260743454301149,
                "out_degree_centrality_importance": 0.2517090994841717,
                "out_degree_centrality_doctypebranch": 0.28623998180417204,
                "betweenness_centrality_importance": NaN,
                "betweenness_centrality_doctypebranch": NaN,
                "closeness_centrality_importance": 0.30308567682197046,
                "closeness_centrality_doctypebranch": 0.260743454301149,
                "core_number_importance": 0.3724001655274135,
                "core_number_doctypebranch": 0.37270737814352645,
                "relative_in_degree_centrality_importance": 0.30308567682197046,
                "relative_in_degree_centrality_doctypebranch": 0.260743454301149,
                "eigenvector_centrality_importance": 0.30308567682197046,
                "eigenvector_centrality_doctypebranch": 0.260743454301149,
                "pagerank_importance": 0.30327108673946995,
                "pagerank_doctypebranch": 0.26074063348604753,
                "hits_hub_importance": 0.2748398125527023,
                "hits_hub_doctypebranch": 0.19082147152524234,
                "hits_authority_importance": -0.003114005781781543,
                "hits_authority_doctypebranch": 0.0001567737855959029,
                "harmonic_centrality_importance": 0.30308567682197046,
                "harmonic_centrality_doctypebranch": 0.260743454301149,
                "disruption_importance": 0.1878558397228629,
                "disruption_doctypebranch": 0.15644945772360894,
                "composite_importance": 0.3723939919381368,
                "composite_doctypebranch": 0.372701199461329
            }
        },
        "doctypebranch": {
            "weight_composite_ranking": {
                "degree_centrality_importance": 0.3723939919381368,
                "degree_centrality_doctypebranch": 0.372701199461329,
                "in_degree_centrality_importance": 0.30308567682197046,
                "in_degree_centrality_doctypebranch": 0.260743454301149,
                "out_degree_centrality_importance": 0.2517090994841717,
                "out_degree_centrality_doctypebranch": 0.28623998180417204,
                "betweenness_centrality_importance": NaN,
                "betweenness_centrality_doctypebranch": NaN,
                "closeness_centrality_importance": 0.30308567682197046,
                "closeness_centrality_doctypebranch": 0.260743454301149,
                "core_number_importance": 0.3724001655274135,
                "core_number_doctypebranch": 0.37270737814352645,
                "relative_in_degree_centrality_importance": 0.30308567682197046,
                "relative_in_degree_centrality_doctypebranch": 0.260743454301149,
                "eigenvector_centrality_importance": 0.30308567682197046,
                "eigenvector_centrality_doctypebranch": 0.260743454301149,
                "pagerank_importance": 0.30327108673946995,
                "pagerank_doctypebranch": 0.26074063348604753,
                "hits_hub_importance": 0.2748398125527023,
                "hits_hub_doctypebranch": 0.19082147152524234,
                "hits_authority_importance": -0.003114005781781543,
                "hits_authority_doctypebranch": 0.0001567737855959029,
                "harmonic_centrality_importance": 0.30308567682197046,
                "harmonic_centrality_doctypebranch": 0.260743454301149,
                "disruption_importance": 0.1878558397228629,
                "disruption_doctypebranch": 0.15644945772360894,
                "composite_importance": 0.3723939919381368,
                "composite_doctypebranch": 0.372701199461329
            }
        }
    },
    "composite_rankings": {
        "importance": {
            "weight_composite_ranking_param": 0.01,
            "weight_composite_ranking": {
                "0": 124.5,
                "1": 124.5,
                "2": 124.5,
                "3": 124.5,
                "4": 124.5,
                "5": 7.5,
                "6": 124.5,
                "7": 124.5,
                "8": 124.5,
                "9": 7.5,
                "10": 7.5,
                "11": 3.985,
                "12": 124.5,
                "13": 124.5,
                "14": 124.5,
                "15": 124.5,
                "16": 124.5,
                "17": 7.5,
                "18": 124.5,
                "19": 124.5,
                "20": 124.5,
                "21": 124.5,
                "22": 124.5,
                "23": 1.015,
                "24": 124.5,
                "25": 124.5,
                "26": 124.5,
                "27": 124.5,
                "28": 124.5,
                "29": 7.5,
                "30": 7.5,
                "31": 2.5,
                "32": 124.5,
                "33": 2.5,
                "34": 124.5,
                "35": 124.5,
                "36": 124.5,
                "37": 124.5,
                "38": 124.5,
                "39": 124.5,
                "40": 124.5,
                "41": 124.5,
                "42": 124.5,
                "43": 124.5,
                "44": 124.5,
                "45": 124.5,
                "46": 124.5,
                "47": 124.5,
                "48": 124.5,
                "49": 124.5,
                "50": 124.5,
                "51": 124.5,
                "52": 124.5,
                "53": 124.5,
                "54": 124.5,
                "55": 124.5,
                "56": 124.5,
                "57": 124.5,
                "58": 124.5,
                "59": 124.5,
                "60": 124.5,
                "61": 124.5,
                "62": 124.5,
                "63": 124.5,
                "64": 124.5,
                "65": 124.5,
                "66": 124.5,
                "67": 124.5,
                "68": 124.5,
                "69": 124.5,
                "70": 124.5,
                "71": 124.5,
                "72": 124.5,
                "73": 124.5,
                "74": 124.5,
                "75": 124.5,
                "76": 124.5,
                "77": 124.5,
                "78": 124.5,
                "79": 124.5,
                "80": 124.5,
                "81": 124.5,
                "82": 124.5,
                "83": 124.5,
                "84": 124.5,
                "85": 124.5,
                "86": 124.5,
                "87": 124.5,
                "88": 124.5,
                "89": 124.5,
                "90": 124.5,
                "91": 124.5,
                "92": 124.5,
                "93": 124.5,
                "94": 124.5,
                "95": 124.5,
                "96": 124.5,
                "97": 124.5,
                "98": 124.5,
                "99": 124.5,
                "100": 124.5,
                "101": 124.5,
                "102": 124.5,
                "103": 124.5,
                "104": 124.5,
                "105": 124.5,
                "106": 124.5,
                "107": 124.5,
                "108": 124.5,
                "109": 124.5,
                "110": 124.5,
                "111": 124.5,
                "112": 124.5,
                "113": 124.5,
                "114": 124.5,
                "115": 124.5,
                "116": 124.5,
                "117": 124.5,
                "118": 124.5,
                "119": 124.5,
                "120": 124.5,
                "121": 124.5,
                "122": 124.5,
                "123": 124.5,
                "124": 124.5,
                "125": 124.5,
                "126": 124.5,
                "127": 124.5,
                "128": 124.5,
                "129": 124.5,
                "130": 124.5,