{
    "correlations": {
        "importance": {
            "weight_composite_ranking": {
                "degree_centrality_importance": 0.06752692442314659,
                "degree_centrality_doctypebranch": 0.08074461981197098,
                "in_degree_centrality_importance": 0.14038079605149084,
                "in_degree_centrality_doctypebranch": 0.13942474902830804,
                "out_degree_centrality_importance": -0.06865470472132852,
                "out_degree_centrality_doctypebranch": -0.04289798111122015,
                "betweenness_centrality_importance": NaN,
                "betweenness_centrality_doctypebranch": NaN,
                "closeness_centrality_importance": 0.14038079605149084,
                "closeness_centrality_doctypebranch": 0.13942474902830804,
                "core_number_importance": 0.06454338502354671,
                "core_number_doctypebranch": 0.08560028874175944,
                "relative_in_degree_centrality_importance": 0.14038079605149084,
                "relative_in_degree_centrality_doctypebranch": 0.13942474902830804,
                "eigenvector_centrality_importance": 0.14038079605149084,
                "eigenvector_centrality_doctypebranch": 0.13942474902830804,
                "pagerank_importance": 0.13429774336235176,
                "pagerank_doctypebranch": 0.13644790481856794,
                "hits_hub_importance": -0.06635612755001276,
                "hits_hub_doctypebranch": -0.04289036631021737,
                "hits_authority_importance": 0.07603619359289182,
                "hits_authority_doctypebranch": 0.07627098693748623,
                "harmonic_centrality_importance": 0.14038079605149084,
                "harmonic_centrality_doctypebranch": 0.13942474902830804,
                "disruption_importance": 0.13848407793449427,
                "disruption_doctypebranch": 0.1424330753122976,
                "composite_importance": 0.14038079605149084,
                "composite_doctypebranch": 0.13942474902830804
            }
        },
        "doctypebranch": {
            "weight_composite_ranking": {
                "degree_centrality_importance": 0.06752692442314659,
                "degree_centrality_doctypebranch": 0.08074461981197098,
                "in_degree_centrality_importance": 0.14038079605149084,
                "in_degree_centrality_doctypebranch": 0.13942474902830804,
                "out_degree_centrality_importance": -0.06865470472132852,
                "out_degree_centrality_doctypebranch": -0.04289798111122015,
                "betweenness_centrality_importance": NaN,
                "betweenness_centrality_doctypebranch": NaN,
                "closeness_centrality_importance": 0.14038079605149084,
                "closeness_centrality_doctypebranch": 0.13942474902830804,
                "core_number_importance": 0.06454338502354671,
                "core_number_doctypebranch": 0.08560028874175944,
                "relative_in_degree_centrality_importance": 0.14038079605149084,
                "relative_in_degree_centrality_doctypebranch": 0.13942474902830804,
                "eigenvector_centrality_importance": 0.14038079605149084,
                "eigenvector_centrality_doctypebranch": 0.13942474902830804,
                "pagerank_importance": 0.13429774336235176,
                "pagerank_doctypebranch": 0.13644790481856794,
                "hits_hub_importance": -0.06635612755001276,
                "hits_hub_doctypebranch": -0.04289036631021737,
                "hits_authority_importance": 0.07603619359289182,
                "hits_authority_doctypebranch": 0.07627098693748623,
                "harmonic_centrality_importance": 0.14038079605149084,
                "harmonic_centrality_doctypebranch": 0.13942474902830804,
                "disruption_importance": 0.13848407793449427,
                "disruption_doctypebranch": 0.1424330753122976,
                "composite_importance": 0.14038079605149084,
                "composite_doctypebranch": 0.13942474902830804
            }
        }
    },
    "composite_rankings": {
        "importance": {
            "weight_composite_ranking_param": 0.01,
            "weight_composite_ranking": {
                "0": 37.0,
                "1": 37.0,
                "2": 37.0,
                "3": 37.0,
                "4": 37.0,
                "5": 37.0,
                "6": 37.0,
                "7": 37.0,
                "8": 37.0,
                "9": 37.0,
                "10": 4.0,
                "11": 37.0,
                "12": 37.0,
                "13": 37.0,
                "14": 37.0,
                "15": 37.0,
                "16": 37.0,
                "17": 37.0,
                "18": 37.0,
                "19": 37.0,
                "20": 37.0,
                "21": 37.0,
                "22": 37.0,
                "23": 37.0,
                "24": 37.0,
                "25": 37.0,
                "26": 37.0,
                "27": 37.0,
                "28": 37.0,
                "29": 37.0,
                "30": 37.0,
                "31": 37.0,
                "32": 37.0,
                "33": 37.0,
                "34": 37.0,
                "35": 37.0,
                "36": 37.0,
                "37": 37.0,
                "38": 37.0,
                "39": 37.0,
                "40": 37.0,
                "41": 37.0,
                "42": 37.0,
                "43": 37.0,
                "44": 1.0,
                "45": 37.0,
                "46": 37.0,
                "47": 37.0,
                "48": 37.0,
                "49": 4.0,
                "50": 37.0,
                "51": 37.0,
                "52": 4.0,
                "53": 4.0,
                "54": 37.0,
                "55": 37.0,
                "56": 4.0,
                "57": 37.0,
                "58": 37.0,
                "59": 37.0,
                "60": 37.0,
                "61": 37.0,
                "62": 37.0,
                "63": 37.0,
                "64": 37.0,
                "65": 37.0,
                "66": 37.0
            }
        },
        "doctypebranch": {
            "weight_composite_ranking_param": 0.01,
            "weight_composite_ranking": {
                "0": 37.0,
                "1": 37.0,
                "2": 37.0,
                "3": 37.0,
                "4": 37.0,
                "5": 37.0,
                "6": 37.0,
                "7": 37.0,
                "8": 37.0,
                "9": 37.0,
                "10": 3.995,
                "11": 37.0,
                "12": 37.0,
                "13": 37.0,
                "14": 37.0,
                "15": 37.0,
                "16": 37.0,
                "17": 37.0,
                "18": 37.0,
                "19": 37.0,
                "20": 37.0,
                "21": 37.0,
                "22": 37.0,
                "23": 37.0,
                "24": 37.0,
                "25": 37.0,
                "26": 37.0,
                "27": 37.0,
                "28": 37.0,
                "29": 37.0,
                "30": 37.0,
                "31": 37.0,
                "32": 37.0,
                "33": 37.0,
                "34": 37.0,
                "35": 37.0,
                "36": 37.0,
                "37": 37.0,
                "38": 37.0,
                "39": 37.0,
                "40": 37.0,
                "41": 37.0,
                "42": 37.0,
                "43": 37.0,
                "44": 1.025,
                "45": 37.0,
                "46": 37.0,
                "47": 37.0,
                "48": 37.0,
                "49": 3.995,
                "50": 37.0,
                "51": 37.0,
                "52": 3.995,
                "53": 3.995,
                "54": 37.0,
                "55": 37.0,
                "56": 3.995,
                "57": 37.0,
                "58": 37.0,
                "59": 37.0,
                "60": 37.0,
                "61": 37.0,
                "62": 37.0,