{
    "correlations": {
        "importance": {
            "weight_composite_ranking": {
                "degree_centrality_importance": -0.06217216376203175,
                "degree_centrality_doctypebranch": -0.025559129780332247,
                "in_degree_centrality_importance": 0.17626863884149674,
                "in_degree_centrality_doctypebranch": 0.23315825168132742,
                "out_degree_centrality_importance": -0.3631317000214888,
                "out_degree_centrality_doctypebranch": -0.38716384259734543,
                "betweenness_centrality_importance": NaN,
                "betweenness_centrality_doctypebranch": NaN,
                "closeness_centrality_importance": 0.17626863884149674,
                "closeness_centrality_doctypebranch": 0.23315825168132742,
                "core_number_importance": -0.0493734900705829,
                "core_number_doctypebranch": -0.009236375006995924,
                "relative_in_degree_centrality_importance": 0.17626863884149674,
                "relative_in_degree_centrality_doctypebranch": 0.23315825168132742,
                "eigenvector_centrality_importance": 0.17626863884149674,
                "eigenvector_centrality_doctypebranch": 0.23315825168132742,
                "pagerank_importance": 0.1784234617430442,
                "pagerank_doctypebranch": 0.22455224198786314,
                "hits_hub_importance": -0.10837066228496608,
                "hits_hub_doctypebranch": -0.07743276851946909,
                "hits_authority_importance": 0.03078460739850813,
                "hits_authority_doctypebranch": 0.14737718344794515,
                "harmonic_centrality_importance": 0.17626863884149674,
                "harmonic_centrality_doctypebranch": 0.23315825168132742,
                "disruption_importance": 0.1764139044025163,
                "disruption_doctypebranch": 0.23196827642521586,
                "composite_importance": -0.06912511306972244,
                "composite_doctypebranch": -0.04462312396870035
            }
        },
        "doctypebranch": {
            "weight_composite_ranking": {
                "degree_centrality_importance": -0.06217216376203175,
                "degree_centrality_doctypebranch": -0.025559129780332247,
                "in_degree_centrality_importance": 0.17626863884149674,
                "in_degree_centrality_doctypebranch": 0.23315825168132742,
                "out_degree_centrality_importance": -0.3631317000214888,
                "out_degree_centrality_doctypebranch": -0.38716384259734543,
                "betweenness_centrality_importance": NaN,
                "betweenness_centrality_doctypebranch": NaN,
                "closeness_centrality_importance": 0.17626863884149674,
                "closeness_centrality_doctypebranch": 0.23315825168132742,
                "core_number_importance": -0.0493734900705829,
                "core_number_doctypebranch": -0.009236375006995924,
                "relative_in_degree_centrality_importance": 0.17626863884149674,
                "relative_in_degree_centrality_doctypebranch": 0.23315825168132742,
                "eigenvector_centrality_importance": 0.17626863884149674,
                "eigenvector_centrality_doctypebranch": 0.23315825168132742,
                "pagerank_importance": 0.1784234617430442,
                "pagerank_doctypebranch": 0.22455224198786314,
                "hits_hub_importance": -0.10837066228496608,
                "hits_hub_doctypebranch": -0.07743276851946909,
                "hits_authority_importance": 0.03078460739850813,
                "hits_authority_doctypebranch": 0.14737718344794515,
                "harmonic_centrality_importance": 0.17626863884149674,
                "harmonic_centrality_doctypebranch": 0.23315825168132742,
                "disruption_importance": 0.1764139044025163,
                "disruption_doctypebranch": 0.23196827642521586,
                "composite_importance": 0.0168874688909567,
                "composite_doctypebranch": 0.061306978636111446
            }
        }
    },
    "composite_rankings": {
        "importance": {
            "weight_composite_ranking_param": 0.56,
            "weight_composite_ranking": {
                "0": 52.86,
                "1": 52.86,
                "2": 25.979999999999997,
                "3": 52.86,
                "4": 52.86,
                "5": 52.86,
                "6": 52.86,
                "7": 52.86,
                "8": 52.86,
                "9": 52.86,
                "10": 52.86,
                "11": 27.099999999999994,
                "12": 52.86,
                "13": 52.86,
                "14": 30.200000000000003,
                "15": 52.86,
                "16": 52.86,
                "17": 52.86,
                "18": 27.659999999999997,
                "19": 52.86,
                "20": 52.86,
                "21": 26.539999999999996,
                "22": 52.86,
                "23": 25.419999999999995,
                "24": 52.86,
                "25": 33.28,
                "26": 52.86,
                "27": 29.320000000000004,
                "28": 52.86,
                "29": 52.86,
                "30": 52.86,
                "31": 31.960000000000004,
                "32": 52.86,
                "33": 52.86,
                "34": 52.86,
                "35": 52.86,
                "36": 52.86,
                "37": 52.86,
                "38": 52.86,
                "39": 35.040000000000006,
                "40": 52.86,
                "41": 52.86,
                "42": 52.86,
                "43": 52.86,
                "44": 52.86,
                "45": 52.86,
                "46": 52.86,
                "47": 52.86,
                "48": 31.960000000000004,
                "49": 52.86,
                "50": 52.86,
                "51": 52.86,
                "52": 52.86,
                "53": 52.86,
                "54": 52.86,
                "55": 52.86,
                "56": 52.86,
                "57": 35.040000000000006,
                "58": 31.960000000000004,
                "59": 52.86,
                "60": 35.040000000000006,
                "61": 52.86,
                "62": 52.86,
                "63": 52.86,
                "64": 52.86,
                "65": 52.86,
                "66": 52.86,
                "67": 30.200000000000003,
                "68": 52.86,
                "69": 52.86,
                "70": 52.86,
                "71": 52.86,
                "72": 52.86,
                "73": 28.880000000000003,
                "74": 52.86,
                "75": 52.86,
                "76": 35.040000000000006,
                "77": 33.28,
                "78": 52.86,
                "79": 52.86,
                "80": 52.86,
                "81": 52.86,
                "82": 52.86,
                "83": 52.86,
                "84": 52.86,
                "85": 31.080000000000002,
                "86": 52.86,
                "87": 30.200000000000003,
                "88": 33.28,
                "89": 35.040000000000006,
                "90": 52.86,
                "91": 28.440000000000005,
                "92": 52.86,
                "93": 52.86
            }
        },
        "doctypebranch": {
            "weight_composite_ranking_param": 0.01,
            "weight_composite_ranking": {
                "0": 56.435,
                "1": 56.435,
                "2": 55.955000000000005,
                "3": 56.435,
                "4": 56.435,
                "5": 56.435,
                "6": 56.435,
                "7": 56.435,
                "8": 56.435,
                "9": 56.435,
                "10": 56.435,
                "11": 55.975,
                "12": 56.435,
                "13": 56.435,
                "14": 11.39,
                "15": 56.435,
                "16": 56.435,
                "17": 56.435,
                "18": 55.985,
                "19": 56.435,
                "20": 56.435,