{
    "correlations": {
        "importance": {
            "weight_composite_ranking": {
                "degree_centrality_importance": 0.41269550527097193,
                "degree_centrality_doctypebranch": 0.45909235873935317,
                "in_degree_centrality_importance": 0.3531456763396776,
                "in_degree_centrality_doctypebranch": 0.4262641975284717,
                "out_degree_centrality_importance": 0.22522756289182236,
                "out_degree_centrality_doctypebranch": 0.18525523975356642,
                "betweenness_centrality_importance": 0.11008827475878072,
                "betweenness_centrality_doctypebranch": 0.09055032817759494,
                "closeness_centrality_importance": 0.3517009494763671,
                "closeness_centrality_doctypebranch": 0.4255921649429583,
                "core_number_importance": 0.4123796429133632,
                "core_number_doctypebranch": 0.45976038822342336,
                "relative_in_degree_centrality_importance": 0.3531456763396776,
                "relative_in_degree_centrality_doctypebranch": 0.4262641975284717,
                "eigenvector_centrality_importance": 0.3517020069230461,
                "eigenvector_centrality_doctypebranch": 0.42559344455571485,
                "pagerank_importance": 0.3488943259730547,
                "pagerank_doctypebranch": 0.42473179499026387,
                "hits_hub_importance": 0.22522423208395032,
                "hits_hub_doctypebranch": 0.18525250008172972,
                "hits_authority_importance": 0.23164863528422977,
                "hits_authority_doctypebranch": 0.318925121098881,
                "harmonic_centrality_importance": 0.3517009494763671,
                "harmonic_centrality_doctypebranch": 0.4255921649429583,
                "disruption_importance": 0.23528353573943644,
                "disruption_doctypebranch": 0.3269075659581863,
                "composite_importance": 0.41281049645012813,
                "composite_doctypebranch": 0.4592435793472724
            }
        },
        "doctypebranch": {
            "weight_composite_ranking": {
                "degree_centrality_importance": 0.41269550527097193,
                "degree_centrality_doctypebranch": 0.45909235873935317,
                "in_degree_centrality_importance": 0.3531456763396776,
                "in_degree_centrality_doctypebranch": 0.4262641975284717,
                "out_degree_centrality_importance": 0.22522756289182236,
                "out_degree_centrality_doctypebranch": 0.18525523975356642,
                "betweenness_centrality_importance": 0.11008827475878072,
                "betweenness_centrality_doctypebranch": 0.09055032817759494,
                "closeness_centrality_importance": 0.3517009494763671,
                "closeness_centrality_doctypebranch": 0.4255921649429583,
                "core_number_importance": 0.4123796429133632,
                "core_number_doctypebranch": 0.45976038822342336,
                "relative_in_degree_centrality_importance": 0.3531456763396776,
                "relative_in_degree_centrality_doctypebranch": 0.4262641975284717,
                "eigenvector_centrality_importance": 0.3517020069230461,
                "eigenvector_centrality_doctypebranch": 0.42559344455571485,
                "pagerank_importance": 0.3488943259730547,
                "pagerank_doctypebranch": 0.42473179499026387,
                "hits_hub_importance": 0.22522423208395032,
                "hits_hub_doctypebranch": 0.18525250008172972,
                "hits_authority_importance": 0.23164863528422977,
                "hits_authority_doctypebranch": 0.318925121098881,
                "harmonic_centrality_importance": 0.3517009494763671,
                "harmonic_centrality_doctypebranch": 0.4255921649429583,
                "disruption_importance": 0.23528353573943644,
                "disruption_doctypebranch": 0.3269075659581863,
                "composite_importance": 0.41281049645012813,
                "composite_doctypebranch": 0.4592435793472724
            }
        }
    },
    "composite_rankings": {
        "importance": {
            "weight_composite_ranking_param": 0.01,
            "weight_composite_ranking": {
                "0": 81.0,
                "1": 81.0,
                "2": 81.0,
                "3": 81.0,
                "4": 81.0,
                "5": 81.0,
                "6": 81.0,
                "7": 81.0,
                "8": 81.0,
                "9": 81.0,
                "10": 81.0,
                "11": 81.0,
                "12": 19.505,
                "13": 81.0,
                "14": 81.0,
                "15": 81.0,
                "16": 81.0,
                "17": 81.0,
                "18": 81.0,
                "19": 81.0,
                "20": 81.0,
                "21": 81.0,
                "22": 81.0,
                "23": 81.0,
                "24": 3.985,
                "25": 19.505,
                "26": 81.0,
                "27": 9.51,
                "28": 19.505,
                "29": 9.51,
                "30": 81.0,
                "31": 81.0,
                "32": 81.0,
                "33": 81.0,
                "34": 81.0,
                "35": 81.0,
                "36": 19.505,
                "37": 19.505,
                "38": 81.0,
                "39": 19.505,
                "40": 81.0,
                "41": 81.0,
                "42": 81.0,
                "43": 81.0,
                "44": 81.0,
                "45": 81.0,
                "46": 19.37,
                "47": 19.505,
                "48": 81.0,
                "49": 81.0,
                "50": 81.0,
                "51": 81.0,
                "52": 81.0,
                "53": 4.0,
                "54": 19.505,
                "55": 81.0,
                "56": 19.505,
                "57": 81.0,
                "58": 81.0,
                "59": 81.0,
                "60": 19.505,
                "61": 4.025,
                "62": 19.505,
                "63": 81.0,
                "64": 81.0,
                "65": 81.0,
                "66": 81.0,
                "67": 4.025,
                "68": 81.0,
                "69": 81.0,
                "70": 81.0,
                "71": 19.505,
                "72": 81.0,
                "73": 81.0,
                "74": 9.51,
                "75": 4.025,
                "76": 19.505,
                "77": 19.505,
                "78": 19.505,
                "79": 81.0,
                "80": 81.0,
                "81": 81.0,
                "82": 81.0,
                "83": 81.0,
                "84": 81.0,
                "85": 81.0,
                "86": 9.51,
                "87": 81.0,
                "88": 81.0,
                "89": 81.0,
                "90": 81.0,
                "91": 81.0,
                "92": 81.0,
                "93": 81.0,
                "94": 81.0,
                "95": 81.0,
                "96": 81.0,
                "97": 81.0,
                "98": 81.0,
                "99": 81.0,
                "100": 81.0,
                "101": 81.0,
                "102": 81.0,
                "103": 81.0,
                "104": 81.0,
                "105": 81.0,
                "106": 3.985,
                "107": 81.0,
                "108": 81.0,
                "109": 81.0,
                "110": 81.0,
                "111": 81.0,
                "112": 81.0,
                "113": 81.0,
                "114": 81.0,
                "115": 81.0,
                "116": 81.0,
                "117": 81.0,
                "118": 81.0,
                "119": 81.0,
                "120": 81.0,
                "121": 81.0,
                "122": 81.0,
                "123": 81.0,
                "124": 81.0,
                "125": 81.0,
                "126": 81.0,
                "127": 81.0,
                "128": 81.0,
                "129": 81.0,
                "130": 3.9699999999999998,