{
    "correlations": {
        "importance": {
            "weight_composite_ranking": {
                "degree_centrality_importance": 0.08952766146391136,
                "degree_centrality_doctypebranch": 0.0850917592858399,
                "in_degree_centrality_importance": 0.3056350157338726,
                "in_degree_centrality_doctypebranch": 0.17317182735727796,
                "out_degree_centrality_importance": -0.24322439286847472,
                "out_degree_centrality_doctypebranch": -0.12520727654466984,
                "betweenness_centrality_importance": 0.11646618679515187,
                "betweenness_centrality_doctypebranch": -0.041720789446879035,
                "closeness_centrality_importance": 0.2981124370234234,
                "closeness_centrality_doctypebranch": 0.17293069682394482,
                "core_number_importance": 0.10158215031621216,
                "core_number_doctypebranch": 0.07499791603265137,
                "relative_in_degree_centrality_importance": 0.3056350157338726,
                "relative_in_degree_centrality_doctypebranch": 0.17317182735727796,
                "eigenvector_centrality_importance": 0.29053076519890475,
                "eigenvector_centrality_doctypebranch": 0.16091902573529987,
                "pagerank_importance": 0.31811249411601555,
                "pagerank_doctypebranch": 0.16426904799813508,
                "hits_hub_importance": -0.05887946641543612,
                "hits_hub_doctypebranch": -0.06257717705111032,
                "hits_authority_importance": 0.24129924889389295,
                "hits_authority_doctypebranch": 0.1908482688488323,
                "harmonic_centrality_importance": 0.2981124370234234,
                "harmonic_centrality_doctypebranch": 0.17293069682394482,
                "disruption_importance": 0.2501520361277761,
                "disruption_doctypebranch": 0.15085912150503322,
                "composite_importance": 0.31811249411601555,
                "composite_doctypebranch": 0.16426904799813508
            }
        },
        "doctypebranch": {
            "weight_composite_ranking": {
                "degree_centrality_importance": 0.08952766146391136,
                "degree_centrality_doctypebranch": 0.0850917592858399,
                "in_degree_centrality_importance": 0.3056350157338726,
                "in_degree_centrality_doctypebranch": 0.17317182735727796,
                "out_degree_centrality_importance": -0.24322439286847472,
                "out_degree_centrality_doctypebranch": -0.12520727654466984,
                "betweenness_centrality_importance": 0.11646618679515187,
                "betweenness_centrality_doctypebranch": -0.041720789446879035,
                "closeness_centrality_importance": 0.2981124370234234,
                "closeness_centrality_doctypebranch": 0.17293069682394482,
                "core_number_importance": 0.10158215031621216,
                "core_number_doctypebranch": 0.07499791603265137,
                "relative_in_degree_centrality_importance": 0.3056350157338726,
                "relative_in_degree_centrality_doctypebranch": 0.17317182735727796,
                "eigenvector_centrality_importance": 0.29053076519890475,
                "eigenvector_centrality_doctypebranch": 0.16091902573529987,
                "pagerank_importance": 0.31811249411601555,
                "pagerank_doctypebranch": 0.16426904799813508,
                "hits_hub_importance": -0.05887946641543612,
                "hits_hub_doctypebranch": -0.06257717705111032,
                "hits_authority_importance": 0.24129924889389295,
                "hits_authority_doctypebranch": 0.1908482688488323,
                "harmonic_centrality_importance": 0.2981124370234234,
                "harmonic_centrality_doctypebranch": 0.17293069682394482,
                "disruption_importance": 0.2501520361277761,
                "disruption_doctypebranch": 0.15085912150503322,
                "composite_importance": 0.24998142872876183,
                "composite_doctypebranch": 0.18813517965031432
            }
        }
    },
    "composite_rankings": {
        "importance": {
            "weight_composite_ranking_param": 0.78,
            "weight_composite_ranking": {
                "0": 38.5,
                "1": 38.5,
                "2": 38.5,
                "3": 38.5,
                "4": 38.5,
                "5": 38.5,
                "6": 38.5,
                "7": 38.5,
                "8": 38.5,
                "9": 38.5,
                "10": 38.5,
                "11": 38.5,
                "12": 11.889999999999999,
                "13": 38.5,
                "14": 38.5,
                "15": 38.5,
                "16": 38.5,
                "17": 38.5,
                "18": 38.5,
                "19": 38.5,
                "20": 38.5,
                "21": 38.5,
                "22": 8.120000000000001,
                "23": 3.45,
                "24": 38.5,
                "25": 38.5,
                "26": 38.5,
                "27": 38.5,
                "28": 38.5,
                "29": 38.5,
                "30": 38.5,
                "31": 11.889999999999999,
                "32": 1.8900000000000001,
                "33": 38.5,
                "34": 38.5,
                "35": 38.5,
                "36": 38.5,
                "37": 7.209999999999999,
                "38": 11.889999999999999,
                "39": 38.5,
                "40": 7.209999999999999,
                "41": 38.5,
                "42": 8.120000000000001,
                "43": 3.4399999999999995,
                "44": 38.5,
                "45": 38.5,
                "46": 38.5,
                "47": 13.84,
                "48": 38.5,
                "49": 38.5,
                "50": 38.5,
                "51": 7.209999999999999,
                "52": 38.5,
                "53": 38.5,
                "54": 38.5,
                "55": 8.120000000000001,
                "56": 38.5,
                "57": 38.5,
                "58": 13.84,
                "59": 1.88,
                "60": 38.5
            }
        },
        "doctypebranch": {
            "weight_composite_ranking_param": 0.63,
            "weight_composite_ranking": {
                "0": 39.13,
                "1": 28.104999999999997,
                "2": 51.099999999999994,
                "3": 39.13,
                "4": 39.13,
                "5": 39.13,
                "6": 39.13,
                "7": 26.53,
                "8": 39.13,
                "9": 48.58,
                "10": 26.53,
                "11": 39.13,
                "12": 9.925,
                "13": 39.13,
                "14": 39.13,
                "15": 48.58,
                "16": 50.155,
                "17": 39.13,
                "18": 39.13,
                "19": 39.13,
                "20": 28.104999999999997,
                "21": 29.68,
                "22": 5.0,
                "23": 1.185,
                "24": 39.13,
                "25": 39.13,
                "26": 47.635,
                "27": 39.13,
                "28": 39.13,
                "29": 39.13,
                "30": 39.13,
                "31": 10.555,
                "32": 1.815,
                "33": 24.325,
                "34": 51.099999999999994,
                "35": 52.675,
                "36": 24.325,
                "37": 12.445,
                "38": 11.184999999999999,
                "39": 28.104999999999997,
                "40": 11.815000000000001,
                "41": 39.13,
                "42": 4.37,
                "43": 5.630000000000001,
                "44": 24.325,
                "45": 24.325,
                "46": 39.13,
                "47": 8.665,
                "48": 39.13,
                "49": 39.13,
                "50": 39.13,
                "51": 14.335,
                "52": 39.13,
                "53": 39.13,
                "54": 30.625,
                "55": 3.74,