{
    "correlations": {
        "importance": {
            "weight_composite_ranking": {
                "degree_centrality_importance": 0.12196920361799449,
                "degree_centrality_doctypebranch": 0.13338366210578134,
                "in_degree_centrality_importance": 0.38549673399782014,
                "in_degree_centrality_doctypebranch": 0.36278854526526183,
                "out_degree_centrality_importance": -0.2714212235920412,
                "out_degree_centrality_doctypebranch": -0.25676496248839453,
                "betweenness_centrality_importance": -0.02905511242159781,
                "betweenness_centrality_doctypebranch": -0.05506487711171321,
                "closeness_centrality_importance": 0.38549673399782014,
                "closeness_centrality_doctypebranch": 0.36278854526526183,
                "core_number_importance": 0.14883363073799008,
                "core_number_doctypebranch": 0.1462701149860209,
                "relative_in_degree_centrality_importance": 0.38549673399782014,
                "relative_in_degree_centrality_doctypebranch": 0.36278854526526183,
                "eigenvector_centrality_importance": 0.3729991249752906,
                "eigenvector_centrality_doctypebranch": 0.3467873001023074,
                "pagerank_importance": 0.3727798100479419,
                "pagerank_doctypebranch": 0.3485280721281474,
                "hits_hub_importance": -0.25022427135272823,
                "hits_hub_doctypebranch": -0.22970588657929641,
                "hits_authority_importance": 0.3482488174528765,
                "hits_authority_doctypebranch": 0.3390298501417598,
                "harmonic_centrality_importance": 0.38549673399782014,
                "harmonic_centrality_doctypebranch": 0.36278854526526183,
                "disruption_importance": 0.3780883736408442,
                "disruption_doctypebranch": 0.34792637230633,
                "composite_importance": 0.38549673399782014,
                "composite_doctypebranch": 0.36278854526526183
            }
        },
        "doctypebranch": {
            "weight_composite_ranking": {
                "degree_centrality_importance": 0.12196920361799449,
                "degree_centrality_doctypebranch": 0.13338366210578134,
                "in_degree_centrality_importance": 0.38549673399782014,
                "in_degree_centrality_doctypebranch": 0.36278854526526183,
                "out_degree_centrality_importance": -0.2714212235920412,
                "out_degree_centrality_doctypebranch": -0.25676496248839453,
                "betweenness_centrality_importance": -0.02905511242159781,
                "betweenness_centrality_doctypebranch": -0.05506487711171321,
                "closeness_centrality_importance": 0.38549673399782014,
                "closeness_centrality_doctypebranch": 0.36278854526526183,
                "core_number_importance": 0.14883363073799008,
                "core_number_doctypebranch": 0.1462701149860209,
                "relative_in_degree_centrality_importance": 0.38549673399782014,
                "relative_in_degree_centrality_doctypebranch": 0.36278854526526183,
                "eigenvector_centrality_importance": 0.3729991249752906,
                "eigenvector_centrality_doctypebranch": 0.3467873001023074,
                "pagerank_importance": 0.3727798100479419,
                "pagerank_doctypebranch": 0.3485280721281474,
                "hits_hub_importance": -0.25022427135272823,
                "hits_hub_doctypebranch": -0.22970588657929641,
                "hits_authority_importance": 0.3482488174528765,
                "hits_authority_doctypebranch": 0.3390298501417598,
                "harmonic_centrality_importance": 0.38549673399782014,
                "harmonic_centrality_doctypebranch": 0.36278854526526183,
                "disruption_importance": 0.3780883736408442,
                "disruption_doctypebranch": 0.34792637230633,
                "composite_importance": 0.38549673399782014,
                "composite_doctypebranch": 0.36278854526526183
            }
        }
    },
    "composite_rankings": {
        "importance": {
            "weight_composite_ranking_param": 0.01,
            "weight_composite_ranking": {
                "0": 87.5,
                "1": 87.5,
                "2": 87.5,
                "3": 87.5,
                "4": 87.5,
                "5": 87.5,
                "6": 87.5,
                "7": 87.5,
                "8": 87.5,
                "9": 87.5,
                "10": 87.5,
                "11": 87.5,
                "12": 87.5,
                "13": 87.5,
                "14": 87.5,
                "15": 87.5,
                "16": 87.5,
                "17": 87.5,
                "18": 87.5,
                "19": 87.5,
                "20": 87.5,
                "21": 25.5,
                "22": 87.5,
                "23": 87.5,
                "24": 87.5,
                "25": 87.5,
                "26": 87.5,
                "27": 87.5,
                "28": 87.5,
                "29": 87.5,
                "30": 87.5,
                "31": 10.5,
                "32": 87.5,
                "33": 87.5,
                "34": 87.5,
                "35": 87.5,
                "36": 87.5,
                "37": 87.5,
                "38": 25.5,
                "39": 87.5,
                "40": 87.5,
                "41": 87.5,
                "42": 25.5,
                "43": 87.5,
                "44": 87.5,
                "45": 87.5,
                "46": 25.5,
                "47": 25.5,
                "48": 87.5,
                "49": 87.5,
                "50": 87.5,
                "51": 87.5,
                "52": 87.5,
                "53": 25.5,
                "54": 87.5,
                "55": 25.5,
                "56": 87.5,
                "57": 87.5,
                "58": 87.5,
                "59": 87.5,
                "60": 87.5,
                "61": 87.5,
                "62": 87.5,
                "63": 87.5,
                "64": 87.5,
                "65": 87.5,
                "66": 87.5,
                "67": 87.5,
                "68": 87.5,
                "69": 87.5,
                "70": 87.5,
                "71": 87.5,
                "72": 87.5,
                "73": 87.5,
                "74": 25.5,
                "75": 87.5,
                "76": 87.5,
                "77": 25.5,
                "78": 25.5,
                "79": 87.5,
                "80": 10.5,
                "81": 87.5,
                "82": 87.5,
                "83": 87.5,
                "84": 87.5,
                "85": 87.5,
                "86": 25.5,
                "87": 5.5,
                "88": 25.5,
                "89": 87.5,
                "90": 87.5,
                "91": 87.5,
                "92": 87.5,
                "93": 2.0,
                "94": 5.5,
                "95": 87.5,
                "96": 87.5,
                "97": 10.5,
                "98": 87.5,
                "99": 87.5,
                "100": 25.5,
                "101": 10.5,
                "102": 25.5,
                "103": 25.5,
                "104": 87.5,
                "105": 87.5,
                "106": 87.5,
                "107": 87.5,
                "108": 87.5,
                "109": 25.5,
                "110": 25.5,
                "111": 25.5,
                "112": 25.5,
                "113": 87.5,
                "114": 87.5,
                "115": 87.5,
                "116": 87.5,
                "117": 87.5,
                "118": 5.5,
                "119": 1.0,
                "120": 87.5,
                "121": 25.5,
                "122": 87.5,
                "123": 2.9999999999999996,
                "124": 87.5,
                "125": 10.5,
                "126": 25.5,
                "127": 87.5,
                "128": 10.5,
                "129": 87.5,
                "130": 25.5,
                "131": 25.5,