{
    "correlations": {
        "importance": {
            "weight_composite_ranking": {
                "degree_centrality_importance": 0.34120349011341056,
                "degree_centrality_doctypebranch": 0.3502729579647507,
                "in_degree_centrality_importance": 0.46702804448185936,
                "in_degree_centrality_doctypebranch": 0.3264781189070907,
                "out_degree_centrality_importance": -0.014377766107120694,
                "out_degree_centrality_doctypebranch": 0.1384987957569411,
                "betweenness_centrality_importance": 0.06813955175806059,
                "betweenness_centrality_doctypebranch": 0.0700306979930376,
                "closeness_centrality_importance": 0.46769323924714684,
                "closeness_centrality_doctypebranch": 0.32660755960654125,
                "core_number_importance": 0.3352655710521956,
                "core_number_doctypebranch": 0.34291240357663527,
                "relative_in_degree_centrality_importance": 0.46702804448185936,
                "relative_in_degree_centrality_doctypebranch": 0.3264781189070907,
                "eigenvector_centrality_importance": 0.46856894901957447,
                "eigenvector_centrality_doctypebranch": 0.3245837656064819,
                "pagerank_importance": 0.463728355791373,
                "pagerank_doctypebranch": 0.323429447239142,
                "hits_hub_importance": -0.01101789681061843,
                "hits_hub_doctypebranch": 0.1285993629089412,
                "hits_authority_importance": 0.35755269868258993,
                "hits_authority_doctypebranch": 0.24321377340971895,
                "harmonic_centrality_importance": 0.4680335321912956,
                "harmonic_centrality_doctypebranch": 0.3263754910899026,
                "disruption_importance": 0.35672835116214996,
                "disruption_doctypebranch": 0.22025879430578746,
                "composite_importance": 0.4701799211701614,
                "composite_doctypebranch": 0.32600955117204555
            }
        },
        "doctypebranch": {
            "weight_composite_ranking": {
                "degree_centrality_importance": 0.34120349011341056,
                "degree_centrality_doctypebranch": 0.3502729579647507,
                "in_degree_centrality_importance": 0.46702804448185936,
                "in_degree_centrality_doctypebranch": 0.3264781189070907,
                "out_degree_centrality_importance": -0.014377766107120694,
                "out_degree_centrality_doctypebranch": 0.1384987957569411,
                "betweenness_centrality_importance": 0.06813955175806059,
                "betweenness_centrality_doctypebranch": 0.0700306979930376,
                "closeness_centrality_importance": 0.46769323924714684,
                "closeness_centrality_doctypebranch": 0.32660755960654125,
                "core_number_importance": 0.3352655710521956,
                "core_number_doctypebranch": 0.34291240357663527,
                "relative_in_degree_centrality_importance": 0.46702804448185936,
                "relative_in_degree_centrality_doctypebranch": 0.3264781189070907,
                "eigenvector_centrality_importance": 0.46856894901957447,
                "eigenvector_centrality_doctypebranch": 0.3245837656064819,
                "pagerank_importance": 0.463728355791373,
                "pagerank_doctypebranch": 0.323429447239142,
                "hits_hub_importance": -0.01101789681061843,
                "hits_hub_doctypebranch": 0.1285993629089412,
                "hits_authority_importance": 0.35755269868258993,
                "hits_authority_doctypebranch": 0.24321377340971895,
                "harmonic_centrality_importance": 0.4680335321912956,
                "harmonic_centrality_doctypebranch": 0.3263754910899026,
                "disruption_importance": 0.35672835116214996,
                "disruption_doctypebranch": 0.22025879430578746,
                "composite_importance": 0.33977143253700925,
                "composite_doctypebranch": 0.35015027046481
            }
        }
    },
    "composite_rankings": {
        "importance": {
            "weight_composite_ranking_param": 0.38,
            "weight_composite_ranking": {
                "0": 111.0,
                "1": 111.0,
                "2": 111.0,
                "3": 111.0,
                "4": 111.0,
                "5": 5.0,
                "6": 3.24,
                "7": 111.0,
                "8": 2.38,
                "9": 111.0,
                "10": 111.0,
                "11": 9.69,
                "12": 14.620000000000001,
                "13": 7.45,
                "14": 111.0,
                "15": 11.62,
                "16": 111.0,
                "17": 1.0,
                "18": 3.38,
                "19": 14.629999999999999,
                "20": 14.629999999999999,
                "21": 14.629999999999999,
                "22": 13.82,
                "23": 111.0,
                "24": 111.0,
                "25": 111.0,
                "26": 111.0,
                "27": 7.07,
                "28": 111.0,
                "29": 111.0,
                "30": 111.0,
                "31": 111.0,
                "32": 111.0,
                "33": 111.0,
                "34": 111.0,
                "35": 111.0,
                "36": 111.0,
                "37": 111.0,
                "38": 111.0,
                "39": 111.0,
                "40": 22.099999999999998,
                "41": 111.0,
                "42": 31.0,
                "43": 111.0,
                "44": 111.0,
                "45": 31.0,
                "46": 111.0,
                "47": 111.0,
                "48": 111.0,
                "49": 111.0,
                "50": 31.0,
                "51": 22.099999999999998,
                "52": 15.0,
                "53": 11.580000000000002,
                "54": 111.0,
                "55": 31.0,
                "56": 111.0,
                "57": 111.0,
                "58": 111.0,
                "59": 111.0,
                "60": 111.0,
                "61": 111.0,
                "62": 111.0,
                "63": 14.05,
                "64": 22.099999999999998,
                "65": 22.099999999999998,
                "66": 111.0,
                "67": 111.0,
                "68": 111.0,
                "69": 111.0,
                "70": 22.09,
                "71": 31.0,
                "72": 111.0,
                "73": 111.0,
                "74": 111.0,
                "75": 111.0,
                "76": 111.0,
                "77": 111.0,
                "78": 22.09,
                "79": 14.05,
                "80": 111.0,
                "81": 111.0,
                "82": 111.0,
                "83": 18.48,
                "84": 111.0,
                "85": 111.0,
                "86": 111.0,
                "87": 111.0,
                "88": 111.0,
                "89": 111.0,
                "90": 111.0,
                "91": 22.099999999999998,
                "92": 111.0,
                "93": 111.0,
                "94": 111.0,
                "95": 111.0,
                "96": 31.0,
                "97": 111.0,
                "98": 111.0,
                "99": 111.0,
                "100": 111.0,
                "101": 111.0,
                "102": 111.0,
                "103": 111.0,
                "104": 111.0,
                "105": 111.0,
                "106": 31.0,
                "107": 111.0,
                "108": 111.0,
                "109": 111.0,
                "110": 111.0,
                "111": 111.0,
                "112": 111.0,
                "113": 31.0,
                "114": 111.0,
                "115": 111.0,
                "116": 111.0,
                "117": 111.0,
                "118": 111.0,
                "119": 111.0,
                "120": 111.0,
                "121": 111.0,
                "122": 111.0,
                "123": 111.0,
                "124": 111.0,