{
    "correlations": {
        "importance": {
            "weight_composite_ranking": {
                "degree_centrality_importance": 0.025577173339521746,
                "degree_centrality_doctypebranch": 0.00603222948298003,
                "in_degree_centrality_importance": 0.09952329686910616,
                "in_degree_centrality_doctypebranch": 0.09041065958738259,
                "out_degree_centrality_importance": -0.06358432855526226,
                "out_degree_centrality_doctypebranch": -0.08193466025106547,
                "betweenness_centrality_importance": NaN,
                "betweenness_centrality_doctypebranch": NaN,
                "closeness_centrality_importance": 0.09952329686910616,
                "closeness_centrality_doctypebranch": 0.09041065958738259,
                "core_number_importance": 0.025577173339521746,
                "core_number_doctypebranch": 0.00603222948298003,
                "relative_in_degree_centrality_importance": 0.09952329686910616,
                "relative_in_degree_centrality_doctypebranch": 0.09041065958738259,
                "eigenvector_centrality_importance": 0.09952329686910616,
                "eigenvector_centrality_doctypebranch": 0.09041065958738259,
                "pagerank_importance": 0.09952329686910616,
                "pagerank_doctypebranch": 0.09041065958738259,
                "hits_hub_importance": -0.06358432855526226,
                "hits_hub_doctypebranch": -0.08193466025106547,
                "hits_authority_importance": 0.08105547662771762,
                "hits_authority_doctypebranch": 0.11094061505719661,
                "harmonic_centrality_importance": 0.09952329686910616,
                "harmonic_centrality_doctypebranch": 0.09041065958738259,
                "disruption_importance": 0.09952329686910616,
                "disruption_doctypebranch": 0.09041065958738259,
                "composite_importance": 0.09952329686910616,
                "composite_doctypebranch": 0.09041065958738259
            }
        },
        "doctypebranch": {
            "weight_composite_ranking": {
                "degree_centrality_importance": 0.025577173339521746,
                "degree_centrality_doctypebranch": 0.00603222948298003,
                "in_degree_centrality_importance": 0.09952329686910616,
                "in_degree_centrality_doctypebranch": 0.09041065958738259,
                "out_degree_centrality_importance": -0.06358432855526226,
                "out_degree_centrality_doctypebranch": -0.08193466025106547,
                "betweenness_centrality_importance": NaN,
                "betweenness_centrality_doctypebranch": NaN,
                "closeness_centrality_importance": 0.09952329686910616,
                "closeness_centrality_doctypebranch": 0.09041065958738259,
                "core_number_importance": 0.025577173339521746,
                "core_number_doctypebranch": 0.00603222948298003,
                "relative_in_degree_centrality_importance": 0.09952329686910616,
                "relative_in_degree_centrality_doctypebranch": 0.09041065958738259,
                "eigenvector_centrality_importance": 0.09952329686910616,
                "eigenvector_centrality_doctypebranch": 0.09041065958738259,
                "pagerank_importance": 0.09952329686910616,
                "pagerank_doctypebranch": 0.09041065958738259,
                "hits_hub_importance": -0.06358432855526226,
                "hits_hub_doctypebranch": -0.08193466025106547,
                "hits_authority_importance": 0.08105547662771762,
                "hits_authority_doctypebranch": 0.11094061505719661,
                "harmonic_centrality_importance": 0.09952329686910616,
                "harmonic_centrality_doctypebranch": 0.09041065958738259,
                "disruption_importance": 0.09952329686910616,
                "disruption_doctypebranch": 0.09041065958738259,
                "composite_importance": 0.08105547662771762,
                "composite_doctypebranch": 0.11094061505719661
            }
        }
    },
    "composite_rankings": {
        "importance": {
            "weight_composite_ranking_param": 0.01,
            "weight_composite_ranking": {
                "0": 40.5,
                "1": 40.5,
                "2": 40.5,
                "3": 40.5,
                "4": 40.5,
                "5": 40.5,
                "6": 40.5,
                "7": 40.5,
                "8": 40.5,
                "9": 40.5,
                "10": 40.5,
                "11": 40.5,
                "12": 40.5,
                "13": 40.5,
                "14": 40.5,
                "15": 40.5,
                "16": 40.5,
                "17": 40.5,
                "18": 40.5,
                "19": 40.5,
                "20": 40.5,
                "21": 40.5,
                "22": 40.5,
                "23": 40.5,
                "24": 40.5,
                "25": 40.5,
                "26": 40.5,
                "27": 40.5,
                "28": 40.5,
                "29": 40.5,
                "30": 40.5,
                "31": 40.5,
                "32": 40.5,
                "33": 40.5,
                "34": 40.5,
                "35": 40.5,
                "36": 40.5,
                "37": 40.5,
                "38": 40.5,
                "39": 40.5,
                "40": 40.5,
                "41": 40.5,
                "42": 40.5,
                "43": 40.5,
                "44": 40.5,
                "45": 40.5,
                "46": 40.5,
                "47": 40.5,
                "48": 40.5,
                "49": 40.5,
                "50": 40.5,
                "51": 40.5,
                "52": 40.5,
                "53": 40.5,
                "54": 40.5,
                "55": 40.5,
                "56": 40.5,
                "57": 40.5,
                "58": 40.5,
                "59": 40.5,
                "60": 1.0,
                "61": 40.5,
                "62": 40.5,
                "63": 40.5,
                "64": 40.5,
                "65": 40.5,
                "66": 40.5,
                "67": 40.5,
                "68": 40.5,
                "69": 40.5,
                "70": 40.5,
                "71": 40.5,
                "72": 40.5,
                "73": 40.5,
                "74": 40.5,
                "75": 40.5,
                "76": 40.5,
                "77": 40.5,
                "78": 40.5
            }
        },
        "doctypebranch": {
            "weight_composite_ranking_param": 0.01,
            "weight_composite_ranking": {
                "0": 40.48,
                "1": 40.48,
                "2": 40.115,
                "3": 40.48,
                "4": 40.714999999999996,
                "5": 40.48,
                "6": 40.144999999999996,
                "7": 40.24,
                "8": 40.48,
                "9": 40.785,
                "10": 40.839999999999996,
                "11": 40.48,
                "12": 40.48,
                "13": 40.785,
                "14": 40.75,
                "15": 40.48,
                "16": 40.24,
                "17": 40.785,
                "18": 40.725,
                "19": 40.48,
                "20": 40.48,
                "21": 40.48,
                "22": 40.48,
                "23": 40.839999999999996,
                "24": 40.48,
                "25": 40.185,
                "26": 40.839999999999996,
                "27": 40.48,
                "28": 40.48,
                "29": 40.48,
                "30": 40.48,
                "31": 40.48,
                "32": 40.48,
                "33": 40.48,
                "34": 40.839999999999996,
                "35": 40.48,
                "36": 40.185,
                "37": 40.48,
                "38": 40.48,
                "39": 40.48,
                "40": 40.48,
                "41": 40.785,
                "42": 40.144999999999996,
                "43": 40.48,
                "44": 40.144999999999996,