{
    "correlations": {
        "importance": {
            "weight_composite_ranking": {
                "degree_centrality_importance": 0.388179951467027,
                "degree_centrality_doctypebranch": 0.2944285247351756,
                "in_degree_centrality_importance": 0.23345754657562687,
                "in_degree_centrality_doctypebranch": 0.23892753229409555,
                "out_degree_centrality_importance": 0.3312327553095512,
                "out_degree_centrality_doctypebranch": 0.18667272694527762,
                "betweenness_centrality_importance": 0.21279071343178807,
                "betweenness_centrality_doctypebranch": 0.14350990109705108,
                "closeness_centrality_importance": 0.22807665686381384,
                "closeness_centrality_doctypebranch": 0.23858704286519808,
                "core_number_importance": 0.38092212075304693,
                "core_number_doctypebranch": 0.2806578807974168,
                "relative_in_degree_centrality_importance": 0.23345754657562687,
                "relative_in_degree_centrality_doctypebranch": 0.23892753229409555,
                "eigenvector_centrality_importance": 0.2181808589489737,
                "eigenvector_centrality_doctypebranch": 0.23362063386197118,
                "pagerank_importance": 0.23761710284601692,
                "pagerank_doctypebranch": 0.2384055519939656,
                "hits_hub_importance": 0.33200998110515595,
                "hits_hub_doctypebranch": 0.18348210743713075,
                "hits_authority_importance": 0.1446279437072399,
                "hits_authority_doctypebranch": 0.15400973771807602,
                "harmonic_centrality_importance": 0.22807665686381384,
                "harmonic_centrality_doctypebranch": 0.23858704286519808,
                "disruption_importance": 0.08256197354288314,
                "disruption_doctypebranch": 0.1786144038114527,
                "composite_importance": 0.38810686520345855,
                "composite_doctypebranch": 0.29390342824658433
            }
        },
        "doctypebranch": {
            "weight_composite_ranking": {
                "degree_centrality_importance": 0.388179951467027,
                "degree_centrality_doctypebranch": 0.2944285247351756,
                "in_degree_centrality_importance": 0.23345754657562687,
                "in_degree_centrality_doctypebranch": 0.23892753229409555,
                "out_degree_centrality_importance": 0.3312327553095512,
                "out_degree_centrality_doctypebranch": 0.18667272694527762,
                "betweenness_centrality_importance": 0.21279071343178807,
                "betweenness_centrality_doctypebranch": 0.14350990109705108,
                "closeness_centrality_importance": 0.22807665686381384,
                "closeness_centrality_doctypebranch": 0.23858704286519808,
                "core_number_importance": 0.38092212075304693,
                "core_number_doctypebranch": 0.2806578807974168,
                "relative_in_degree_centrality_importance": 0.23345754657562687,
                "relative_in_degree_centrality_doctypebranch": 0.23892753229409555,
                "eigenvector_centrality_importance": 0.2181808589489737,
                "eigenvector_centrality_doctypebranch": 0.23362063386197118,
                "pagerank_importance": 0.23761710284601692,
                "pagerank_doctypebranch": 0.2384055519939656,
                "hits_hub_importance": 0.33200998110515595,
                "hits_hub_doctypebranch": 0.18348210743713075,
                "hits_authority_importance": 0.1446279437072399,
                "hits_authority_doctypebranch": 0.15400973771807602,
                "harmonic_centrality_importance": 0.22807665686381384,
                "harmonic_centrality_doctypebranch": 0.23858704286519808,
                "disruption_importance": 0.08256197354288314,
                "disruption_doctypebranch": 0.1786144038114527,
                "composite_importance": 0.38810686520345855,
                "composite_doctypebranch": 0.29390342824658433
            }
        }
    },
    "composite_rankings": {
        "importance": {
            "weight_composite_ranking_param": 0.92,
            "weight_composite_ranking": {
                "0": 155.5,
                "1": 155.5,
                "2": 155.5,
                "3": 155.5,
                "4": 155.5,
                "5": 5.9,
                "6": 11.42,
                "7": 155.5,
                "8": 155.5,
                "9": 21.94,
                "10": 155.5,
                "11": 26.540000000000003,
                "12": 155.5,
                "13": 67.46,
                "14": 26.540000000000003,
                "15": 42.26,
                "16": 16.02,
                "17": 33.44,
                "18": 67.46,
                "19": 1.7599999999999998,
                "20": 42.26,
                "21": 155.5,
                "22": 155.5,
                "23": 155.5,
                "24": 155.5,
                "25": 5.9,
                "26": 26.540000000000003,
                "27": 155.5,
                "28": 67.46,
                "29": 155.5,
                "30": 155.5,
                "31": 67.46,
                "32": 67.46,
                "33": 155.5,
                "34": 33.44,
                "35": 67.46,
                "36": 155.5,
                "37": 11.42,
                "38": 155.5,
                "39": 155.5,
                "40": 67.46,
                "41": 5.9,
                "42": 155.5,
                "43": 155.5,
                "44": 155.5,
                "45": 16.02,
                "46": 67.46,
                "47": 11.42,
                "48": 33.44,
                "49": 155.5,
                "50": 155.5,
                "51": 155.5,
                "52": 67.46,
                "53": 33.44,
                "54": 155.5,
                "55": 5.9,
                "56": 20.62,
                "57": 155.5,
                "58": 33.44,
                "59": 155.5,
                "60": 42.26,
                "61": 155.5,
                "62": 67.46,
                "63": 67.46,
                "64": 8.2,
                "65": 20.62,
                "66": 155.5,
                "67": 33.44,
                "68": 18.32,
                "69": 67.46,
                "70": 67.46,
                "71": 155.5,
                "72": 33.44,
                "73": 67.46,
                "74": 155.5,
                "75": 155.5,
                "76": 155.5,
                "77": 155.5,
                "78": 67.46,
                "79": 155.5,
                "80": 42.26,
                "81": 155.5,
                "82": 67.46,
                "83": 155.5,
                "84": 155.5,
                "85": 67.46,
                "86": 67.46,
                "87": 67.46,
                "88": 67.46,
                "89": 67.46,
                "90": 155.5,
                "91": 67.46,
                "92": 27.54,
                "93": 155.5,
                "94": 155.5,
                "95": 155.5,
                "96": 67.46,
                "97": 42.26,
                "98": 155.5,
                "99": 42.26,
                "100": 67.46,
                "101": 67.46,
                "102": 67.46,
                "103": 25.220000000000002,
                "104": 155.5,
                "105": 67.46,
                "106": 155.5,
                "107": 155.5,
                "108": 42.26,
                "109": 155.5,
                "110": 155.5,
                "111": 67.46,
                "112": 67.46,
                "113": 155.5,
                "114": 155.5,
                "115": 155.5,
                "116": 155.5,
                "117": 155.5,
                "118": 155.5,
                "119": 155.5,
                "120": 155.5,
                "121": 155.5,
                "122": 155.5,
                "123": 155.5,
                "124": 67.46,
                "125": 155.5,