{
    "correlations": {
        "importance": {
            "weight_composite_ranking": {
                "degree_centrality_importance": 0.16247181183891624,
                "degree_centrality_doctypebranch": 0.22313595660288954,
                "in_degree_centrality_importance": 0.26575049902174247,
                "in_degree_centrality_doctypebranch": 0.32148616354884285,
                "out_degree_centrality_importance": -0.09340758092340574,
                "out_degree_centrality_doctypebranch": -0.06871511689608659,
                "betweenness_centrality_importance": NaN,
                "betweenness_centrality_doctypebranch": NaN,
                "closeness_centrality_importance": 0.26575049902174247,
                "closeness_centrality_doctypebranch": 0.32148616354884285,
                "core_number_importance": 0.1634471213751549,
                "core_number_doctypebranch": 0.22338259947641928,
                "relative_in_degree_centrality_importance": 0.26575049902174247,
                "relative_in_degree_centrality_doctypebranch": 0.32148616354884285,
                "eigenvector_centrality_importance": 0.26575049902174247,
                "eigenvector_centrality_doctypebranch": 0.32148616354884285,
                "pagerank_importance": 0.26840277838342147,
                "pagerank_doctypebranch": 0.328438009342622,
                "hits_hub_importance": -0.09292602106065974,
                "hits_hub_doctypebranch": -0.06871384031595744,
                "hits_authority_importance": 0.2144425072688641,
                "hits_authority_doctypebranch": 0.24533732613316223,
                "harmonic_centrality_importance": 0.26575049902174247,
                "harmonic_centrality_doctypebranch": 0.32148616354884285,
                "disruption_importance": 0.2644491452885697,
                "disruption_doctypebranch": 0.3180390717330987,
                "composite_importance": 0.26840277838342147,
                "composite_doctypebranch": 0.328438009342622
            }
        },
        "doctypebranch": {
            "weight_composite_ranking": {
                "degree_centrality_importance": 0.16247181183891624,
                "degree_centrality_doctypebranch": 0.22313595660288954,
                "in_degree_centrality_importance": 0.26575049902174247,
                "in_degree_centrality_doctypebranch": 0.32148616354884285,
                "out_degree_centrality_importance": -0.09340758092340574,
                "out_degree_centrality_doctypebranch": -0.06871511689608659,
                "betweenness_centrality_importance": NaN,
                "betweenness_centrality_doctypebranch": NaN,
                "closeness_centrality_importance": 0.26575049902174247,
                "closeness_centrality_doctypebranch": 0.32148616354884285,
                "core_number_importance": 0.1634471213751549,
                "core_number_doctypebranch": 0.22338259947641928,
                "relative_in_degree_centrality_importance": 0.26575049902174247,
                "relative_in_degree_centrality_doctypebranch": 0.32148616354884285,
                "eigenvector_centrality_importance": 0.26575049902174247,
                "eigenvector_centrality_doctypebranch": 0.32148616354884285,
                "pagerank_importance": 0.26840277838342147,
                "pagerank_doctypebranch": 0.328438009342622,
                "hits_hub_importance": -0.09292602106065974,
                "hits_hub_doctypebranch": -0.06871384031595744,
                "hits_authority_importance": 0.2144425072688641,
                "hits_authority_doctypebranch": 0.24533732613316223,
                "harmonic_centrality_importance": 0.26575049902174247,
                "harmonic_centrality_doctypebranch": 0.32148616354884285,
                "disruption_importance": 0.2644491452885697,
                "disruption_doctypebranch": 0.3180390717330987,
                "composite_importance": 0.26840277838342147,
                "composite_doctypebranch": 0.328438009342622
            }
        }
    },
    "composite_rankings": {
        "importance": {
            "weight_composite_ranking_param": 0.01,
            "weight_composite_ranking": {
                "0": 63.5,
                "1": 63.5,
                "2": 63.5,
                "3": 63.5,
                "4": 63.5,
                "5": 63.5,
                "6": 63.5,
                "7": 63.5,
                "8": 63.5,
                "9": 63.5,
                "10": 63.5,
                "11": 63.5,
                "12": 63.5,
                "13": 63.5,
                "14": 63.5,
                "15": 63.5,
                "16": 63.5,
                "17": 63.5,
                "18": 63.5,
                "19": 63.5,
                "20": 63.5,
                "21": 4.97,
                "22": 63.5,
                "23": 63.5,
                "24": 63.5,
                "25": 63.5,
                "26": 63.5,
                "27": 63.5,
                "28": 63.5,
                "29": 63.5,
                "30": 63.5,
                "31": 63.5,
                "32": 63.5,
                "33": 63.5,
                "34": 63.5,
                "35": 63.5,
                "36": 63.5,
                "37": 63.5,
                "38": 63.5,
                "39": 63.5,
                "40": 63.5,
                "41": 63.5,
                "42": 63.5,
                "43": 63.5,
                "44": 63.5,
                "45": 63.5,
                "46": 63.5,
                "47": 63.5,
                "48": 63.5,
                "49": 63.5,
                "50": 63.5,
                "51": 63.5,
                "52": 63.5,
                "53": 63.5,
                "54": 63.5,
                "55": 63.5,
                "56": 63.5,
                "57": 63.5,
                "58": 63.5,
                "59": 63.5,
                "60": 63.5,
                "61": 63.5,
                "62": 63.5,
                "63": 63.5,
                "64": 63.5,
                "65": 63.5,
                "66": 63.5,
                "67": 63.5,
                "68": 63.5,
                "69": 63.5,
                "70": 63.5,
                "71": 63.5,
                "72": 63.5,
                "73": 63.5,
                "74": 63.5,
                "75": 63.5,
                "76": 63.5,
                "77": 1.0,
                "78": 63.5,
                "79": 63.5,
                "80": 63.5,
                "81": 63.5,
                "82": 63.5,
                "83": 63.5,
                "84": 63.5,
                "85": 63.5,
                "86": 5.01,
                "87": 63.5,
                "88": 63.5,
                "89": 63.5,
                "90": 63.5,
                "91": 63.5,
                "92": 5.01,
                "93": 63.5,
                "94": 63.5,
                "95": 63.5,
                "96": 63.5,
                "97": 63.5,
                "98": 63.5,
                "99": 5.01,
                "100": 5.01,
                "101": 4.98,
                "102": 63.5,
                "103": 5.01,
                "104": 63.5,
                "105": 63.5,
                "106": 63.5,
                "107": 63.5,
                "108": 63.5,
                "109": 63.5,
                "110": 63.5,
                "111": 63.5,
                "112": 63.5,
                "113": 63.5,
                "114": 63.5,
                "115": 63.5,
                "116": 63.5,
                "117": 63.5
            }
        },
        "doctypebranch": {
            "weight_composite_ranking_param": 0.01,
            "weight_composite_ranking": {
                "0": 63.5,
                "1": 63.5,
                "2": 63.5,
                "3": 63.5,
                "4": 63.5,
                "5": 63.5,
                "6": 63.5,
                "7": 63.5,
                "8": 63.5,
                "9": 63.5,
                "10": 63.5,
                "11": 63.5,