{
    "correlations": {
        "importance": {
            "weight_composite_ranking": {
                "degree_centrality_importance": -0.03436369269899464,
                "degree_centrality_doctypebranch": -0.052627372304818704,
                "in_degree_centrality_importance": 0.2196375098164445,
                "in_degree_centrality_doctypebranch": 0.2225483079746969,
                "out_degree_centrality_importance": -0.3319339504241331,
                "out_degree_centrality_doctypebranch": -0.3633194512288266,
                "betweenness_centrality_importance": NaN,
                "betweenness_centrality_doctypebranch": NaN,
                "closeness_centrality_importance": 0.2196375098164445,
                "closeness_centrality_doctypebranch": 0.2225483079746969,
                "core_number_importance": -0.025389073887084643,
                "core_number_doctypebranch": -0.04141007946515614,
                "relative_in_degree_centrality_importance": 0.2196375098164445,
                "relative_in_degree_centrality_doctypebranch": 0.2225483079746969,
                "eigenvector_centrality_importance": 0.2196375098164445,
                "eigenvector_centrality_doctypebranch": 0.2225483079746969,
                "pagerank_importance": 0.21558071891808675,
                "pagerank_doctypebranch": 0.22243008841364584,
                "hits_hub_importance": -0.2733336654665826,
                "hits_hub_doctypebranch": -0.29064272085489984,
                "hits_authority_importance": 0.15807161832278732,
                "hits_authority_doctypebranch": 0.16055099660716554,
                "harmonic_centrality_importance": 0.2196375098164445,
                "harmonic_centrality_doctypebranch": 0.2225483079746969,
                "disruption_importance": 0.2170859673778165,
                "disruption_doctypebranch": 0.22285953341010908,
                "composite_importance": -0.33239981187271117,
                "composite_doctypebranch": -0.36330340106862485
            }
        },
        "doctypebranch": {
            "weight_composite_ranking": {
                "degree_centrality_importance": -0.03436369269899464,
                "degree_centrality_doctypebranch": -0.052627372304818704,
                "in_degree_centrality_importance": 0.2196375098164445,
                "in_degree_centrality_doctypebranch": 0.2225483079746969,
                "out_degree_centrality_importance": -0.3319339504241331,
                "out_degree_centrality_doctypebranch": -0.3633194512288266,
                "betweenness_centrality_importance": NaN,
                "betweenness_centrality_doctypebranch": NaN,
                "closeness_centrality_importance": 0.2196375098164445,
                "closeness_centrality_doctypebranch": 0.2225483079746969,
                "core_number_importance": -0.025389073887084643,
                "core_number_doctypebranch": -0.04141007946515614,
                "relative_in_degree_centrality_importance": 0.2196375098164445,
                "relative_in_degree_centrality_doctypebranch": 0.2225483079746969,
                "eigenvector_centrality_importance": 0.2196375098164445,
                "eigenvector_centrality_doctypebranch": 0.2225483079746969,
                "pagerank_importance": 0.21558071891808675,
                "pagerank_doctypebranch": 0.22243008841364584,
                "hits_hub_importance": -0.2733336654665826,
                "hits_hub_doctypebranch": -0.29064272085489984,
                "hits_authority_importance": 0.15807161832278732,
                "hits_authority_doctypebranch": 0.16055099660716554,
                "harmonic_centrality_importance": 0.2196375098164445,
                "harmonic_centrality_doctypebranch": 0.2225483079746969,
                "disruption_importance": 0.2170859673778165,
                "disruption_doctypebranch": 0.22285953341010908,
                "composite_importance": -0.33239981187271117,
                "composite_doctypebranch": -0.36330340106862485
            }
        }
    },
    "composite_rankings": {
        "importance": {
            "weight_composite_ranking_param": 0.5,
            "weight_composite_ranking": {
                "0": 96.5,
                "1": 96.5,
                "2": 96.5,
                "3": 96.5,
                "4": 96.5,
                "5": 96.5,
                "6": 3.0,
                "7": 96.5,
                "8": 96.5,
                "9": 96.5,
                "10": 96.5,
                "11": 96.5,
                "12": 96.5,
                "13": 96.5,
                "14": 96.5,
                "15": 96.5,
                "16": 96.5,
                "17": 96.5,
                "18": 6.75,
                "19": 7.25,
                "20": 96.5,
                "21": 96.5,
                "22": 95.75,
                "23": 4.75,
                "24": 96.5,
                "25": 96.5,
                "26": 8.0,
                "27": 8.0,
                "28": 4.5,
                "29": 2.5,
                "30": 96.5,
                "31": 96.5,
                "32": 96.5,
                "33": 96.5,
                "34": 96.5,
                "35": 96.5,
                "36": 96.5,
                "37": 96.5,
                "38": 96.5,
                "39": 96.5,
                "40": 96.5,
                "41": 96.5,
                "42": 96.5,
                "43": 96.5,
                "44": 96.5,
                "45": 96.5,
                "46": 96.5,
                "47": 96.5,
                "48": 96.5,
                "49": 96.5,
                "50": 96.5,
                "51": 96.5,
                "52": 96.5,
                "53": 1.0,
                "54": 96.5,
                "55": 96.5,
                "56": 96.5,
                "57": 96.5,
                "58": 96.5,
                "59": 96.5,
                "60": 96.5,
                "61": 96.5,
                "62": 96.5,
                "63": 96.5,
                "64": 96.5,
                "65": 96.5,
                "66": 96.5,
                "67": 96.5,
                "68": 96.5,
                "69": 96.5,
                "70": 96.5,
                "71": 96.5,
                "72": 96.5,
                "73": 96.5,
                "74": 96.5,
                "75": 96.5,
                "76": 96.5,
                "77": 96.5,
                "78": 96.5,
                "79": 96.5,
                "80": 96.5,
                "81": 96.5,
                "82": 96.5,
                "83": 96.5,
                "84": 96.5,
                "85": 96.5,
                "86": 96.5,
                "87": 96.5,
                "88": 96.5,
                "89": 96.5,
                "90": 96.5,
                "91": 96.5,
                "92": 96.5,
                "93": 96.5,
                "94": 96.5,
                "95": 96.5,
                "96": 96.5,
                "97": 96.5,
                "98": 96.5,
                "99": 96.5,
                "100": 96.5,
                "101": 96.5,
                "102": 96.5,
                "103": 96.5,
                "104": 96.5,
                "105": 96.5,
                "106": 96.5,
                "107": 96.5,
                "108": 96.5,
                "109": 96.5,
                "110": 96.5,
                "111": 96.5,
                "112": 96.5,
                "113": 96.5,
                "114": 96.5,
                "115": 96.5,
                "116": 96.5,
                "117": 96.5,
                "118": 96.5,
                "119": 96.5,
                "120": 96.5,
                "121": 96.5,
                "122": 96.5,
                "123": 96.5,
                "124": 96.5,
                "125": 96.5,
                "126": 96.5,
                "127": 96.5,
                "128": 96.5,
                "129": 96.5,
                "130": 96.5,
                "131": 96.5,
                "132": 96.5,
                "133": 96.5,