{
    "correlations": {
        "importance": {
            "weight_composite_ranking": {
                "degree_centrality_importance": 0.2164931883783363,
                "degree_centrality_doctypebranch": 0.1778001778002667,
                "in_degree_centrality_importance": 0.2400551007426794,
                "in_degree_centrality_doctypebranch": 0.21213203435596428,
                "out_degree_centrality_importance": 0.06129066401940751,
                "out_degree_centrality_doctypebranch": 0.03535533905932738,
                "betweenness_centrality_importance": NaN,
                "betweenness_centrality_doctypebranch": NaN,
                "closeness_centrality_importance": 0.2400551007426794,
                "closeness_centrality_doctypebranch": 0.21213203435596428,
                "core_number_importance": 0.2164931883783363,
                "core_number_doctypebranch": 0.1778001778002667,
                "relative_in_degree_centrality_importance": 0.2400551007426794,
                "relative_in_degree_centrality_doctypebranch": 0.21213203435596428,
                "eigenvector_centrality_importance": 0.2400551007426794,
                "eigenvector_centrality_doctypebranch": 0.21213203435596428,
                "pagerank_importance": 0.2400551007426794,
                "pagerank_doctypebranch": 0.21213203435596428,
                "hits_hub_importance": 0.06128341025714537,
                "hits_hub_doctypebranch": 0.035351154747926335,
                "hits_authority_importance": 0.2818368874906138,
                "hits_authority_doctypebranch": 0.2662876326302564,
                "harmonic_centrality_importance": 0.2400551007426794,
                "harmonic_centrality_doctypebranch": 0.21213203435596428,
                "disruption_importance": 0.2400551007426794,
                "disruption_doctypebranch": 0.21213203435596428,
                "composite_importance": 0.2818368874906138,
                "composite_doctypebranch": 0.2662876326302564
            }
        },
        "doctypebranch": {
            "weight_composite_ranking": {
                "degree_centrality_importance": 0.2164931883783363,
                "degree_centrality_doctypebranch": 0.1778001778002667,
                "in_degree_centrality_importance": 0.2400551007426794,
                "in_degree_centrality_doctypebranch": 0.21213203435596428,
                "out_degree_centrality_importance": 0.06129066401940751,
                "out_degree_centrality_doctypebranch": 0.03535533905932738,
                "betweenness_centrality_importance": NaN,
                "betweenness_centrality_doctypebranch": NaN,
                "closeness_centrality_importance": 0.2400551007426794,
                "closeness_centrality_doctypebranch": 0.21213203435596428,
                "core_number_importance": 0.2164931883783363,
                "core_number_doctypebranch": 0.1778001778002667,
                "relative_in_degree_centrality_importance": 0.2400551007426794,
                "relative_in_degree_centrality_doctypebranch": 0.21213203435596428,
                "eigenvector_centrality_importance": 0.2400551007426794,
                "eigenvector_centrality_doctypebranch": 0.21213203435596428,
                "pagerank_importance": 0.2400551007426794,
                "pagerank_doctypebranch": 0.21213203435596428,
                "hits_hub_importance": 0.06128341025714537,
                "hits_hub_doctypebranch": 0.035351154747926335,
                "hits_authority_importance": 0.2818368874906138,
                "hits_authority_doctypebranch": 0.2662876326302564,
                "harmonic_centrality_importance": 0.2400551007426794,
                "harmonic_centrality_doctypebranch": 0.21213203435596428,
                "disruption_importance": 0.2400551007426794,
                "disruption_doctypebranch": 0.21213203435596428,
                "composite_importance": 0.2818368874906138,
                "composite_doctypebranch": 0.2662876326302564
            }
        }
    },
    "composite_rankings": {
        "importance": {
            "weight_composite_ranking_param": 0.01,
            "weight_composite_ranking": {
                "0": 34.5,
                "1": 34.5,
                "2": 34.5,
                "3": 34.5,
                "4": 34.5,
                "5": 34.77,
                "6": 34.5,
                "7": 34.5,
                "8": 34.5,
                "9": 34.5,
                "10": 34.5,
                "11": 34.81,
                "12": 34.5,
                "13": 34.5,
                "14": 34.795,
                "15": 34.22,
                "16": 34.81,
                "17": 34.5,
                "18": 34.5,
                "19": 34.5,
                "20": 34.5,
                "21": 34.5,
                "22": 34.5,
                "23": 34.5,
                "24": 34.5,
                "25": 34.5,
                "26": 34.5,
                "27": 34.195,
                "28": 34.5,
                "29": 34.5,
                "30": 34.5,
                "31": 34.5,
                "32": 34.5,
                "33": 34.5,
                "34": 34.77,
                "35": 34.785000000000004,
                "36": 34.22,
                "37": 34.5,
                "38": 34.5,
                "39": 34.5,
                "40": 34.5,
                "41": 34.5,
                "42": 34.5,
                "43": 34.5,
                "44": 34.5,
                "45": 34.5,
                "46": 34.5,
                "47": 1.505,
                "48": 34.5,
                "49": 34.5,
                "50": 34.5,
                "51": 34.5,
                "52": 34.5,
                "53": 34.235,
                "54": 1.4949999999999999,
                "55": 34.5,
                "56": 34.5,
                "57": 34.195,
                "58": 34.5,
                "59": 34.5,
                "60": 34.5,
                "61": 34.5,
                "62": 34.5,
                "63": 34.195,
                "64": 34.5,
                "65": 34.5
            }
        },
        "doctypebranch": {
            "weight_composite_ranking_param": 0.01,
            "weight_composite_ranking": {
                "0": 34.5,
                "1": 34.5,
                "2": 34.5,
                "3": 34.5,
                "4": 34.5,
                "5": 34.77,
                "6": 34.5,
                "7": 34.5,
                "8": 34.5,
                "9": 34.5,
                "10": 34.5,
                "11": 34.81,
                "12": 34.5,
                "13": 34.5,
                "14": 34.795,
                "15": 34.22,
                "16": 34.81,
                "17": 34.5,
                "18": 34.5,
                "19": 34.5,
                "20": 34.5,
                "21": 34.5,
                "22": 34.5,
                "23": 34.5,
                "24": 34.5,
                "25": 34.5,
                "26": 34.5,
                "27": 34.195,
                "28": 34.5,
                "29": 34.5,
                "30": 34.5,
                "31": 34.5,
                "32": 34.5,
                "33": 34.5,
                "34": 34.77,
                "35": 34.785000000000004,
                "36": 34.22,
                "37": 34.5,
                "38": 34.5,
                "39": 34.5,
                "40": 34.5,
                "41": 34.5,
                "42": 34.5,
                "43": 34.5,
                "44": 34.5,
                "45": 34.5,
                "46": 34.5,
                "47": 1.505,
                "48": 34.5,
                "49": 34.5,
                "50": 34.5,
                "51": 34.5,
                "52": 34.5,
                "53": 34.235,
                "54": 1.4949999999999999,
                "55": 34.5,
                "56": 34.5,
                "57": 34.195,
                "58": 34.5,
                "59": 34.5,
                "60": 34.5,
                "61": 34.5,