{
    "correlations": {
        "importance": {
            "weight_composite_ranking": {
                "degree_centrality_importance": 0.15886527283943086,
                "degree_centrality_doctypebranch": 0.20694854454437805,
                "in_degree_centrality_importance": 0.36994415120518903,
                "in_degree_centrality_doctypebranch": 0.3612640635011335,
                "out_degree_centrality_importance": -0.2236322905997704,
                "out_degree_centrality_doctypebranch": -0.14052602488336632,
                "betweenness_centrality_importance": NaN,
                "betweenness_centrality_doctypebranch": NaN,
                "closeness_centrality_importance": 0.36994415120518903,
                "closeness_centrality_doctypebranch": 0.3612640635011335,
                "core_number_importance": 0.17637957102831975,
                "core_number_doctypebranch": 0.21477113800476558,
                "relative_in_degree_centrality_importance": 0.36994415120518903,
                "relative_in_degree_centrality_doctypebranch": 0.3612640635011335,
                "eigenvector_centrality_importance": 0.36994415120518903,
                "eigenvector_centrality_doctypebranch": 0.3612640635011335,
                "pagerank_importance": 0.36624966497465494,
                "pagerank_doctypebranch": 0.36107335992413586,
                "hits_hub_importance": -0.2236322905997704,
                "hits_hub_doctypebranch": -0.14052602488336632,
                "hits_authority_importance": 0.1653033279353345,
                "hits_authority_doctypebranch": 0.2839529290994529,
                "harmonic_centrality_importance": 0.36994415120518903,
                "harmonic_centrality_doctypebranch": 0.3612640635011335,
                "disruption_importance": 0.36584053964189245,
                "disruption_doctypebranch": 0.35967656531725567,
                "composite_importance": 0.36994415120518903,
                "composite_doctypebranch": 0.3612640635011335
            }
        },
        "doctypebranch": {
            "weight_composite_ranking": {
                "degree_centrality_importance": 0.15886527283943086,
                "degree_centrality_doctypebranch": 0.20694854454437805,
                "in_degree_centrality_importance": 0.36994415120518903,
                "in_degree_centrality_doctypebranch": 0.3612640635011335,
                "out_degree_centrality_importance": -0.2236322905997704,
                "out_degree_centrality_doctypebranch": -0.14052602488336632,
                "betweenness_centrality_importance": NaN,
                "betweenness_centrality_doctypebranch": NaN,
                "closeness_centrality_importance": 0.36994415120518903,
                "closeness_centrality_doctypebranch": 0.3612640635011335,
                "core_number_importance": 0.17637957102831975,
                "core_number_doctypebranch": 0.21477113800476558,
                "relative_in_degree_centrality_importance": 0.36994415120518903,
                "relative_in_degree_centrality_doctypebranch": 0.3612640635011335,
                "eigenvector_centrality_importance": 0.36994415120518903,
                "eigenvector_centrality_doctypebranch": 0.3612640635011335,
                "pagerank_importance": 0.36624966497465494,
                "pagerank_doctypebranch": 0.36107335992413586,
                "hits_hub_importance": -0.2236322905997704,
                "hits_hub_doctypebranch": -0.14052602488336632,
                "hits_authority_importance": 0.1653033279353345,
                "hits_authority_doctypebranch": 0.2839529290994529,
                "harmonic_centrality_importance": 0.36994415120518903,
                "harmonic_centrality_doctypebranch": 0.3612640635011335,
                "disruption_importance": 0.36584053964189245,
                "disruption_doctypebranch": 0.35967656531725567,
                "composite_importance": 0.36994415120518903,
                "composite_doctypebranch": 0.3612640635011335
            }
        }
    },
    "composite_rankings": {
        "importance": {
            "weight_composite_ranking_param": 0.01,
            "weight_composite_ranking": {
                "0": 35.5,
                "1": 35.5,
                "2": 35.5,
                "3": 35.5,
                "4": 35.5,
                "5": 35.5,
                "6": 35.5,
                "7": 35.5,
                "8": 35.5,
                "9": 35.5,
                "10": 35.5,
                "11": 35.5,
                "12": 35.5,
                "13": 35.5,
                "14": 35.5,
                "15": 35.5,
                "16": 35.5,
                "17": 35.5,
                "18": 35.5,
                "19": 35.5,
                "20": 35.5,
                "21": 35.5,
                "22": 35.5,
                "23": 35.5,
                "24": 35.5,
                "25": 35.5,
                "26": 35.5,
                "27": 8.0,
                "28": 35.5,
                "29": 35.5,
                "30": 35.5,
                "31": 35.5,
                "32": 8.0,
                "33": 35.5,
                "34": 4.5,
                "35": 35.5,
                "36": 4.5,
                "37": 8.0,
                "38": 35.5,
                "39": 35.5,
                "40": 2.5,
                "41": 35.5,
                "42": 35.5,
                "43": 35.5,
                "44": 35.5,
                "45": 35.5,
                "46": 8.0,
                "47": 35.5,
                "48": 35.5,
                "49": 35.5,
                "50": 35.5,
                "51": 35.5,
                "52": 35.5,
                "53": 35.5,
                "54": 35.5,
                "55": 8.0,
                "56": 1.0,
                "57": 35.5,
                "58": 2.5,
                "59": 35.5
            }
        },
        "doctypebranch": {
            "weight_composite_ranking_param": 0.01,
            "weight_composite_ranking": {
                "0": 35.5,
                "1": 35.5,
                "2": 35.5,
                "3": 35.5,
                "4": 35.5,
                "5": 35.5,
                "6": 35.5,
                "7": 35.5,
                "8": 35.5,
                "9": 35.5,
                "10": 35.5,
                "11": 35.5,
                "12": 35.5,
                "13": 35.5,
                "14": 35.5,
                "15": 35.5,
                "16": 35.5,
                "17": 35.5,
                "18": 35.5,
                "19": 35.5,
                "20": 35.5,
                "21": 35.5,
                "22": 35.5,
                "23": 35.5,
                "24": 35.5,
                "25": 35.5,
                "26": 35.5,
                "27": 8.0,
                "28": 35.5,
                "29": 35.5,
                "30": 35.5,
                "31": 35.5,
                "32": 8.0,
                "33": 35.5,
                "34": 4.5,
                "35": 35.5,
                "36": 4.5,
                "37": 8.0,
                "38": 35.5,
                "39": 35.5,
                "40": 2.5,
                "41": 35.5,
                "42": 35.5,
                "43": 35.5,
                "44": 35.5,
                "45": 35.5,
                "46": 8.0,
                "47": 35.5,
                "48": 35.5,
                "49": 35.5,
                "50": 35.5,
                "51": 35.5,
                "52": 35.5,
                "53": 35.5,
                "54": 35.5,
                "55": 8.0,
                "56": 1.0,
                "57": 35.5,
                "58": 2.5,
                "59": 35.5
            }
        }
    },
    "best_centralities": {
        "importance": {
            "high": "in_degree_centrality",
            "low": "closeness_centrality"
        },
        "doctypebranch": {
            "high": "in_degree_centrality",
            "low": "closeness_centrality"
        }
    },