{
    "correlations": {
        "importance": {
            "weight_composite_ranking": {
                "degree_centrality_importance": 0.2462545880722864,
                "degree_centrality_doctypebranch": 0.14178470174191016,
                "in_degree_centrality_importance": 0.21147488991782393,
                "in_degree_centrality_doctypebranch": 0.17781793554110492,
                "out_degree_centrality_importance": 0.1220849753675009,
                "out_degree_centrality_doctypebranch": 0.00446136225245899,
                "betweenness_centrality_importance": NaN,
                "betweenness_centrality_doctypebranch": NaN,
                "closeness_centrality_importance": 0.21147488991782393,
                "closeness_centrality_doctypebranch": 0.17781793554110492,
                "core_number_importance": 0.24597159407775415,
                "core_number_doctypebranch": 0.14537428918725892,
                "relative_in_degree_centrality_importance": 0.21147488991782393,
                "relative_in_degree_centrality_doctypebranch": 0.17781793554110492,
                "eigenvector_centrality_importance": 0.21147488991782393,
                "eigenvector_centrality_doctypebranch": 0.17781793554110492,
                "pagerank_importance": 0.2083958494689466,
                "pagerank_doctypebranch": 0.1733341424576018,
                "hits_hub_importance": 0.06975063586426532,
                "hits_hub_doctypebranch": 0.10357639126121602,
                "hits_authority_importance": 0.029595507903628256,
                "hits_authority_doctypebranch": 0.027393909552354472,
                "harmonic_centrality_importance": 0.21147488991782393,
                "harmonic_centrality_doctypebranch": 0.17781793554110492,
                "disruption_importance": 0.21147488991782393,
                "disruption_doctypebranch": 0.17781793554110492,
                "composite_importance": 0.2462545880722864,
                "composite_doctypebranch": 0.14178470174191016
            }
        },
        "doctypebranch": {
            "weight_composite_ranking": {
                "degree_centrality_importance": 0.2462545880722864,
                "degree_centrality_doctypebranch": 0.14178470174191016,
                "in_degree_centrality_importance": 0.21147488991782393,
                "in_degree_centrality_doctypebranch": 0.17781793554110492,
                "out_degree_centrality_importance": 0.1220849753675009,
                "out_degree_centrality_doctypebranch": 0.00446136225245899,
                "betweenness_centrality_importance": NaN,
                "betweenness_centrality_doctypebranch": NaN,
                "closeness_centrality_importance": 0.21147488991782393,
                "closeness_centrality_doctypebranch": 0.17781793554110492,
                "core_number_importance": 0.24597159407775415,
                "core_number_doctypebranch": 0.14537428918725892,
                "relative_in_degree_centrality_importance": 0.21147488991782393,
                "relative_in_degree_centrality_doctypebranch": 0.17781793554110492,
                "eigenvector_centrality_importance": 0.21147488991782393,
                "eigenvector_centrality_doctypebranch": 0.17781793554110492,
                "pagerank_importance": 0.2083958494689466,
                "pagerank_doctypebranch": 0.1733341424576018,
                "hits_hub_importance": 0.06975063586426532,
                "hits_hub_doctypebranch": 0.10357639126121602,
                "hits_authority_importance": 0.029595507903628256,
                "hits_authority_doctypebranch": 0.027393909552354472,
                "harmonic_centrality_importance": 0.21147488991782393,
                "harmonic_centrality_doctypebranch": 0.17781793554110492,
                "disruption_importance": 0.21147488991782393,
                "disruption_doctypebranch": 0.17781793554110492,
                "composite_importance": 0.21147488991782393,
                "composite_doctypebranch": 0.17781793554110492
            }
        }
    },
    "composite_rankings": {
        "importance": {
            "weight_composite_ranking_param": 0.01,
            "weight_composite_ranking": {
                "0": 87.5,
                "1": 87.5,
                "2": 87.5,
                "3": 87.5,
                "4": 87.5,
                "5": 87.5,
                "6": 87.5,
                "7": 87.5,
                "8": 87.5,
                "9": 87.5,
                "10": 87.5,
                "11": 87.5,
                "12": 87.5,
                "13": 87.5,
                "14": 87.5,
                "15": 87.5,
                "16": 87.5,
                "17": 87.5,
                "18": 87.5,
                "19": 87.5,
                "20": 87.5,
                "21": 87.5,
                "22": 87.5,
                "23": 7.01,
                "24": 87.5,
                "25": 87.5,
                "26": 87.5,
                "27": 87.5,
                "28": 87.5,
                "29": 87.5,
                "30": 87.5,
                "31": 87.5,
                "32": 87.5,
                "33": 87.5,
                "34": 87.5,
                "35": 87.5,
                "36": 87.5,
                "37": 87.5,
                "38": 87.5,
                "39": 87.5,
                "40": 87.5,
                "41": 87.5,
                "42": 87.5,
                "43": 87.5,
                "44": 87.5,
                "45": 87.5,
                "46": 87.5,
                "47": 87.5,
                "48": 87.5,
                "49": 87.5,
                "50": 87.5,
                "51": 87.5,
                "52": 87.5,
                "53": 87.5,
                "54": 87.5,
                "55": 87.5,
                "56": 87.5,
                "57": 87.5,
                "58": 87.5,
                "59": 87.5,
                "60": 87.5,
                "61": 87.5,
                "62": 87.5,
                "63": 87.5,
                "64": 87.5,
                "65": 87.5,
                "66": 87.5,
                "67": 87.5,
                "68": 87.5,
                "69": 87.5,
                "70": 87.5,
                "71": 87.5,
                "72": 87.5,
                "73": 87.5,
                "74": 87.5,
                "75": 87.5,
                "76": 7.01,
                "77": 87.5,
                "78": 87.5,
                "79": 87.5,
                "80": 87.5,
                "81": 87.5,
                "82": 87.5,
                "83": 87.5,
                "84": 87.5,
                "85": 7.01,
                "86": 87.5,
                "87": 87.5,
                "88": 87.5,
                "89": 87.5,
                "90": 87.5,
                "91": 87.5,
                "92": 87.5,
                "93": 87.5,
                "94": 87.5,
                "95": 87.5,
                "96": 87.5,
                "97": 87.5,
                "98": 87.5,
                "99": 87.5,
                "100": 87.5,
                "101": 87.5,
                "102": 87.5,
                "103": 87.5,
                "104": 87.5,
                "105": 87.5,
                "106": 87.5,
                "107": 87.5,
                "108": 87.5,
                "109": 87.5,
                "110": 87.5,
                "111": 7.01,
                "112": 87.5,
                "113": 87.5,
                "114": 87.5,
                "115": 87.5,
                "116": 87.5,
                "117": 87.5,
                "118": 6.949999999999999,
                "119": 87.5,
                "120": 7.01,
                "121": 87.5,
                "122": 7.01,
                "123": 87.5,
                "124": 87.5,
                "125": 87.5,
                "126": 87.5,
                "127": 87.5,
                "128": 87.5,
                "129": 7.01,
                "130": 87.5,
                "131": 87.5,
                "132": 87.5,
                "133": 87.5,