{
    "correlations": {
        "importance": {
            "weight_composite_ranking": {
                "degree_centrality_importance": 0.215804717414136,
                "degree_centrality_doctypebranch": 0.34559266277410106,
                "in_degree_centrality_importance": 0.41166660624555074,
                "in_degree_centrality_doctypebranch": 0.27623937731165393,
                "out_degree_centrality_importance": -0.0999647687580841,
                "out_degree_centrality_doctypebranch": 0.18464293259853923,
                "betweenness_centrality_importance": 0.16523733620088385,
                "betweenness_centrality_doctypebranch": 0.08030707115220967,
                "closeness_centrality_importance": 0.41261543885862917,
                "closeness_centrality_doctypebranch": 0.2789259918494579,
                "core_number_importance": 0.2009217280148981,
                "core_number_doctypebranch": 0.35001011249535297,
                "relative_in_degree_centrality_importance": 0.41166660624555074,
                "relative_in_degree_centrality_doctypebranch": 0.27623937731165393,
                "eigenvector_centrality_importance": 0.4043420945026761,
                "eigenvector_centrality_doctypebranch": 0.27464658990948215,
                "pagerank_importance": 0.4068591874860701,
                "pagerank_doctypebranch": 0.27704332733188136,
                "hits_hub_importance": -0.059213438063307526,
                "hits_hub_doctypebranch": 0.16941462660481016,
                "hits_authority_importance": 0.28563607977700894,
                "hits_authority_doctypebranch": 0.10840654833571095,
                "harmonic_centrality_importance": 0.4123026688253449,
                "harmonic_centrality_doctypebranch": 0.2778625100822792,
                "disruption_importance": 0.28359290924559344,
                "disruption_doctypebranch": 0.21136573369019973,
                "composite_importance": 0.41261587384704473,
                "composite_doctypebranch": 0.2789262858994711
            }
        },
        "doctypebranch": {
            "weight_composite_ranking": {
                "degree_centrality_importance": 0.215804717414136,
                "degree_centrality_doctypebranch": 0.34559266277410106,
                "in_degree_centrality_importance": 0.41166660624555074,
                "in_degree_centrality_doctypebranch": 0.27623937731165393,
                "out_degree_centrality_importance": -0.0999647687580841,
                "out_degree_centrality_doctypebranch": 0.18464293259853923,
                "betweenness_centrality_importance": 0.16523733620088385,
                "betweenness_centrality_doctypebranch": 0.08030707115220967,
                "closeness_centrality_importance": 0.41261543885862917,
                "closeness_centrality_doctypebranch": 0.2789259918494579,
                "core_number_importance": 0.2009217280148981,
                "core_number_doctypebranch": 0.35001011249535297,
                "relative_in_degree_centrality_importance": 0.41166660624555074,
                "relative_in_degree_centrality_doctypebranch": 0.27623937731165393,
                "eigenvector_centrality_importance": 0.4043420945026761,
                "eigenvector_centrality_doctypebranch": 0.27464658990948215,
                "pagerank_importance": 0.4068591874860701,
                "pagerank_doctypebranch": 0.27704332733188136,
                "hits_hub_importance": -0.059213438063307526,
                "hits_hub_doctypebranch": 0.16941462660481016,
                "hits_authority_importance": 0.28563607977700894,
                "hits_authority_doctypebranch": 0.10840654833571095,
                "harmonic_centrality_importance": 0.4123026688253449,
                "harmonic_centrality_doctypebranch": 0.2778625100822792,
                "disruption_importance": 0.28359290924559344,
                "disruption_doctypebranch": 0.21136573369019973,
                "composite_importance": 0.21203191718168365,
                "composite_doctypebranch": 0.34803119435572527
            }
        }
    },
    "composite_rankings": {
        "importance": {
            "weight_composite_ranking_param": 0.75,
            "weight_composite_ranking": {
                "0": 108.5,
                "1": 108.5,
                "2": 108.5,
                "3": 108.5,
                "4": 108.5,
                "5": 108.5,
                "6": 108.5,
                "7": 108.5,
                "8": 108.5,
                "9": 5.25,
                "10": 4.0,
                "11": 10.875,
                "12": 108.5,
                "13": 13.375,
                "14": 108.5,
                "15": 108.5,
                "16": 33.5,
                "17": 108.5,
                "18": 2.75,
                "19": 1.0,
                "20": 108.5,
                "21": 108.5,
                "22": 108.5,
                "23": 16.625,
                "24": 108.5,
                "25": 108.5,
                "26": 28.0,
                "27": 108.5,
                "28": 108.5,
                "29": 108.5,
                "30": 28.0,
                "31": 33.5,
                "32": 108.5,
                "33": 33.5,
                "34": 108.5,
                "35": 108.5,
                "36": 108.5,
                "37": 2.25,
                "38": 108.5,
                "39": 5.75,
                "40": 108.5,
                "41": 108.5,
                "42": 108.5,
                "43": 108.5,
                "44": 108.5,
                "45": 108.5,
                "46": 108.5,
                "47": 108.5,
                "48": 108.5,
                "49": 108.5,
                "50": 108.5,
                "51": 108.5,
                "52": 108.5,
                "53": 108.5,
                "54": 108.5,
                "55": 108.5,
                "56": 108.5,
                "57": 108.5,
                "58": 33.5,
                "59": 14.5,
                "60": 108.5,
                "61": 108.5,
                "62": 108.5,
                "63": 108.5,
                "64": 30.0,
                "65": 108.5,
                "66": 108.5,
                "67": 108.5,
                "68": 108.5,
                "69": 108.5,
                "70": 33.5,
                "71": 18.125,
                "72": 108.5,
                "73": 108.5,
                "74": 108.5,
                "75": 108.5,
                "76": 108.5,
                "77": 108.5,
                "78": 7.875,
                "79": 108.5,
                "80": 108.5,
                "81": 22.875,
                "82": 19.25,
                "83": 108.5,
                "84": 108.5,
                "85": 22.875,
                "86": 108.5,
                "87": 108.5,
                "88": 108.5,
                "89": 108.5,
                "90": 108.5,
                "91": 108.5,
                "92": 108.5,
                "93": 108.5,
                "94": 108.5,
                "95": 108.5,
                "96": 108.5,
                "97": 25.5,
                "98": 108.5,
                "99": 9.0,
                "100": 108.5,
                "101": 108.5,
                "102": 108.5,
                "103": 22.875,
                "104": 19.25,
                "105": 108.5,
                "106": 16.625,
                "107": 108.5,
                "108": 13.375,
                "109": 108.5,
                "110": 108.5,
                "111": 25.5,
                "112": 108.5,
                "113": 108.5,
                "114": 108.5,
                "115": 108.5,
                "116": 108.5,
                "117": 7.125,
                "118": 108.5,
                "119": 108.5,
                "120": 108.5,
                "121": 108.5,
                "122": 108.5,
                "123": 12.875,
                "124": 108.5,
                "125": 108.5,
                "126": 108.5,
                "127": 108.5,