{
    "correlations": {
        "importance": {
            "weight_composite_ranking": {
                "degree_centrality_importance": 0.31566852220520325,
                "degree_centrality_doctypebranch": 0.3218440938199994,
                "in_degree_centrality_importance": 0.3954129789098665,
                "in_degree_centrality_doctypebranch": 0.3723724938744619,
                "out_degree_centrality_importance": 0.006215154331493012,
                "out_degree_centrality_doctypebranch": 0.043698191150216184,
                "betweenness_centrality_importance": NaN,
                "betweenness_centrality_doctypebranch": NaN,
                "closeness_centrality_importance": 0.3954129789098665,
                "closeness_centrality_doctypebranch": 0.3723724938744619,
                "core_number_importance": 0.31673187956709925,
                "core_number_doctypebranch": 0.3247329671097601,
                "relative_in_degree_centrality_importance": 0.3954129789098665,
                "relative_in_degree_centrality_doctypebranch": 0.3723724938744619,
                "eigenvector_centrality_importance": 0.3954129789098665,
                "eigenvector_centrality_doctypebranch": 0.3723724938744619,
                "pagerank_importance": 0.39472467436356895,
                "pagerank_doctypebranch": 0.3722845241197818,
                "hits_hub_importance": 0.0045405775205353575,
                "hits_hub_doctypebranch": 0.043326810209653614,
                "hits_authority_importance": 0.22604451972533646,
                "hits_authority_doctypebranch": 0.2455212529476134,
                "harmonic_centrality_importance": 0.3954129789098665,
                "harmonic_centrality_doctypebranch": 0.3723724938744619,
                "disruption_importance": 0.39414418552259095,
                "disruption_doctypebranch": 0.3727482236784461,
                "composite_importance": 0.3954129789098665,
                "composite_doctypebranch": 0.3723724938744619
            }
        },
        "doctypebranch": {
            "weight_composite_ranking": {
                "degree_centrality_importance": 0.31566852220520325,
                "degree_centrality_doctypebranch": 0.3218440938199994,
                "in_degree_centrality_importance": 0.3954129789098665,
                "in_degree_centrality_doctypebranch": 0.3723724938744619,
                "out_degree_centrality_importance": 0.006215154331493012,
                "out_degree_centrality_doctypebranch": 0.043698191150216184,
                "betweenness_centrality_importance": NaN,
                "betweenness_centrality_doctypebranch": NaN,
                "closeness_centrality_importance": 0.3954129789098665,
                "closeness_centrality_doctypebranch": 0.3723724938744619,
                "core_number_importance": 0.31673187956709925,
                "core_number_doctypebranch": 0.3247329671097601,
                "relative_in_degree_centrality_importance": 0.3954129789098665,
                "relative_in_degree_centrality_doctypebranch": 0.3723724938744619,
                "eigenvector_centrality_importance": 0.3954129789098665,
                "eigenvector_centrality_doctypebranch": 0.3723724938744619,
                "pagerank_importance": 0.39472467436356895,
                "pagerank_doctypebranch": 0.3722845241197818,
                "hits_hub_importance": 0.0045405775205353575,
                "hits_hub_doctypebranch": 0.043326810209653614,
                "hits_authority_importance": 0.22604451972533646,
                "hits_authority_doctypebranch": 0.2455212529476134,
                "harmonic_centrality_importance": 0.3954129789098665,
                "harmonic_centrality_doctypebranch": 0.3723724938744619,
                "disruption_importance": 0.39414418552259095,
                "disruption_doctypebranch": 0.3727482236784461,
                "composite_importance": 0.3954129789098665,
                "composite_doctypebranch": 0.3723724938744619
            }
        }
    },
    "composite_rankings": {
        "importance": {
            "weight_composite_ranking_param": 0.01,
            "weight_composite_ranking": {
                "0": 110.5,
                "1": 110.5,
                "2": 110.5,
                "3": 110.5,
                "4": 110.5,
                "5": 110.5,
                "6": 110.5,
                "7": 110.5,
                "8": 110.5,
                "9": 110.5,
                "10": 110.5,
                "11": 110.5,
                "12": 110.5,
                "13": 110.5,
                "14": 110.5,
                "15": 110.5,
                "16": 110.5,
                "17": 110.5,
                "18": 110.5,
                "19": 110.5,
                "20": 110.5,
                "21": 110.5,
                "22": 110.5,
                "23": 110.5,
                "24": 110.5,
                "25": 110.5,
                "26": 110.5,
                "27": 110.5,
                "28": 110.5,
                "29": 110.5,
                "30": 110.5,
                "31": 110.5,
                "32": 110.5,
                "33": 110.5,
                "34": 110.5,
                "35": 110.5,
                "36": 110.5,
                "37": 110.5,
                "38": 110.5,
                "39": 110.5,
                "40": 110.5,
                "41": 110.5,
                "42": 110.5,
                "43": 110.5,
                "44": 110.5,
                "45": 110.5,
                "46": 110.5,
                "47": 110.5,
                "48": 110.5,
                "49": 110.5,
                "50": 110.5,
                "51": 110.5,
                "52": 110.5,
                "53": 110.5,
                "54": 110.5,
                "55": 110.5,
                "56": 110.5,
                "57": 110.5,
                "58": 110.5,
                "59": 110.5,
                "60": 110.5,
                "61": 110.5,
                "62": 110.5,
                "63": 110.5,
                "64": 110.5,
                "65": 110.5,
                "66": 110.5,
                "67": 110.5,
                "68": 110.5,
                "69": 110.5,
                "70": 110.5,
                "71": 110.5,
                "72": 110.5,
                "73": 110.5,
                "74": 110.5,
                "75": 110.5,
                "76": 110.5,
                "77": 110.5,
                "78": 110.5,
                "79": 110.5,
                "80": 110.5,
                "81": 110.5,
                "82": 110.5,
                "83": 110.5,
                "84": 110.5,
                "85": 110.5,
                "86": 110.5,
                "87": 110.5,
                "88": 110.5,
                "89": 110.5,
                "90": 110.5,
                "91": 110.5,
                "92": 110.5,
                "93": 110.5,
                "94": 110.5,
                "95": 110.5,
                "96": 110.5,
                "97": 110.5,
                "98": 110.5,
                "99": 110.5,
                "100": 110.5,
                "101": 110.5,
                "102": 110.5,
                "103": 110.5,
                "104": 110.5,
                "105": 110.5,
                "106": 110.5,
                "107": 110.5,
                "108": 110.5,
                "109": 110.5,
                "110": 110.5,
                "111": 110.5,
                "112": 110.5,
                "113": 110.5,
                "114": 110.5,
                "115": 110.5,
                "116": 110.5,
                "117": 110.5,
                "118": 110.5,
                "119": 110.5,
                "120": 110.5,
                "121": 110.5,
                "122": 110.5,
                "123": 110.5,
                "124": 110.5,
                "125": 110.5,
                "126": 110.5,
                "127": 110.5,
                "128": 110.5,
                "129": 110.5,