{
    "correlations": {
        "importance": {
            "weight_composite_ranking": {
                "degree_centrality_importance": 0.27086254048336783,
                "degree_centrality_doctypebranch": -0.04419956960878639,
                "in_degree_centrality_importance": 0.2303905765991746,
                "in_degree_centrality_doctypebranch": -0.031016140346615696,
                "out_degree_centrality_importance": 0.1497538747894635,
                "out_degree_centrality_doctypebranch": -0.031016140346615696,
                "betweenness_centrality_importance": NaN,
                "betweenness_centrality_doctypebranch": NaN,
                "closeness_centrality_importance": 0.2303905765991746,
                "closeness_centrality_doctypebranch": -0.031016140346615696,
                "core_number_importance": 0.27086254048336783,
                "core_number_doctypebranch": -0.04419956960878639,
                "relative_in_degree_centrality_importance": 0.2303905765991746,
                "relative_in_degree_centrality_doctypebranch": -0.031016140346615696,
                "eigenvector_centrality_importance": 0.2303905765991746,
                "eigenvector_centrality_doctypebranch": -0.031016140346615696,
                "pagerank_importance": 0.2303905765991746,
                "pagerank_doctypebranch": -0.031016140346615696,
                "hits_hub_importance": 0.1497538747894635,
                "hits_hub_doctypebranch": -0.031016140346615696,
                "hits_authority_importance": 0.19817171894447297,
                "hits_authority_doctypebranch": -0.025571861579228385,
                "harmonic_centrality_importance": 0.2303905765991746,
                "harmonic_centrality_doctypebranch": -0.031016140346615696,
                "disruption_importance": 0.2303905765991746,
                "disruption_doctypebranch": -0.031016140346615696,
                "composite_importance": 0.27086254048336783,
                "composite_doctypebranch": -0.04419956960878639
            }
        },
        "doctypebranch": {
            "weight_composite_ranking": {
                "degree_centrality_importance": 0.27086254048336783,
                "degree_centrality_doctypebranch": -0.04419956960878639,
                "in_degree_centrality_importance": 0.2303905765991746,
                "in_degree_centrality_doctypebranch": -0.031016140346615696,
                "out_degree_centrality_importance": 0.1497538747894635,
                "out_degree_centrality_doctypebranch": -0.031016140346615696,
                "betweenness_centrality_importance": NaN,
                "betweenness_centrality_doctypebranch": NaN,
                "closeness_centrality_importance": 0.2303905765991746,
                "closeness_centrality_doctypebranch": -0.031016140346615696,
                "core_number_importance": 0.27086254048336783,
                "core_number_doctypebranch": -0.04419956960878639,
                "relative_in_degree_centrality_importance": 0.2303905765991746,
                "relative_in_degree_centrality_doctypebranch": -0.031016140346615696,
                "eigenvector_centrality_importance": 0.2303905765991746,
                "eigenvector_centrality_doctypebranch": -0.031016140346615696,
                "pagerank_importance": 0.2303905765991746,
                "pagerank_doctypebranch": -0.031016140346615696,
                "hits_hub_importance": 0.1497538747894635,
                "hits_hub_doctypebranch": -0.031016140346615696,
                "hits_authority_importance": 0.19817171894447297,
                "hits_authority_doctypebranch": -0.025571861579228385,
                "harmonic_centrality_importance": 0.2303905765991746,
                "harmonic_centrality_doctypebranch": -0.031016140346615696,
                "disruption_importance": 0.2303905765991746,
                "disruption_doctypebranch": -0.031016140346615696,
                "composite_importance": 0.27086254048336783,
                "composite_doctypebranch": -0.04419956960878639
            }
        }
    },
    "composite_rankings": {
        "importance": {
            "weight_composite_ranking_param": 0.01,
            "weight_composite_ranking": {
                "0": 35.0,
                "1": 35.0,
                "2": 35.0,
                "3": 35.0,
                "4": 35.0,
                "5": 35.0,
                "6": 35.0,
                "7": 35.0,
                "8": 35.0,
                "9": 35.0,
                "10": 35.0,
                "11": 35.0,
                "12": 35.0,
                "13": 35.0,
                "14": 35.0,
                "15": 35.0,
                "16": 35.0,
                "17": 35.0,
                "18": 35.0,
                "19": 35.0,
                "20": 35.0,
                "21": 35.0,
                "22": 35.0,
                "23": 35.0,
                "24": 35.0,
                "25": 35.0,
                "26": 35.0,
                "27": 35.0,
                "28": 35.0,
                "29": 35.0,
                "30": 35.0,
                "31": 35.0,
                "32": 35.0,
                "33": 35.0,
                "34": 35.0,
                "35": 35.0,
                "36": 35.0,
                "37": 35.0,
                "38": 35.0,
                "39": 35.0,
                "40": 35.0,
                "41": 35.0,
                "42": 35.0,
                "43": 35.0,
                "44": 35.0,
                "45": 35.0,
                "46": 35.0,
                "47": 35.0,
                "48": 35.0,
                "49": 35.0,
                "50": 35.0,
                "51": 35.0,
                "52": 35.0,
                "53": 35.0,
                "54": 35.0,
                "55": 35.0,
                "56": 35.0,
                "57": 35.0,
                "58": 1.4999999999999998,
                "59": 35.0,
                "60": 35.0,
                "61": 35.0,
                "62": 35.0,
                "63": 1.4999999999999998,
                "64": 35.0,
                "65": 35.0,
                "66": 35.0
            }
        },
        "doctypebranch": {
            "weight_composite_ranking_param": 0.01,
            "weight_composite_ranking": {
                "0": 35.0,
                "1": 35.0,
                "2": 35.0,
                "3": 35.0,
                "4": 35.0,
                "5": 35.0,
                "6": 35.0,
                "7": 35.0,
                "8": 35.0,
                "9": 35.0,
                "10": 35.0,
                "11": 35.0,
                "12": 35.0,
                "13": 35.0,
                "14": 35.0,
                "15": 35.0,
                "16": 35.0,
                "17": 35.0,
                "18": 35.0,
                "19": 35.0,
                "20": 35.0,
                "21": 35.0,
                "22": 35.0,
                "23": 35.0,
                "24": 35.0,
                "25": 35.0,
                "26": 35.0,
                "27": 35.0,
                "28": 35.0,
                "29": 35.0,
                "30": 35.0,
                "31": 35.0,
                "32": 35.0,
                "33": 35.0,
                "34": 35.0,
                "35": 35.0,
                "36": 35.0,
                "37": 35.0,
                "38": 35.0,
                "39": 35.0,
                "40": 35.0,
                "41": 35.0,
                "42": 35.0,
                "43": 35.0,
                "44": 35.0,
                "45": 35.0,
                "46": 35.0,
                "47": 35.0,
                "48": 35.0,
                "49": 35.0,
                "50": 35.0,
                "51": 35.0,
                "52": 35.0,
                "53": 35.0,
                "54": 35.0,
                "55": 35.0,
                "56": 35.0,
                "57": 35.0,
                "58": 1.4999999999999998,
                "59": 35.0,
                "60": 35.0,