{
    "correlations": {
        "importance": {
            "weight_composite_ranking": {
                "degree_centrality_importance": -0.01901063759451812,
                "degree_centrality_doctypebranch": -0.02094810626480155,
                "in_degree_centrality_importance": 0.049764485634790454,
                "in_degree_centrality_doctypebranch": 0.017764828975847014,
                "out_degree_centrality_importance": -0.10163870353505138,
                "out_degree_centrality_doctypebranch": -0.0600933644103427,
                "betweenness_centrality_importance": NaN,
                "betweenness_centrality_doctypebranch": NaN,
                "closeness_centrality_importance": 0.049764485634790454,
                "closeness_centrality_doctypebranch": 0.017764828975847014,
                "core_number_importance": -0.011044334923423584,
                "core_number_doctypebranch": -0.016687539144058627,
                "relative_in_degree_centrality_importance": 0.049764485634790454,
                "relative_in_degree_centrality_doctypebranch": 0.017764828975847014,
                "eigenvector_centrality_importance": 0.049764485634790454,
                "eigenvector_centrality_doctypebranch": 0.017764828975847014,
                "pagerank_importance": 0.05285318625854263,
                "pagerank_doctypebranch": 0.02275519181712009,
                "hits_hub_importance": -0.10163870353505138,
                "hits_hub_doctypebranch": -0.0600933644103427,
                "hits_authority_importance": -0.07943464503544773,
                "hits_authority_doctypebranch": -0.20356018218163766,
                "harmonic_centrality_importance": 0.049764485634790454,
                "harmonic_centrality_doctypebranch": 0.017764828975847014,
                "disruption_importance": 0.05289034466809517,
                "disruption_doctypebranch": 0.019438820599223576,
                "composite_importance": -0.10163870353505138,
                "composite_doctypebranch": -0.0600933644103427
            }
        },
        "doctypebranch": {
            "weight_composite_ranking": {
                "degree_centrality_importance": -0.01901063759451812,
                "degree_centrality_doctypebranch": -0.02094810626480155,
                "in_degree_centrality_importance": 0.049764485634790454,
                "in_degree_centrality_doctypebranch": 0.017764828975847014,
                "out_degree_centrality_importance": -0.10163870353505138,
                "out_degree_centrality_doctypebranch": -0.0600933644103427,
                "betweenness_centrality_importance": NaN,
                "betweenness_centrality_doctypebranch": NaN,
                "closeness_centrality_importance": 0.049764485634790454,
                "closeness_centrality_doctypebranch": 0.017764828975847014,
                "core_number_importance": -0.011044334923423584,
                "core_number_doctypebranch": -0.016687539144058627,
                "relative_in_degree_centrality_importance": 0.049764485634790454,
                "relative_in_degree_centrality_doctypebranch": 0.017764828975847014,
                "eigenvector_centrality_importance": 0.049764485634790454,
                "eigenvector_centrality_doctypebranch": 0.017764828975847014,
                "pagerank_importance": 0.05285318625854263,
                "pagerank_doctypebranch": 0.02275519181712009,
                "hits_hub_importance": -0.10163870353505138,
                "hits_hub_doctypebranch": -0.0600933644103427,
                "hits_authority_importance": -0.07943464503544773,
                "hits_authority_doctypebranch": -0.20356018218163766,
                "harmonic_centrality_importance": 0.049764485634790454,
                "harmonic_centrality_doctypebranch": 0.017764828975847014,
                "disruption_importance": 0.05289034466809517,
                "disruption_doctypebranch": 0.019438820599223576,
                "composite_importance": -0.10493709342790739,
                "composite_doctypebranch": -0.21209122178481307
            }
        }
    },
    "composite_rankings": {
        "importance": {
            "weight_composite_ranking_param": 0.01,
            "weight_composite_ranking": {
                "0": 36.5,
                "1": 36.5,
                "2": 36.5,
                "3": 36.5,
                "4": 36.5,
                "5": 36.5,
                "6": 36.5,
                "7": 36.5,
                "8": 36.5,
                "9": 36.5,
                "10": 36.5,
                "11": 36.5,
                "12": 36.5,
                "13": 36.5,
                "14": 36.5,
                "15": 36.5,
                "16": 36.5,
                "17": 36.5,
                "18": 36.5,
                "19": 36.5,
                "20": 36.5,
                "21": 36.5,
                "22": 36.5,
                "23": 36.5,
                "24": 36.5,
                "25": 36.5,
                "26": 36.5,
                "27": 36.5,
                "28": 36.5,
                "29": 36.5,
                "30": 36.5,
                "31": 36.5,
                "32": 36.5,
                "33": 36.5,
                "34": 36.5,
                "35": 36.5,
                "36": 36.5,
                "37": 36.5,
                "38": 36.5,
                "39": 36.5,
                "40": 36.5,
                "41": 36.5,
                "42": 36.5,
                "43": 36.5,
                "44": 36.5,
                "45": 36.5,
                "46": 36.5,
                "47": 36.5,
                "48": 36.5,
                "49": 36.5,
                "50": 36.5,
                "51": 36.5,
                "52": 36.5,
                "53": 36.5,
                "54": 36.5,
                "55": 36.5,
                "56": 36.5,
                "57": 36.5,
                "58": 36.5,
                "59": 36.5,
                "60": 36.5,
                "61": 2.0,
                "62": 36.5,
                "63": 36.5,
                "64": 36.5,
                "65": 36.5,
                "66": 36.5,
                "67": 36.5,
                "68": 36.5,
                "69": 1.0
            }
        },
        "doctypebranch": {
            "weight_composite_ranking_param": 0.01,
            "weight_composite_ranking": {
                "0": 36.504999999999995,
                "1": 36.504999999999995,
                "2": 36.504999999999995,
                "3": 36.345,
                "4": 36.504999999999995,
                "5": 36.394999999999996,
                "6": 36.504999999999995,
                "7": 36.345,
                "8": 36.644999999999996,
                "9": 36.239999999999995,
                "10": 36.684999999999995,
                "11": 36.504999999999995,
                "12": 36.504999999999995,
                "13": 36.504999999999995,
                "14": 36.644999999999996,
                "15": 36.239999999999995,
                "16": 36.184999999999995,
                "17": 36.794999999999995,
                "18": 36.504999999999995,
                "19": 36.32,
                "20": 36.684999999999995,
                "21": 36.794999999999995,
                "22": 36.504999999999995,
                "23": 36.794999999999995,
                "24": 36.504999999999995,
                "25": 36.37,
                "26": 36.735,
                "27": 36.239999999999995,
                "28": 36.239999999999995,
                "29": 36.684999999999995,
                "30": 36.504999999999995,
                "31": 36.294999999999995,
                "32": 36.504999999999995,
                "33": 36.37,
                "34": 36.294999999999995,
                "35": 36.32,
                "36": 36.504999999999995,
                "37": 36.684999999999995,
                "38": 36.504999999999995,
                "39": 36.16,
                "40": 36.735,
                "41": 36.684999999999995,