{
    "correlations": {
        "importance": {
            "weight_composite_ranking": {
                "degree_centrality_importance": 0.09761441159229602,
                "degree_centrality_doctypebranch": 0.019519604413808622,
                "in_degree_centrality_importance": 0.16628477445380396,
                "in_degree_centrality_doctypebranch": 0.10272606343071805,
                "out_degree_centrality_importance": -0.08454974993364739,
                "out_degree_centrality_doctypebranch": -0.12661227888061777,
                "betweenness_centrality_importance": NaN,
                "betweenness_centrality_doctypebranch": NaN,
                "closeness_centrality_importance": 0.16628477445380396,
                "closeness_centrality_doctypebranch": 0.10272606343071805,
                "core_number_importance": 0.10260336134821967,
                "core_number_doctypebranch": 0.02465515493667035,
                "relative_in_degree_centrality_importance": 0.16628477445380396,
                "relative_in_degree_centrality_doctypebranch": 0.10272606343071805,
                "eigenvector_centrality_importance": 0.16628477445380396,
                "eigenvector_centrality_doctypebranch": 0.10272606343071805,
                "pagerank_importance": 0.16038209169377105,
                "pagerank_doctypebranch": 0.09651707368201189,
                "hits_hub_importance": -0.08346669238877753,
                "hits_hub_doctypebranch": -0.1254829067198329,
                "hits_authority_importance": 0.13440676835978926,
                "hits_authority_doctypebranch": 0.11177776703146675,
                "harmonic_centrality_importance": 0.16628477445380396,
                "harmonic_centrality_doctypebranch": 0.10272606343071805,
                "disruption_importance": 0.16628477445380396,
                "disruption_doctypebranch": 0.10272606343071805,
                "composite_importance": 0.16628477445380396,
                "composite_doctypebranch": 0.10272606343071805
            }
        },
        "doctypebranch": {
            "weight_composite_ranking": {
                "degree_centrality_importance": 0.09761441159229602,
                "degree_centrality_doctypebranch": 0.019519604413808622,
                "in_degree_centrality_importance": 0.16628477445380396,
                "in_degree_centrality_doctypebranch": 0.10272606343071805,
                "out_degree_centrality_importance": -0.08454974993364739,
                "out_degree_centrality_doctypebranch": -0.12661227888061777,
                "betweenness_centrality_importance": NaN,
                "betweenness_centrality_doctypebranch": NaN,
                "closeness_centrality_importance": 0.16628477445380396,
                "closeness_centrality_doctypebranch": 0.10272606343071805,
                "core_number_importance": 0.10260336134821967,
                "core_number_doctypebranch": 0.02465515493667035,
                "relative_in_degree_centrality_importance": 0.16628477445380396,
                "relative_in_degree_centrality_doctypebranch": 0.10272606343071805,
                "eigenvector_centrality_importance": 0.16628477445380396,
                "eigenvector_centrality_doctypebranch": 0.10272606343071805,
                "pagerank_importance": 0.16038209169377105,
                "pagerank_doctypebranch": 0.09651707368201189,
                "hits_hub_importance": -0.08346669238877753,
                "hits_hub_doctypebranch": -0.1254829067198329,
                "hits_authority_importance": 0.13440676835978926,
                "hits_authority_doctypebranch": 0.11177776703146675,
                "harmonic_centrality_importance": 0.16628477445380396,
                "harmonic_centrality_doctypebranch": 0.10272606343071805,
                "disruption_importance": 0.16628477445380396,
                "disruption_doctypebranch": 0.10272606343071805,
                "composite_importance": -0.08346669238877753,
                "composite_doctypebranch": -0.1254829067198329
            }
        }
    },
    "composite_rankings": {
        "importance": {
            "weight_composite_ranking_param": 0.01,
            "weight_composite_ranking": {
                "0": 57.0,
                "1": 57.0,
                "2": 57.0,
                "3": 57.0,
                "4": 57.0,
                "5": 57.0,
                "6": 57.0,
                "7": 57.0,
                "8": 57.0,
                "9": 57.0,
                "10": 57.0,
                "11": 57.0,
                "12": 57.0,
                "13": 57.0,
                "14": 57.0,
                "15": 57.0,
                "16": 57.0,
                "17": 57.0,
                "18": 57.0,
                "19": 57.0,
                "20": 57.0,
                "21": 57.0,
                "22": 57.0,
                "23": 5.0,
                "24": 57.0,
                "25": 57.0,
                "26": 57.0,
                "27": 57.0,
                "28": 57.0,
                "29": 57.0,
                "30": 57.0,
                "31": 57.0,
                "32": 57.0,
                "33": 57.0,
                "34": 57.0,
                "35": 57.0,
                "36": 57.0,
                "37": 57.0,
                "38": 57.0,
                "39": 57.0,
                "40": 57.0,
                "41": 57.0,
                "42": 5.0,
                "43": 57.0,
                "44": 57.0,
                "45": 57.0,
                "46": 57.0,
                "47": 57.0,
                "48": 57.0,
                "49": 57.0,
                "50": 5.0,
                "51": 57.0,
                "52": 57.0,
                "53": 57.0,
                "54": 5.0,
                "55": 57.0,
                "56": 57.0,
                "57": 57.0,
                "58": 5.0,
                "59": 57.0,
                "60": 57.0,
                "61": 57.0,
                "62": 57.0,
                "63": 57.0,
                "64": 57.0,
                "65": 57.0,
                "66": 57.0,
                "67": 57.0,
                "68": 57.0,
                "69": 57.0,
                "70": 57.0,
                "71": 57.0,
                "72": 57.0,
                "73": 5.0,
                "74": 57.0,
                "75": 57.0,
                "76": 57.0,
                "77": 57.0,
                "78": 57.0,
                "79": 57.0,
                "80": 57.0,
                "81": 57.0,
                "82": 5.0,
                "83": 57.0,
                "84": 57.0,
                "85": 57.0,
                "86": 57.0,
                "87": 57.0,
                "88": 57.0,
                "89": 57.0,
                "90": 57.0,
                "91": 57.0,
                "92": 57.0,
                "93": 57.0,
                "94": 57.0,
                "95": 57.0,
                "96": 57.0,
                "97": 57.0,
                "98": 5.0,
                "99": 57.0,
                "100": 5.0,
                "101": 57.0,
                "102": 57.0,
                "103": 57.0
            }
        },
        "doctypebranch": {
            "weight_composite_ranking_param": 0.01,
            "weight_composite_ranking": {
                "0": 54.0,
                "1": 54.0,
                "2": 54.0,
                "3": 54.0,
                "4": 54.0,
                "5": 54.0,
                "6": 54.0,
                "7": 54.0,
                "8": 2.9949999999999997,
                "9": 54.0,
                "10": 54.0,
                "11": 54.0,
                "12": 54.0,
                "13": 54.0,
                "14": 54.0,
                "15": 54.0,
                "16": 54.0,
                "17": 1.0,
                "18": 54.0,
                "19": 54.0,
                "20": 54.0,
                "21": 54.0,
                "22": 54.0,
                "23": 54.0,
                "24": 54.0,
                "25": 54.0,