{
    "correlations": {
        "importance": {
            "weight_composite_ranking": {
                "degree_centrality_importance": 0.06255821949938616,
                "degree_centrality_doctypebranch": 0.2278899896062684,
                "in_degree_centrality_importance": 0.327689336443365,
                "in_degree_centrality_doctypebranch": 0.38471228954525816,
                "out_degree_centrality_importance": -0.29116042615788607,
                "out_degree_centrality_doctypebranch": -0.13273883047446283,
                "betweenness_centrality_importance": NaN,
                "betweenness_centrality_doctypebranch": NaN,
                "closeness_centrality_importance": 0.327689336443365,
                "closeness_centrality_doctypebranch": 0.38471228954525816,
                "core_number_importance": 0.0887928303836238,
                "core_number_doctypebranch": 0.22500494871522583,
                "relative_in_degree_centrality_importance": 0.327689336443365,
                "relative_in_degree_centrality_doctypebranch": 0.38471228954525816,
                "eigenvector_centrality_importance": 0.327689336443365,
                "eigenvector_centrality_doctypebranch": 0.38471228954525816,
                "pagerank_importance": 0.3281418025537538,
                "pagerank_doctypebranch": 0.3703673690656756,
                "hits_hub_importance": -0.2669842090239197,
                "hits_hub_doctypebranch": -0.09954644565337913,
                "hits_authority_importance": 0.3179428390530338,
                "hits_authority_doctypebranch": 0.2891864134698458,
                "harmonic_centrality_importance": 0.327689336443365,
                "harmonic_centrality_doctypebranch": 0.38471228954525816,
                "disruption_importance": 0.32479725202847104,
                "disruption_doctypebranch": 0.36540084388185656,
                "composite_importance": 0.3281388848948518,
                "composite_doctypebranch": 0.3720437316332299
            }
        },
        "doctypebranch": {
            "weight_composite_ranking": {
                "degree_centrality_importance": 0.06255821949938616,
                "degree_centrality_doctypebranch": 0.2278899896062684,
                "in_degree_centrality_importance": 0.327689336443365,
                "in_degree_centrality_doctypebranch": 0.38471228954525816,
                "out_degree_centrality_importance": -0.29116042615788607,
                "out_degree_centrality_doctypebranch": -0.13273883047446283,
                "betweenness_centrality_importance": NaN,
                "betweenness_centrality_doctypebranch": NaN,
                "closeness_centrality_importance": 0.327689336443365,
                "closeness_centrality_doctypebranch": 0.38471228954525816,
                "core_number_importance": 0.0887928303836238,
                "core_number_doctypebranch": 0.22500494871522583,
                "relative_in_degree_centrality_importance": 0.327689336443365,
                "relative_in_degree_centrality_doctypebranch": 0.38471228954525816,
                "eigenvector_centrality_importance": 0.327689336443365,
                "eigenvector_centrality_doctypebranch": 0.38471228954525816,
                "pagerank_importance": 0.3281418025537538,
                "pagerank_doctypebranch": 0.3703673690656756,
                "hits_hub_importance": -0.2669842090239197,
                "hits_hub_doctypebranch": -0.09954644565337913,
                "hits_authority_importance": 0.3179428390530338,
                "hits_authority_doctypebranch": 0.2891864134698458,
                "harmonic_centrality_importance": 0.327689336443365,
                "harmonic_centrality_doctypebranch": 0.38471228954525816,
                "disruption_importance": 0.32479725202847104,
                "disruption_doctypebranch": 0.36540084388185656,
                "composite_importance": 0.327689336443365,
                "composite_doctypebranch": 0.38471228954525816
            }
        }
    },
    "composite_rankings": {
        "importance": {
            "weight_composite_ranking_param": 0.01,
            "weight_composite_ranking": {
                "0": 55.0,
                "1": 55.0,
                "2": 55.0,
                "3": 55.0,
                "4": 55.0,
                "5": 55.0,
                "6": 55.0,
                "7": 55.0,
                "8": 55.0,
                "9": 55.0,
                "10": 55.0,
                "11": 55.0,
                "12": 55.0,
                "13": 55.0,
                "14": 55.0,
                "15": 55.0,
                "16": 55.0,
                "17": 55.0,
                "18": 55.0,
                "19": 55.0,
                "20": 55.0,
                "21": 55.0,
                "22": 55.0,
                "23": 55.0,
                "24": 55.0,
                "25": 55.0,
                "26": 55.0,
                "27": 55.0,
                "28": 55.0,
                "29": 55.0,
                "30": 55.0,
                "31": 55.0,
                "32": 9.5,
                "33": 55.0,
                "34": 9.475,
                "35": 55.0,
                "36": 55.0,
                "37": 55.0,
                "38": 55.0,
                "39": 55.0,
                "40": 55.0,
                "41": 55.0,
                "42": 55.0,
                "43": 55.0,
                "44": 55.0,
                "45": 55.0,
                "46": 55.0,
                "47": 55.0,
                "48": 9.54,
                "49": 55.0,
                "50": 55.0,
                "51": 55.0,
                "52": 55.0,
                "53": 55.0,
                "54": 1.005,
                "55": 55.0,
                "56": 55.0,
                "57": 55.0,
                "58": 55.0,
                "59": 9.5,
                "60": 55.0,
                "61": 55.0,
                "62": 55.0,
                "63": 9.5,
                "64": 55.0,
                "65": 55.0,
                "66": 55.0,
                "67": 55.0,
                "68": 55.0,
                "69": 9.54,
                "70": 9.5,
                "71": 9.465,
                "72": 55.0,
                "73": 55.0,
                "74": 2.525,
                "75": 55.0,
                "76": 9.54,
                "77": 55.0,
                "78": 55.0,
                "79": 55.0,
                "80": 55.0,
                "81": 9.44,
                "82": 55.0,
                "83": 55.0,
                "84": 9.44,
                "85": 9.54,
                "86": 55.0,
                "87": 55.0,
                "88": 55.0,
                "89": 2.49,
                "90": 55.0,
                "91": 55.0,
                "92": 55.0,
                "93": 55.0
            }
        },
        "doctypebranch": {
            "weight_composite_ranking_param": 0.01,
            "weight_composite_ranking": {
                "0": 55.0,
                "1": 55.0,
                "2": 55.0,
                "3": 55.0,
                "4": 55.0,
                "5": 55.0,
                "6": 55.0,
                "7": 55.0,
                "8": 55.0,
                "9": 55.0,
                "10": 55.0,
                "11": 55.0,
                "12": 55.0,
                "13": 55.0,
                "14": 55.0,
                "15": 55.0,
                "16": 55.0,
                "17": 55.0,
                "18": 55.0,
                "19": 55.0,
                "20": 55.0,
                "21": 55.0,
                "22": 55.0,
                "23": 55.0,
                "24": 55.0,
                "25": 55.0,
                "26": 55.0,
                "27": 55.0,
                "28": 55.0,
                "29": 55.0,
                "30": 55.0,
                "31": 55.0,
                "32": 9.5,
                "33": 55.0,
                "34": 9.5,
                "35": 55.0,
                "36": 55.0,
                "37": 55.0,