{
    "correlations": {
        "importance": {
            "weight_composite_ranking": {
                "degree_centrality_importance": 0.3145969785931377,
                "degree_centrality_doctypebranch": 0.22675800945581842,
                "in_degree_centrality_importance": 0.41245726731619975,
                "in_degree_centrality_doctypebranch": 0.2645453864825146,
                "out_degree_centrality_importance": 0.010916229836004298,
                "out_degree_centrality_doctypebranch": 0.12243871519282286,
                "betweenness_centrality_importance": 0.16164774144227403,
                "betweenness_centrality_doctypebranch": 0.3245024502456643,
                "closeness_centrality_importance": 0.4123717370952866,
                "closeness_centrality_doctypebranch": 0.264490528374438,
                "core_number_importance": 0.29272933150753083,
                "core_number_doctypebranch": 0.20734260554056763,
                "relative_in_degree_centrality_importance": 0.41245726731619975,
                "relative_in_degree_centrality_doctypebranch": 0.2645453864825146,
                "eigenvector_centrality_importance": 0.4149597950105306,
                "eigenvector_centrality_doctypebranch": 0.27179241412710653,
                "pagerank_importance": 0.4062330335357712,
                "pagerank_doctypebranch": 0.26602460400464933,
                "hits_hub_importance": -0.003673724957500575,
                "hits_hub_doctypebranch": 0.1045133589674691,
                "hits_authority_importance": 0.3943635489433552,
                "hits_authority_doctypebranch": 0.3188934763284917,
                "harmonic_centrality_importance": 0.41367801973023854,
                "harmonic_centrality_doctypebranch": 0.26632388867022233,
                "disruption_importance": 0.4303927422441187,
                "disruption_doctypebranch": 0.2524609109088088,
                "composite_importance": 0.44747197407802236,
                "composite_doctypebranch": 0.25867340236461345
            }
        },
        "doctypebranch": {
            "weight_composite_ranking": {
                "degree_centrality_importance": 0.3145969785931377,
                "degree_centrality_doctypebranch": 0.22675800945581842,
                "in_degree_centrality_importance": 0.41245726731619975,
                "in_degree_centrality_doctypebranch": 0.2645453864825146,
                "out_degree_centrality_importance": 0.010916229836004298,
                "out_degree_centrality_doctypebranch": 0.12243871519282286,
                "betweenness_centrality_importance": 0.16164774144227403,
                "betweenness_centrality_doctypebranch": 0.3245024502456643,
                "closeness_centrality_importance": 0.4123717370952866,
                "closeness_centrality_doctypebranch": 0.264490528374438,
                "core_number_importance": 0.29272933150753083,
                "core_number_doctypebranch": 0.20734260554056763,
                "relative_in_degree_centrality_importance": 0.41245726731619975,
                "relative_in_degree_centrality_doctypebranch": 0.2645453864825146,
                "eigenvector_centrality_importance": 0.4149597950105306,
                "eigenvector_centrality_doctypebranch": 0.27179241412710653,
                "pagerank_importance": 0.4062330335357712,
                "pagerank_doctypebranch": 0.26602460400464933,
                "hits_hub_importance": -0.003673724957500575,
                "hits_hub_doctypebranch": 0.1045133589674691,
                "hits_authority_importance": 0.3943635489433552,
                "hits_authority_doctypebranch": 0.3188934763284917,
                "harmonic_centrality_importance": 0.41367801973023854,
                "harmonic_centrality_doctypebranch": 0.26632388867022233,
                "disruption_importance": 0.4303927422441187,
                "disruption_doctypebranch": 0.2524609109088088,
                "composite_importance": 0.3923748758744479,
                "composite_doctypebranch": 0.33015987466059055
            }
        }
    },
    "composite_rankings": {
        "importance": {
            "weight_composite_ranking_param": 0.59,
            "weight_composite_ranking": {
                "0": 34.32,
                "1": 34.32,
                "2": 7.960000000000001,
                "3": 34.32,
                "4": 34.32,
                "5": 34.32,
                "6": 34.32,
                "7": 34.32,
                "8": 34.32,
                "9": 34.32,
                "10": 34.49999999999999,
                "11": 34.32,
                "12": 34.32,
                "13": 34.32,
                "14": 37.755,
                "15": 34.32,
                "16": 34.32,
                "17": 34.32,
                "18": 34.32,
                "19": 34.32,
                "20": 34.32,
                "21": 34.32,
                "22": 34.32,
                "23": 34.32,
                "24": 34.32,
                "25": 34.32,
                "26": 34.32,
                "27": 34.32,
                "28": 34.32,
                "29": 34.32,
                "30": 34.32,
                "31": 7.960000000000001,
                "32": 34.32,
                "33": 7.960000000000001,
                "34": 34.32,
                "35": 34.32,
                "36": 34.32,
                "37": 34.32,
                "38": 7.960000000000001,
                "39": 34.32,
                "40": 7.960000000000001,
                "41": 34.32,
                "42": 34.32,
                "43": 34.32,
                "44": 9.655,
                "45": 34.32,
                "46": 8.014999999999999,
                "47": 3.655,
                "48": 6.115,
                "49": 4.885,
                "50": 34.32,
                "51": 34.32,
                "52": 6.115,
                "53": 34.32,
                "54": 4.0649999999999995,
                "55": 34.32
            }
        },
        "doctypebranch": {
            "weight_composite_ranking_param": 0.5,
            "weight_composite_ranking": {
                "0": 33.0,
                "1": 38.25,
                "2": 21.25,
                "3": 24.5,
                "4": 38.25,
                "5": 41.0,
                "6": 41.0,
                "7": 24.5,
                "8": 26.75,
                "9": 41.0,
                "10": 1.5,
                "11": 33.0,
                "12": 33.0,
                "13": 33.0,
                "14": 20.5,
                "15": 33.0,
                "16": 33.0,
                "17": 33.0,
                "18": 26.75,
                "19": 42.5,
                "20": 24.5,
                "21": 39.5,
                "22": 33.0,
                "23": 28.25,
                "24": 24.5,
                "25": 43.0,
                "26": 33.0,
                "27": 41.0,
                "28": 24.5,
                "29": 33.0,
                "30": 33.0,
                "31": 21.25,
                "32": 26.0,
                "33": 19.0,
                "34": 33.0,
                "35": 27.5,
                "36": 38.25,
                "37": 33.0,
                "38": 19.5,
                "39": 33.0,
                "40": 20.0,
                "41": 33.0,
                "42": 22.5,
                "43": 33.0,
                "44": 4.0,
                "45": 33.0,
                "46": 4.0,
                "47": 22.0,
                "48": 16.5,
                "49": 15.5,
                "50": 41.0,
                "51": 28.25,
                "52": 18.5,
                "53": 23.0,
                "54": 17.0,
                "55": 38.25
            }
        }
    },
    "best_centralities": {
        "importance": {
            "high": "disruption",
            "low": "eigenvector_centrality"
        },
        "doctypebranch": {
            "high": "betweenness_centrality",
            "low": "hits_authority"
        }
    },